user_id,date,daily_expense,daily_income,daily_savings,daily_investment,recurring_amount,day_of_week,day_of_month,month,is_weekend,days_remaining_in_month,rolling_7d_expense_avg,rolling_30d_expense_avg,rolling_7d_income_avg,cat_bought_for_myself,cat_clothes,cat_fines,cat_food,cat_gifts,cat_healthcare,cat_leisure,cat_loan_given,cat_other,cat_salary,cat_taxi,cat_transport,cat_university,cum_month_expense,cum_month_income,budget_usage_ratio,cat_entertainment,cat_health_&_fitness,cat_rent,cat_shopping,cat_travel,cat_utilities
real_belarus_user,2025-01-03,0.0,34.0,0.0,0.0,0.0,4,3,1,0,28,0.0,0.0,34.0,0.0,0.0,0.0,0.0,0.0,0.0,0.0,0.0,0.0,0.0,0.0,0.0,0.0,0.0,34.0,0.0,0.0,0.0,0.0,0.0,0.0,0.0
real_belarus_user,2025-01-04,0.0,128.0,0.0,0.0,0.0,5,4,1,1,27,0.0,0.0,81.0,0.0,0.0,0.0,0.0,0.0,0.0,0.0,0.0,0.0,0.0,0.0,0.0,0.0,0.0,162.0,0.0,0.0,0.0,0.0,0.0,0.0,0.0
real_belarus_user,2025-01-05,0.0,78.0,0.0,0.0,0.0,6,5,1,1,26,0.0,0.0,80.0,0.0,0.0,0.0,0.0,0.0,0.0,0.0,0.0,0.0,0.0,0.0,0.0,0.0,0.0,240.0,0.0,0.0,0.0,0.0,0.0,0.0,0.0
real_belarus_user,2025-01-06,0.0,0.0,0.0,0.0,0.0,0,6,1,0,25,0.0,0.0,60.0,0.0,0.0,0.0,0.0,0.0,0.0,0.0,0.0,0.0,0.0,0.0,0.0,0.0,0.0,240.0,0.0,0.0,0.0,0.0,0.0,0.0,0.0
real_belarus_user,2025-01-07,5.0,7.0,0.0,0.0,0.0,1,7,1,0,24,1.0,1.0,49.4,0.0,0.0,0.0,5.0,0.0,0.0,0.0,0.0,0.0,0.0,0.0,0.0,0.0,5.0,247.0,0.020242914979757085,0.0,0.0,0.0,0.0,0.0,0.0
real_belarus_user,2025-01-08,15.0,0.0,0.0,0.0,0.0,2,8,1,0,23,3.3333333333333335,3.3333333333333335,41.166666666666664,0.0,0.0,0.0,0.0,0.0,0.0,0.0,0.0,0.0,0.0,15.0,0.0,0.0,20.0,247.0,0.08097165991902834,0.0,0.0,0.0,0.0,0.0,0.0
real_belarus_user,2025-01-09,14.0,229.0,0.0,0.0,0.0,3,9,1,0,22,4.857142857142857,4.857142857142857,68.0,0.0,0.0,0.0,0.0,0.0,0.0,0.0,0.0,0.0,0.0,14.0,0.0,0.0,34.0,476.0,0.07142857142857142,0.0,0.0,0.0,0.0,0.0,0.0
real_belarus_user,2025-01-10,2.0,142.0,0.0,0.0,0.0,4,10,1,0,21,5.142857142857143,4.5,83.42857142857143,0.0,0.0,0.0,0.0,0.0,0.0,0.0,0.0,0.0,0.0,0.0,2.0,0.0,36.0,618.0,0.05825242718446602,0.0,0.0,0.0,0.0,0.0,0.0
real_belarus_user,2025-01-11,6.0,72.0,0.0,0.0,0.0,5,11,1,1,20,6.0,4.666666666666667,75.42857142857143,0.0,0.0,0.0,6.0,0.0,0.0,0.0,0.0,0.0,0.0,0.0,0.0,0.0,42.0,690.0,0.06086956521739131,0.0,0.0,0.0,0.0,0.0,0.0
real_belarus_user,2025-01-12,70.0,0.0,0.0,0.0,0.0,6,12,1,1,19,16.0,11.2,64.28571428571429,0.0,0.0,0.0,0.0,0.0,0.0,0.0,0.0,70.0,0.0,0.0,0.0,0.0,112.0,690.0,0.16231884057971013,0.0,0.0,0.0,0.0,0.0,0.0
real_belarus_user,2025-01-13,16.0,34.0,0.0,0.0,0.0,0,13,1,0,18,18.285714285714285,11.636363636363637,69.14285714285714,0.0,0.0,0.0,14.0,0.0,0.0,0.0,0.0,0.0,0.0,0.0,2.0,0.0,128.0,724.0,0.17679558011049723,0.0,0.0,0.0,0.0,0.0,0.0
real_belarus_user,2025-01-14,1.0,0.0,0.0,0.0,0.0,1,14,1,0,17,17.714285714285715,10.75,68.14285714285714,0.0,0.0,0.0,0.0,0.0,0.0,0.0,0.0,0.0,0.0,0.0,1.0,0.0,129.0,724.0,0.1781767955801105,0.0,0.0,0.0,0.0,0.0,0.0
real_belarus_user,2025-01-15,7.0,139.0,0.0,0.0,0.0,2,15,1,0,16,16.571428571428573,10.461538461538462,88.0,0.0,0.0,0.0,2.0,0.0,0.0,0.0,0.0,0.0,0.0,0.0,5.0,0.0,136.0,863.0,0.15758980301274622,0.0,0.0,0.0,0.0,0.0,0.0
real_belarus_user,2025-01-16,11.0,32.0,0.0,0.0,0.0,3,16,1,0,15,16.142857142857142,10.5,59.857142857142854,0.0,0.0,0.0,0.0,0.0,0.0,0.0,0.0,0.0,0.0,10.0,1.0,0.0,147.0,895.0,0.16424581005586592,0.0,0.0,0.0,0.0,0.0,0.0
real_belarus_user,2025-01-17,10.0,51.0,0.0,0.0,0.0,4,17,1,0,14,17.285714285714285,10.466666666666667,46.857142857142854,0.0,0.0,0.0,0.0,0.0,0.0,0.0,0.0,0.0,0.0,9.0,1.0,0.0,157.0,946.0,0.16596194503171247,0.0,0.0,0.0,0.0,0.0,0.0
real_belarus_user,2025-01-18,253.0,30.0,0.0,0.0,0.0,5,18,1,1,13,52.57142857142857,25.625,40.857142857142854,0.0,0.0,0.0,14.0,178.0,0.0,0.0,0.0,61.0,0.0,0.0,0.0,0.0,410.0,976.0,0.42008196721311475,0.0,0.0,0.0,0.0,0.0,0.0
real_belarus_user,2025-01-19,0.0,0.0,0.0,0.0,0.0,6,19,1,1,12,42.57142857142857,24.11764705882353,40.857142857142854,0.0,0.0,0.0,0.0,0.0,0.0,0.0,0.0,0.0,0.0,0.0,0.0,0.0,410.0,976.0,0.42008196721311475,0.0,0.0,0.0,0.0,0.0,0.0
real_belarus_user,2025-01-20,5.0,75.0,0.0,0.0,0.0,0,20,1,0,11,41.0,23.055555555555557,46.714285714285715,0.0,0.0,0.0,0.0,0.0,0.0,0.0,0.0,0.0,0.0,0.0,5.0,0.0,415.0,1051.0,0.3948620361560419,0.0,0.0,0.0,0.0,0.0,0.0
real_belarus_user,2025-01-21,27.0,15.0,0.0,0.0,0.0,1,21,1,0,10,44.714285714285715,23.263157894736842,48.857142857142854,0.0,0.0,21.0,0.0,0.0,0.0,0.0,0.0,0.0,0.0,6.0,0.0,0.0,442.0,1066.0,0.4146341463414634,0.0,0.0,0.0,0.0,0.0,0.0
real_belarus_user,2025-01-22,72.0,0.0,0.0,0.0,0.0,2,22,1,0,9,54.0,25.7,29.0,0.0,0.0,0.0,71.0,0.0,0.0,0.0,0.0,0.0,0.0,0.0,1.0,0.0,514.0,1066.0,0.4821763602251407,0.0,0.0,0.0,0.0,0.0,0.0
real_belarus_user,2025-01-23,265.0,44.0,0.0,0.0,0.0,3,23,1,0,8,90.28571428571429,37.095238095238095,30.714285714285715,0.0,0.0,0.0,0.0,0.0,0.0,0.0,0.0,265.0,0.0,0.0,0.0,0.0,779.0,1110.0,0.7018018018018019,0.0,0.0,0.0,0.0,0.0,0.0
real_belarus_user,2025-01-24,14.0,169.0,0.0,0.0,0.0,4,24,1,0,7,90.85714285714286,36.04545454545455,47.57142857142857,0.0,0.0,0.0,12.0,0.0,0.0,0.0,0.0,0.0,0.0,0.0,2.0,0.0,793.0,1279.0,0.6200156372165755,0.0,0.0,0.0,0.0,0.0,0.0
real_belarus_user,2025-01-25,2.0,172.0,0.0,0.0,0.0,5,25,1,1,6,55.0,34.56521739130435,67.85714285714286,0.0,0.0,0.0,0.0,0.0,0.0,0.0,0.0,0.0,0.0,0.0,2.0,0.0,795.0,1451.0,0.5478980013783598,0.0,0.0,0.0,0.0,0.0,0.0
real_belarus_user,2025-01-26,0.0,0.0,0.0,0.0,0.0,6,26,1,1,5,55.0,33.125,67.85714285714286,0.0,0.0,0.0,0.0,0.0,0.0,0.0,0.0,0.0,0.0,0.0,0.0,0.0,795.0,1451.0,0.5478980013783598,0.0,0.0,0.0,0.0,0.0,0.0
real_belarus_user,2025-01-27,47.0,74.0,0.0,0.0,0.0,0,27,1,0,4,61.0,33.68,67.71428571428571,0.0,0.0,0.0,31.0,0.0,0.0,0.0,0.0,0.0,0.0,16.0,0.0,0.0,842.0,1525.0,0.5521311475409836,0.0,0.0,0.0,0.0,0.0,0.0
real_belarus_user,2025-01-28,6.0,31.0,0.0,0.0,0.0,1,28,1,0,3,58.0,32.61538461538461,70.0,0.0,0.0,0.0,0.0,0.0,0.0,0.0,0.0,0.0,0.0,0.0,6.0,0.0,848.0,1556.0,0.5449871465295629,0.0,0.0,0.0,0.0,0.0,0.0
real_belarus_user,2025-01-29,0.0,0.0,0.0,0.0,0.0,2,29,1,0,2,47.714285714285715,31.40740740740741,70.0,0.0,0.0,0.0,0.0,0.0,0.0,0.0,0.0,0.0,0.0,0.0,0.0,0.0,848.0,1556.0,0.5449871465295629,0.0,0.0,0.0,0.0,0.0,0.0
real_belarus_user,2025-01-30,88.0,280.0,0.0,0.0,0.0,3,30,1,0,1,22.428571428571427,33.42857142857143,103.71428571428571,0.0,0.0,0.0,0.0,0.0,23.0,0.0,0.0,60.0,0.0,0.0,5.0,0.0,936.0,1836.0,0.5098039215686274,0.0,0.0,0.0,0.0,0.0,0.0
real_belarus_user,2025-01-31,43.0,28.0,0.0,0.0,0.0,4,31,1,0,0,26.571428571428573,33.758620689655174,83.57142857142857,0.0,0.0,0.0,1.0,0.0,0.0,0.0,0.0,42.0,0.0,0.0,0.0,0.0,979.0,1864.0,0.5252145922746781,0.0,0.0,0.0,0.0,0.0,0.0
real_belarus_user,2025-02-01,0.0,56.0,0.0,0.0,0.0,5,1,2,1,27,26.285714285714285,32.63333333333333,67.0,0.0,0.0,0.0,0.0,0.0,0.0,0.0,0.0,0.0,0.0,0.0,0.0,0.0,0.0,56.0,0.0,0.0,0.0,0.0,0.0,0.0,0.0
real_belarus_user,2025-02-02,5.0,35.0,0.0,0.0,0.0,6,2,2,1,26,27.0,32.8,72.0,0.0,0.0,0.0,5.0,0.0,0.0,0.0,0.0,0.0,0.0,0.0,0.0,0.0,5.0,91.0,0.054945054945054944,0.0,0.0,0.0,0.0,0.0,0.0
real_belarus_user,2025-02-03,26.0,43.0,0.0,0.0,0.0,0,3,2,0,25,24.0,33.666666666666664,67.57142857142857,0.0,0.0,0.0,0.0,0.0,0.0,26.0,0.0,0.0,0.0,0.0,0.0,0.0,31.0,134.0,0.23134328358208955,0.0,0.0,0.0,0.0,0.0,0.0
real_belarus_user,2025-02-04,99.0,68.0,0.0,0.0,0.0,1,4,2,0,24,37.285714285714285,36.96666666666667,72.85714285714286,0.0,0.0,0.0,34.0,0.0,48.0,0.0,0.0,0.0,0.0,15.0,2.0,0.0,130.0,202.0,0.6435643564356436,0.0,0.0,0.0,0.0,0.0,0.0
real_belarus_user,2025-02-05,96.0,101.0,0.0,0.0,0.0,2,5,2,0,23,51.0,40.166666666666664,87.28571428571429,0.0,0.0,0.0,0.0,0.0,0.0,0.0,0.0,96.0,0.0,0.0,0.0,0.0,226.0,303.0,0.7458745874587459,0.0,0.0,0.0,0.0,0.0,0.0
real_belarus_user,2025-02-06,21.0,142.0,0.0,0.0,0.0,3,6,2,0,22,41.42857142857143,40.7,67.57142857142857,0.0,0.0,0.0,21.0,0.0,0.0,0.0,0.0,0.0,0.0,0.0,0.0,0.0,247.0,445.0,0.5550561797752809,0.0,0.0,0.0,0.0,0.0,0.0
real_belarus_user,2025-02-07,19.0,58.0,0.0,0.0,0.0,4,7,2,0,21,38.0,40.833333333333336,71.85714285714286,0.0,0.0,0.0,0.0,0.0,0.0,0.0,0.0,16.0,0.0,0.0,3.0,0.0,266.0,503.0,0.5288270377733598,0.0,0.0,0.0,0.0,0.0,0.0
real_belarus_user,2025-02-08,0.0,0.0,0.0,0.0,0.0,5,8,2,1,20,38.0,40.36666666666667,63.857142857142854,0.0,0.0,0.0,0.0,0.0,0.0,0.0,0.0,0.0,0.0,0.0,0.0,0.0,266.0,503.0,0.5288270377733598,0.0,0.0,0.0,0.0,0.0,0.0
real_belarus_user,2025-02-09,0.0,0.0,0.0,0.0,0.0,6,9,2,1,19,37.285714285714285,40.3,58.857142857142854,0.0,0.0,0.0,0.0,0.0,0.0,0.0,0.0,0.0,0.0,0.0,0.0,0.0,266.0,503.0,0.5288270377733598,0.0,0.0,0.0,0.0,0.0,0.0
real_belarus_user,2025-02-10,8.0,38.0,0.0,0.0,0.0,0,10,2,0,18,34.714285714285715,40.36666666666667,58.142857142857146,0.0,0.0,0.0,0.0,0.0,0.0,0.0,0.0,0.0,0.0,8.0,0.0,0.0,274.0,541.0,0.5064695009242144,0.0,0.0,0.0,0.0,0.0,0.0
real_belarus_user,2025-02-11,9.0,12.0,0.0,0.0,0.0,1,11,2,0,17,21.857142857142858,38.333333333333336,50.142857142857146,0.0,0.0,0.0,0.0,0.0,9.0,0.0,0.0,0.0,0.0,0.0,0.0,0.0,283.0,553.0,0.5117540687160941,0.0,0.0,0.0,0.0,0.0,0.0
real_belarus_user,2025-02-12,0.0,30.0,0.0,0.0,0.0,2,12,2,0,16,8.142857142857142,37.8,40.0,0.0,0.0,0.0,0.0,0.0,0.0,0.0,0.0,0.0,0.0,0.0,0.0,0.0,283.0,583.0,0.4854202401372213,0.0,0.0,0.0,0.0,0.0,0.0
real_belarus_user,2025-02-13,15.0,17.0,0.0,0.0,0.0,3,13,2,0,15,7.285714285714286,38.266666666666666,22.142857142857142,0.0,0.0,0.0,0.0,0.0,0.0,0.0,0.0,0.0,0.0,0.0,5.0,10.0,298.0,600.0,0.49666666666666665,0.0,0.0,0.0,0.0,0.0,0.0
real_belarus_user,2025-02-14,5.0,52.0,0.0,0.0,0.0,4,14,2,0,14,5.285714285714286,38.2,21.285714285714285,0.0,0.0,0.0,5.0,0.0,0.0,0.0,0.0,0.0,0.0,0.0,0.0,0.0,303.0,652.0,0.4647239263803681,0.0,0.0,0.0,0.0,0.0,0.0
real_belarus_user,2025-02-15,7.0,0.0,0.0,0.0,0.0,5,15,2,1,13,6.285714285714286,38.06666666666667,21.285714285714285,0.0,0.0,0.0,6.0,0.0,0.0,0.0,0.0,0.0,0.0,0.0,1.0,0.0,310.0,652.0,0.4754601226993865,0.0,0.0,0.0,0.0,0.0,0.0
real_belarus_user,2025-02-16,0.0,0.0,0.0,0.0,0.0,6,16,2,1,12,6.285714285714286,37.733333333333334,21.285714285714285,0.0,0.0,0.0,0.0,0.0,0.0,0.0,0.0,0.0,0.0,0.0,0.0,0.0,310.0,652.0,0.4754601226993865,0.0,0.0,0.0,0.0,0.0,0.0
real_belarus_user,2025-02-17,56.0,51.0,0.0,0.0,0.0,0,17,2,0,11,13.142857142857142,31.166666666666668,23.142857142857142,0.0,0.0,0.0,5.0,0.0,37.0,0.0,0.0,0.0,0.0,0.0,1.0,13.0,366.0,703.0,0.5206258890469416,0.0,0.0,0.0,0.0,0.0,0.0
real_belarus_user,2025-02-18,83.0,0.0,0.0,0.0,0.0,1,18,2,0,10,23.714285714285715,33.93333333333333,21.428571428571427,0.0,0.0,0.0,71.0,0.0,0.0,0.0,0.0,0.0,0.0,0.0,2.0,10.0,449.0,703.0,0.6386913229018493,0.0,0.0,0.0,0.0,0.0,0.0
real_belarus_user,2025-02-19,31.0,51.0,0.0,0.0,0.0,2,19,2,0,9,28.142857142857142,34.8,24.428571428571427,0.0,0.0,0.0,21.0,0.0,0.0,0.0,0.0,0.0,0.0,0.0,2.0,8.0,480.0,754.0,0.636604774535809,0.0,0.0,0.0,0.0,0.0,0.0
real_belarus_user,2025-02-20,0.0,40.0,0.0,0.0,0.0,3,20,2,0,8,26.0,33.9,27.714285714285715,0.0,0.0,0.0,0.0,0.0,0.0,0.0,0.0,0.0,0.0,0.0,0.0,0.0,480.0,794.0,0.6045340050377834,0.0,0.0,0.0,0.0,0.0,0.0
real_belarus_user,2025-02-21,90.0,383.0,0.0,0.0,0.0,4,21,2,0,7,38.142857142857146,34.5,75.0,0.0,0.0,0.0,13.0,18.0,0.0,0.0,59.0,0.0,0.0,0.0,0.0,0.0,570.0,1177.0,0.4842820730671198,0.0,0.0,0.0,0.0,0.0,0.0
real_belarus_user,2025-02-22,17.0,0.0,0.0,0.0,0.0,5,22,2,1,6,39.57142857142857,26.233333333333334,75.0,0.0,0.0,0.0,6.0,11.0,0.0,0.0,0.0,0.0,0.0,0.0,0.0,0.0,587.0,1177.0,0.49872557349192864,0.0,0.0,0.0,0.0,0.0,0.0
real_belarus_user,2025-02-23,0.0,0.0,0.0,0.0,0.0,6,23,2,1,5,39.57142857142857,25.766666666666666,75.0,0.0,0.0,0.0,0.0,0.0,0.0,0.0,0.0,0.0,0.0,0.0,0.0,0.0,587.0,1177.0,0.49872557349192864,0.0,0.0,0.0,0.0,0.0,0.0
real_belarus_user,2025-02-24,0.0,143.0,0.0,0.0,0.0,0,24,2,0,4,31.571428571428573,25.7,88.14285714285714,0.0,0.0,0.0,0.0,0.0,0.0,0.0,0.0,0.0,0.0,0.0,0.0,0.0,587.0,1320.0,0.4446969696969697,0.0,0.0,0.0,0.0,0.0,0.0
real_belarus_user,2025-02-25,8.0,29.0,0.0,0.0,0.0,1,25,2,0,3,20.857142857142858,25.966666666666665,92.28571428571429,0.0,0.0,0.0,5.0,0.0,0.0,0.0,0.0,0.0,0.0,0.0,3.0,0.0,595.0,1349.0,0.44106745737583397,0.0,0.0,0.0,0.0,0.0,0.0
real_belarus_user,2025-02-26,12.0,0.0,0.0,0.0,0.0,2,26,2,0,2,18.142857142857142,24.8,85.0,0.0,0.0,0.0,0.0,0.0,0.0,8.0,0.0,0.0,0.0,0.0,4.0,0.0,607.0,1349.0,0.44996293550778355,0.0,0.0,0.0,0.0,0.0,0.0
real_belarus_user,2025-02-27,3.0,40.0,0.0,0.0,0.0,3,27,2,0,1,18.571428571428573,24.7,85.0,0.0,0.0,0.0,0.0,0.0,0.0,0.0,0.0,0.0,0.0,0.0,3.0,0.0,610.0,1389.0,0.43916486681065514,0.0,0.0,0.0,0.0,0.0,0.0
real_belarus_user,2025-02-28,11.0,258.0,0.0,0.0,0.0,4,28,2,0,0,7.285714285714286,25.066666666666666,67.14285714285714,0.0,0.0,0.0,10.0,0.0,0.0,0.0,0.0,0.0,0.0,0.0,1.0,0.0,621.0,1647.0,0.3770491803278688,0.0,0.0,0.0,0.0,0.0,0.0
real_belarus_user,2025-03-01,24.0,0.0,0.0,0.0,0.0,5,1,3,1,30,8.285714285714286,22.933333333333334,67.14285714285714,0.0,0.0,0.0,24.0,0.0,0.0,0.0,0.0,0.0,0.0,0.0,0.0,0.0,24.0,0.0,0.0,0.0,0.0,0.0,0.0,0.0,0.0
real_belarus_user,2025-03-02,0.0,0.0,0.0,0.0,0.0,6,2,3,1,29,8.285714285714286,21.5,67.14285714285714,0.0,0.0,0.0,0.0,0.0,0.0,0.0,0.0,0.0,0.0,0.0,0.0,0.0,24.0,0.0,0.0,0.0,0.0,0.0,0.0,0.0,0.0
real_belarus_user,2025-03-03,2.0,454.0,0.0,0.0,0.0,0,3,3,0,28,8.571428571428571,21.566666666666666,111.57142857142857,0.0,0.0,0.0,0.0,0.0,0.0,0.0,0.0,0.0,0.0,0.0,2.0,0.0,26.0,454.0,0.05726872246696035,0.0,0.0,0.0,0.0,0.0,0.0
real_belarus_user,2025-03-04,100.0,24.0,0.0,0.0,0.0,1,4,3,0,27,21.714285714285715,24.733333333333334,110.85714285714286,0.0,0.0,0.0,3.0,94.0,0.0,0.0,0.0,0.0,0.0,0.0,3.0,0.0,126.0,478.0,0.26359832635983266,0.0,0.0,0.0,0.0,0.0,0.0
real_belarus_user,2025-03-05,2351.0,336.0,0.0,0.0,0.0,2,5,3,0,26,355.85714285714283,102.23333333333333,158.85714285714286,0.0,0.0,0.0,2.0,19.0,0.0,0.0,1172.0,1156.0,0.0,0.0,2.0,0.0,2477.0,814.0,3.042997542997543,0.0,0.0,0.0,0.0,0.0,0.0
real_belarus_user,2025-03-06,3.0,40.0,0.0,0.0,0.0,3,6,3,0,25,355.85714285714283,99.03333333333333,158.85714285714286,0.0,0.0,0.0,0.0,0.0,0.0,0.0,0.0,0.0,0.0,0.0,3.0,0.0,2480.0,854.0,2.9039812646370025,0.0,0.0,0.0,0.0,0.0,0.0
real_belarus_user,2025-03-07,31.0,45.0,0.0,0.0,0.0,4,7,3,0,24,358.7142857142857,96.86666666666666,128.42857142857142,0.0,0.0,0.0,20.0,0.0,0.0,0.0,0.0,0.0,0.0,11.0,0.0,0.0,2511.0,899.0,2.793103448275862,0.0,0.0,0.0,0.0,0.0,0.0
real_belarus_user,2025-03-08,10.0,0.0,0.0,0.0,0.0,5,8,3,1,23,356.7142857142857,96.5,128.42857142857142,0.0,0.0,0.0,0.0,10.0,0.0,0.0,0.0,0.0,0.0,0.0,0.0,0.0,2521.0,899.0,2.804226918798665,0.0,0.0,0.0,0.0,0.0,0.0
real_belarus_user,2025-03-09,43.0,146.0,0.0,0.0,0.0,6,9,3,1,22,362.85714285714283,97.3,149.28571428571428,0.0,0.0,0.0,0.0,0.0,0.0,0.0,0.0,43.0,0.0,0.0,0.0,0.0,2564.0,1045.0,2.4535885167464113,0.0,0.0,0.0,0.0,0.0,0.0
real_belarus_user,2025-03-10,5.0,208.0,0.0,0.0,0.0,0,10,3,0,21,363.2857142857143,97.46666666666667,114.14285714285714,0.0,0.0,0.0,4.0,0.0,0.0,0.0,0.0,0.0,0.0,0.0,1.0,0.0,2569.0,1253.0,2.0502793296089385,0.0,0.0,0.0,0.0,0.0,0.0
real_belarus_user,2025-03-11,54.0,28.0,0.0,0.0,0.0,1,11,3,0,20,356.7142857142857,99.26666666666667,114.71428571428571,0.0,0.0,0.0,0.0,6.0,0.0,0.0,0.0,48.0,0.0,0.0,0.0,0.0,2623.0,1281.0,2.0476190476190474,0.0,0.0,0.0,0.0,0.0,0.0
real_belarus_user,2025-03-12,86.0,0.0,0.0,0.0,0.0,2,12,3,0,19,33.142857142857146,101.86666666666666,66.71428571428571,0.0,0.0,0.0,0.0,82.0,0.0,0.0,0.0,0.0,0.0,0.0,4.0,0.0,2709.0,1281.0,2.1147540983606556,0.0,0.0,0.0,0.0,0.0,0.0
real_belarus_user,2025-03-13,60.0,41.0,0.0,0.0,0.0,3,13,3,0,18,41.285714285714285,103.56666666666666,66.85714285714286,0.0,0.0,0.0,0.0,58.0,0.0,0.0,0.0,0.0,0.0,0.0,2.0,0.0,2769.0,1322.0,2.094553706505295,0.0,0.0,0.0,0.0,0.0,0.0
real_belarus_user,2025-03-14,0.0,53.0,0.0,0.0,0.0,4,14,3,0,17,36.857142857142854,103.56666666666666,68.0,0.0,0.0,0.0,0.0,0.0,0.0,0.0,0.0,0.0,0.0,0.0,0.0,0.0,2769.0,1375.0,2.013818181818182,0.0,0.0,0.0,0.0,0.0,0.0
real_belarus_user,2025-03-15,76.0,14.0,0.0,0.0,0.0,5,15,3,1,16,46.285714285714285,105.6,70.0,0.0,0.0,0.0,0.0,0.0,0.0,0.0,0.0,76.0,0.0,0.0,0.0,0.0,2845.0,1389.0,2.048236141108711,0.0,0.0,0.0,0.0,0.0,0.0
real_belarus_user,2025-03-16,4.0,7.0,0.0,0.0,0.0,6,16,3,1,15,40.714285714285715,105.56666666666666,50.142857142857146,0.0,0.0,0.0,0.0,0.0,0.0,0.0,0.0,0.0,0.0,4.0,0.0,0.0,2849.0,1396.0,2.0408309455587395,0.0,0.0,0.0,0.0,0.0,0.0
real_belarus_user,2025-03-17,10.0,73.0,0.0,0.0,0.0,0,17,3,0,14,41.42857142857143,105.66666666666667,30.857142857142858,0.0,0.0,0.0,10.0,0.0,0.0,0.0,0.0,0.0,0.0,0.0,0.0,0.0,2859.0,1469.0,1.946221919673247,0.0,0.0,0.0,0.0,0.0,0.0
real_belarus_user,2025-03-18,82.0,38.0,0.0,0.0,0.0,1,18,3,0,13,45.42857142857143,108.4,32.285714285714285,0.0,0.0,0.0,0.0,21.0,6.0,0.0,0.0,53.0,0.0,0.0,2.0,0.0,2941.0,1507.0,1.9515593895155938,0.0,0.0,0.0,0.0,0.0,0.0
real_belarus_user,2025-03-19,20.0,3.0,0.0,0.0,0.0,2,19,3,0,12,36.0,107.2,32.714285714285715,0.0,0.0,0.0,10.0,0.0,0.0,0.0,0.0,0.0,0.0,10.0,0.0,0.0,2961.0,1510.0,1.9609271523178808,0.0,0.0,0.0,0.0,0.0,0.0
real_belarus_user,2025-03-20,13.0,0.0,0.0,0.0,0.0,3,20,3,0,11,29.285714285714285,104.86666666666666,26.857142857142858,0.0,0.0,0.0,0.0,0.0,0.0,0.0,12.0,0.0,0.0,0.0,1.0,0.0,2974.0,1510.0,1.9695364238410595,0.0,0.0,0.0,0.0,0.0,0.0
real_belarus_user,2025-03-21,9.0,463.0,0.0,0.0,0.0,4,21,3,0,10,30.571428571428573,104.13333333333334,85.42857142857143,0.0,0.0,0.0,6.0,0.0,0.0,0.0,0.0,0.0,0.0,0.0,3.0,0.0,2983.0,1973.0,1.5119107957425242,0.0,0.0,0.0,0.0,0.0,0.0
real_belarus_user,2025-03-22,12.0,0.0,0.0,0.0,0.0,5,22,3,1,9,21.428571428571427,104.53333333333333,83.42857142857143,0.0,0.0,0.0,0.0,0.0,0.0,0.0,0.0,0.0,0.0,12.0,0.0,0.0,2995.0,1973.0,1.5179929042067917,0.0,0.0,0.0,0.0,0.0,0.0
real_belarus_user,2025-03-23,0.0,392.0,0.0,0.0,0.0,6,23,3,1,8,20.857142857142858,101.53333333333333,138.42857142857142,0.0,0.0,0.0,0.0,0.0,0.0,0.0,0.0,0.0,0.0,0.0,0.0,0.0,2995.0,2365.0,1.266384778012685,0.0,0.0,0.0,0.0,0.0,0.0
real_belarus_user,2025-03-24,33.0,460.0,0.0,0.0,0.0,0,24,3,0,7,24.142857142857142,102.06666666666666,193.71428571428572,0.0,0.0,0.0,31.0,0.0,0.0,0.0,0.0,0.0,0.0,0.0,2.0,0.0,3028.0,2825.0,1.071858407079646,0.0,0.0,0.0,0.0,0.0,0.0
real_belarus_user,2025-03-25,36.0,0.0,0.0,0.0,0.0,1,25,3,0,6,17.571428571428573,103.26666666666667,188.28571428571428,0.0,0.0,0.0,3.0,29.0,0.0,0.0,0.0,0.0,0.0,0.0,4.0,0.0,3064.0,2825.0,1.0846017699115045,0.0,0.0,0.0,0.0,0.0,0.0
real_belarus_user,2025-03-26,114.0,20.0,0.0,0.0,0.0,2,26,3,0,5,31.0,107.06666666666666,190.71428571428572,0.0,0.0,0.0,14.0,58.0,0.0,42.0,0.0,0.0,0.0,0.0,0.0,0.0,3178.0,2845.0,1.1170474516695958,0.0,0.0,0.0,0.0,0.0,0.0
real_belarus_user,2025-03-27,20.0,0.0,0.0,0.0,0.0,3,27,3,0,4,32.0,107.46666666666667,190.71428571428572,0.0,0.0,0.0,1.0,0.0,0.0,0.0,0.0,0.0,0.0,16.0,3.0,0.0,3198.0,2845.0,1.1240773286467487,0.0,0.0,0.0,0.0,0.0,0.0
real_belarus_user,2025-03-28,51.0,76.0,0.0,0.0,0.0,4,28,3,0,3,38.0,108.76666666666667,135.42857142857142,0.0,0.0,0.0,6.0,0.0,0.0,0.0,0.0,36.0,0.0,5.0,4.0,0.0,3249.0,2921.0,1.1122903115371447,0.0,0.0,0.0,0.0,0.0,0.0
real_belarus_user,2025-03-29,9.0,0.0,0.0,0.0,0.0,5,29,3,1,2,37.57142857142857,108.96666666666667,135.42857142857142,0.0,0.0,0.0,9.0,0.0,0.0,0.0,0.0,0.0,0.0,0.0,0.0,0.0,3258.0,2921.0,1.1153714481342005,0.0,0.0,0.0,0.0,0.0,0.0
real_belarus_user,2025-03-30,0.0,0.0,0.0,0.0,0.0,6,30,3,1,1,37.57142857142857,108.6,79.42857142857143,0.0,0.0,0.0,0.0,0.0,0.0,0.0,0.0,0.0,0.0,0.0,0.0,0.0,3258.0,2921.0,1.1153714481342005,0.0,0.0,0.0,0.0,0.0,0.0
real_belarus_user,2025-03-31,33.0,171.0,0.0,0.0,0.0,0,31,3,0,0,37.57142857142857,108.9,38.142857142857146,0.0,0.0,0.0,3.0,0.0,0.0,0.0,0.0,12.0,0.0,15.0,3.0,0.0,3291.0,3092.0,1.064359637774903,0.0,0.0,0.0,0.0,0.0,0.0
real_belarus_user,2025-04-01,9.0,12.0,0.0,0.0,0.0,1,1,4,0,29,33.714285714285715,109.2,39.857142857142854,0.0,0.0,0.0,5.0,0.0,0.0,0.0,0.0,0.0,0.0,0.0,4.0,0.0,9.0,12.0,0.75,0.0,0.0,0.0,0.0,0.0,0.0
real_belarus_user,2025-04-02,24.0,101.0,0.0,0.0,0.0,2,2,4,0,28,20.857142857142858,109.93333333333334,51.42857142857143,0.0,0.0,0.0,11.0,0.0,0.0,0.0,0.0,0.0,0.0,7.0,6.0,0.0,33.0,113.0,0.2920353982300885,0.0,0.0,0.0,0.0,0.0,0.0
real_belarus_user,2025-04-03,21.0,0.0,0.0,0.0,0.0,3,3,4,0,27,21.0,107.3,51.42857142857143,0.0,0.0,0.0,20.0,0.0,0.0,0.0,0.0,0.0,0.0,0.0,1.0,0.0,54.0,113.0,0.4778761061946903,0.0,0.0,0.0,0.0,0.0,0.0
real_belarus_user,2025-04-04,5.0,243.0,0.0,0.0,0.0,4,4,4,0,26,14.428571428571429,29.1,75.28571428571429,0.0,0.0,0.0,3.0,0.0,0.0,0.0,0.0,0.0,0.0,0.0,2.0,0.0,59.0,356.0,0.16573033707865167,0.0,0.0,0.0,0.0,0.0,0.0
real_belarus_user,2025-04-05,18.0,0.0,0.0,0.0,0.0,5,5,4,1,25,15.714285714285714,29.6,75.28571428571429,0.0,0.0,0.0,0.0,0.0,0.0,0.0,0.0,0.0,0.0,18.0,0.0,0.0,77.0,356.0,0.21629213483146068,0.0,0.0,0.0,0.0,0.0,0.0
real_belarus_user,2025-04-06,0.0,0.0,0.0,0.0,0.0,6,6,4,1,24,15.714285714285714,28.566666666666666,75.28571428571429,0.0,0.0,0.0,0.0,0.0,0.0,0.0,0.0,0.0,0.0,0.0,0.0,0.0,77.0,356.0,0.21629213483146068,0.0,0.0,0.0,0.0,0.0,0.0
real_belarus_user,2025-04-07,46.0,111.0,0.0,0.0,0.0,0,7,4,0,23,17.571428571428573,29.766666666666666,66.71428571428571,0.0,0.0,0.0,3.0,0.0,0.0,41.0,0.0,0.0,0.0,0.0,2.0,0.0,123.0,467.0,0.2633832976445396,0.0,0.0,0.0,0.0,0.0,0.0
real_belarus_user,2025-04-08,18.0,262.0,0.0,0.0,0.0,1,8,4,0,22,18.857142857142858,28.933333333333334,102.42857142857143,0.0,0.0,0.0,6.0,0.0,0.0,0.0,0.0,0.0,0.0,9.0,3.0,0.0,141.0,729.0,0.1934156378600823,0.0,0.0,0.0,0.0,0.0,0.0
real_belarus_user,2025-04-09,23.0,16.0,0.0,0.0,0.0,2,9,4,0,21,18.714285714285715,29.533333333333335,90.28571428571429,0.0,0.0,0.0,21.0,0.0,0.0,0.0,0.0,0.0,0.0,0.0,2.0,0.0,164.0,745.0,0.22013422818791947,0.0,0.0,0.0,0.0,0.0,0.0
real_belarus_user,2025-04-10,17.0,0.0,0.0,0.0,0.0,3,10,4,0,20,18.142857142857142,28.3,90.28571428571429,0.0,0.0,0.0,6.0,0.0,0.0,0.0,0.0,0.0,0.0,9.0,2.0,0.0,181.0,745.0,0.24295302013422818,0.0,0.0,0.0,0.0,0.0,0.0
real_belarus_user,2025-04-11,162.0,0.0,0.0,0.0,0.0,4,11,4,0,19,40.57142857142857,30.833333333333332,55.57142857142857,0.0,161.0,0.0,0.0,0.0,0.0,0.0,0.0,0.0,0.0,0.0,1.0,0.0,343.0,745.0,0.4604026845637584,0.0,0.0,0.0,0.0,0.0,0.0
real_belarus_user,2025-04-12,2.0,0.0,0.0,0.0,0.0,5,12,4,1,18,38.285714285714285,28.9,55.57142857142857,0.0,0.0,0.0,0.0,0.0,0.0,0.0,0.0,0.0,0.0,0.0,2.0,0.0,345.0,745.0,0.46308724832214765,0.0,0.0,0.0,0.0,0.0,0.0
real_belarus_user,2025-04-13,0.0,0.0,0.0,0.0,0.0,6,13,4,1,17,38.285714285714285,28.9,55.57142857142857,0.0,0.0,0.0,0.0,0.0,0.0,0.0,0.0,0.0,0.0,0.0,0.0,0.0,345.0,745.0,0.46308724832214765,0.0,0.0,0.0,0.0,0.0,0.0
real_belarus_user,2025-04-14,15.0,52.0,0.0,0.0,0.0,0,14,4,0,16,33.857142857142854,26.866666666666667,47.142857142857146,0.0,0.0,0.0,3.0,9.0,0.0,0.0,0.0,0.0,0.0,0.0,3.0,0.0,360.0,797.0,0.451693851944793,0.0,0.0,0.0,0.0,0.0,0.0
real_belarus_user,2025-04-15,13.0,13.0,0.0,0.0,0.0,1,15,4,0,15,33.142857142857146,27.166666666666668,11.571428571428571,0.0,0.0,0.0,11.0,0.0,0.0,0.0,0.0,0.0,0.0,0.0,2.0,0.0,373.0,810.0,0.4604938271604938,0.0,0.0,0.0,0.0,0.0,0.0
real_belarus_user,2025-04-16,4.0,201.0,0.0,0.0,0.0,2,16,4,0,14,30.428571428571427,26.966666666666665,38.0,0.0,0.0,0.0,1.0,0.0,0.0,0.0,0.0,0.0,0.0,0.0,3.0,0.0,377.0,1011.0,0.37289812067260136,0.0,0.0,0.0,0.0,0.0,0.0
real_belarus_user,2025-04-17,1.0,0.0,0.0,0.0,0.0,3,17,4,0,13,28.142857142857142,24.266666666666666,38.0,0.0,0.0,0.0,0.0,0.0,0.0,0.0,0.0,0.0,0.0,0.0,1.0,0.0,378.0,1011.0,0.37388724035608306,0.0,0.0,0.0,0.0,0.0,0.0
real_belarus_user,2025-04-18,29.0,67.0,0.0,0.0,0.0,4,18,4,0,12,9.142857142857142,24.566666666666666,47.57142857142857,0.0,0.0,0.0,15.0,12.0,0.0,0.0,0.0,0.0,0.0,0.0,2.0,0.0,407.0,1078.0,0.37755102040816324,0.0,0.0,0.0,0.0,0.0,0.0
real_belarus_user,2025-04-19,2.0,0.0,0.0,0.0,0.0,5,19,4,1,11,9.142857142857142,24.2,47.57142857142857,0.0,0.0,0.0,2.0,0.0,0.0,0.0,0.0,0.0,0.0,0.0,0.0,0.0,409.0,1078.0,0.37940630797773656,0.0,0.0,0.0,0.0,0.0,0.0
real_belarus_user,2025-04-20,0.0,0.0,0.0,0.0,0.0,6,20,4,1,10,9.142857142857142,23.9,47.57142857142857,0.0,0.0,0.0,0.0,0.0,0.0,0.0,0.0,0.0,0.0,0.0,0.0,0.0,409.0,1078.0,0.37940630797773656,0.0,0.0,0.0,0.0,0.0,0.0
real_belarus_user,2025-04-21,3.0,24.0,0.0,0.0,0.0,0,21,4,0,9,7.428571428571429,23.6,43.57142857142857,0.0,0.0,0.0,0.0,0.0,0.0,0.0,0.0,0.0,0.0,0.0,3.0,0.0,412.0,1102.0,0.3738656987295826,0.0,0.0,0.0,0.0,0.0,0.0
real_belarus_user,2025-04-22,27.0,22.0,0.0,0.0,0.0,1,22,4,0,8,9.428571428571429,24.5,44.857142857142854,0.0,0.0,0.0,25.0,0.0,0.0,0.0,0.0,0.0,0.0,0.0,2.0,0.0,439.0,1124.0,0.3905693950177936,0.0,0.0,0.0,0.0,0.0,0.0
real_belarus_user,2025-04-23,5.0,79.0,0.0,0.0,0.0,2,23,4,0,7,9.571428571428571,23.566666666666666,27.428571428571427,0.0,0.0,0.0,0.0,0.0,0.0,0.0,0.0,0.0,0.0,0.0,5.0,0.0,444.0,1203.0,0.3690773067331671,0.0,0.0,0.0,0.0,0.0,0.0
real_belarus_user,2025-04-24,0.0,0.0,0.0,0.0,0.0,3,24,4,0,6,9.428571428571429,22.366666666666667,27.428571428571427,0.0,0.0,0.0,0.0,0.0,0.0,0.0,0.0,0.0,0.0,0.0,0.0,0.0,444.0,1203.0,0.3690773067331671,0.0,0.0,0.0,0.0,0.0,0.0
real_belarus_user,2025-04-25,54.0,135.0,0.0,0.0,0.0,4,25,4,0,5,13.0,20.366666666666667,37.142857142857146,0.0,0.0,0.0,18.0,0.0,25.0,0.0,0.0,0.0,0.0,11.0,0.0,0.0,498.0,1338.0,0.3721973094170404,0.0,0.0,0.0,0.0,0.0,0.0
real_belarus_user,2025-04-26,17.0,43.0,0.0,0.0,0.0,5,26,4,1,4,15.142857142857142,20.266666666666666,43.285714285714285,0.0,0.0,0.0,5.0,0.0,0.0,0.0,0.0,0.0,0.0,12.0,0.0,0.0,515.0,1381.0,0.3729181752353367,0.0,0.0,0.0,0.0,0.0,0.0
real_belarus_user,2025-04-27,10.0,0.0,0.0,0.0,0.0,6,27,4,1,3,16.571428571428573,18.9,43.285714285714285,0.0,0.0,0.0,5.0,0.0,0.0,5.0,0.0,0.0,0.0,0.0,0.0,0.0,525.0,1381.0,0.38015930485155686,0.0,0.0,0.0,0.0,0.0,0.0
real_belarus_user,2025-04-28,5.0,0.0,0.0,0.0,0.0,0,28,4,0,2,16.857142857142858,18.766666666666666,39.857142857142854,0.0,0.0,0.0,5.0,0.0,0.0,0.0,0.0,0.0,0.0,0.0,0.0,0.0,530.0,1381.0,0.38377986965966693,0.0,0.0,0.0,0.0,0.0,0.0
real_belarus_user,2025-04-29,654.0,0.0,0.0,0.0,0.0,1,29,4,0,1,106.42857142857143,40.56666666666667,36.714285714285715,0.0,0.0,0.0,0.0,0.0,0.0,0.0,0.0,654.0,0.0,0.0,0.0,0.0,1184.0,1381.0,0.8573497465604635,0.0,0.0,0.0,0.0,0.0,0.0
real_belarus_user,2025-04-30,0.0,42.0,0.0,0.0,0.0,2,30,4,0,0,105.71428571428571,39.46666666666667,31.428571428571427,0.0,0.0,0.0,0.0,0.0,0.0,0.0,0.0,0.0,0.0,0.0,0.0,0.0,1184.0,1423.0,0.8320449754040758,0.0,0.0,0.0,0.0,0.0,0.0
real_belarus_user,2025-05-01,23.0,15.0,0.0,0.0,0.0,3,1,5,0,30,109.0,39.93333333333333,33.57142857142857,0.0,0.0,0.0,11.0,0.0,0.0,0.0,0.0,0.0,0.0,12.0,0.0,0.0,23.0,15.0,1.5333333333333334,0.0,0.0,0.0,0.0,0.0,0.0
real_belarus_user,2025-05-02,38.0,5.0,0.0,0.0,0.0,4,2,5,0,29,106.71428571428571,40.4,15.0,0.0,0.0,0.0,4.0,0.0,0.0,33.0,0.0,0.0,0.0,0.0,1.0,0.0,61.0,20.0,3.05,0.0,0.0,0.0,0.0,0.0,0.0
real_belarus_user,2025-05-03,17.0,78.0,0.0,0.0,0.0,5,3,5,1,28,106.71428571428571,40.266666666666666,20.0,0.0,0.0,0.0,0.0,0.0,0.0,0.0,0.0,0.0,0.0,16.0,1.0,0.0,78.0,98.0,0.7959183673469388,0.0,0.0,0.0,0.0,0.0,0.0
real_belarus_user,2025-05-04,18.0,0.0,0.0,0.0,0.0,6,4,5,1,27,107.85714285714286,40.7,20.0,0.0,0.0,0.0,18.0,0.0,0.0,0.0,0.0,0.0,0.0,0.0,0.0,0.0,96.0,98.0,0.9795918367346939,0.0,0.0,0.0,0.0,0.0,0.0
real_belarus_user,2025-05-05,24.0,0.0,0.0,0.0,0.0,0,5,5,0,26,110.57142857142857,40.9,20.0,0.0,0.0,0.0,9.0,0.0,0.0,0.0,0.0,0.0,0.0,14.0,1.0,0.0,120.0,98.0,1.2244897959183674,0.0,0.0,0.0,0.0,0.0,0.0
real_belarus_user,2025-05-06,4.0,43.0,0.0,0.0,0.0,1,6,5,0,25,17.714285714285715,41.03333333333333,26.142857142857142,0.0,0.0,0.0,0.0,0.0,0.0,0.0,0.0,0.0,0.0,0.0,4.0,0.0,124.0,141.0,0.8794326241134752,0.0,0.0,0.0,0.0,0.0,0.0
real_belarus_user,2025-05-07,8.0,22.0,0.0,0.0,0.0,2,7,5,0,24,18.857142857142858,39.766666666666666,23.285714285714285,0.0,0.0,0.0,5.0,0.0,0.0,0.0,0.0,0.0,0.0,0.0,3.0,0.0,132.0,163.0,0.8098159509202454,0.0,0.0,0.0,0.0,0.0,0.0
real_belarus_user,2025-05-08,1.0,47.0,0.0,0.0,0.0,3,8,5,0,23,15.714285714285714,39.2,27.857142857142858,0.0,0.0,0.0,0.0,0.0,0.0,0.0,0.0,0.0,0.0,0.0,1.0,0.0,133.0,210.0,0.6333333333333333,0.0,0.0,0.0,0.0,0.0,0.0
real_belarus_user,2025-05-09,28.0,908.0,0.0,0.0,0.0,4,9,5,0,22,14.285714285714286,39.36666666666667,156.85714285714286,0.0,0.0,0.0,11.0,17.0,0.0,0.0,0.0,0.0,0.0,0.0,0.0,0.0,161.0,1118.0,0.1440071556350626,0.0,0.0,0.0,0.0,0.0,0.0
real_belarus_user,2025-05-10,0.0,0.0,0.0,0.0,0.0,5,10,5,1,21,11.857142857142858,38.8,145.71428571428572,0.0,0.0,0.0,0.0,0.0,0.0,0.0,0.0,0.0,0.0,0.0,0.0,0.0,161.0,1118.0,0.1440071556350626,0.0,0.0,0.0,0.0,0.0,0.0
real_belarus_user,2025-05-11,10.0,0.0,0.0,0.0,0.0,6,11,5,1,20,10.714285714285714,33.733333333333334,145.71428571428572,0.0,0.0,0.0,0.0,0.0,0.0,0.0,0.0,0.0,0.0,10.0,0.0,0.0,171.0,1118.0,0.15295169946332737,0.0,0.0,0.0,0.0,0.0,0.0
real_belarus_user,2025-05-12,48.0,0.0,0.0,0.0,0.0,0,12,5,0,19,14.142857142857142,35.266666666666666,145.71428571428572,0.0,0.0,0.0,5.0,42.0,0.0,0.0,0.0,0.0,0.0,0.0,1.0,0.0,219.0,1118.0,0.19588550983899822,0.0,0.0,0.0,0.0,0.0,0.0
real_belarus_user,2025-05-13,11.0,8.0,0.0,0.0,0.0,1,13,5,0,18,15.142857142857142,35.63333333333333,140.71428571428572,0.0,0.0,0.0,8.0,0.0,0.0,0.0,0.0,0.0,0.0,0.0,3.0,0.0,230.0,1126.0,0.20426287744227353,0.0,0.0,0.0,0.0,0.0,0.0
real_belarus_user,2025-05-14,7.0,16.0,0.0,0.0,0.0,2,14,5,0,17,15.0,35.36666666666667,139.85714285714286,0.0,0.0,0.0,5.0,0.0,0.0,0.0,0.0,0.0,0.0,0.0,2.0,0.0,237.0,1142.0,0.2075306479859895,0.0,0.0,0.0,0.0,0.0,0.0
real_belarus_user,2025-05-15,43.0,193.0,0.0,0.0,0.0,3,15,5,0,16,21.0,36.36666666666667,160.71428571428572,0.0,0.0,0.0,6.0,33.0,0.0,0.0,0.0,0.0,0.0,0.0,4.0,0.0,280.0,1335.0,0.20973782771535582,0.0,0.0,0.0,0.0,0.0,0.0
real_belarus_user,2025-05-16,20.0,107.0,0.0,0.0,0.0,4,16,5,0,15,19.857142857142858,36.9,46.285714285714285,0.0,0.0,0.0,6.0,0.0,0.0,0.0,0.0,0.0,0.0,14.0,0.0,0.0,300.0,1442.0,0.20804438280166435,0.0,0.0,0.0,0.0,0.0,0.0
real_belarus_user,2025-05-17,0.0,0.0,0.0,0.0,0.0,5,17,5,1,14,19.857142857142858,36.86666666666667,46.285714285714285,0.0,0.0,0.0,0.0,0.0,0.0,0.0,0.0,0.0,0.0,0.0,0.0,0.0,300.0,1442.0,0.20804438280166435,0.0,0.0,0.0,0.0,0.0,0.0
real_belarus_user,2025-05-18,15.0,0.0,0.0,0.0,0.0,6,18,5,1,13,20.571428571428573,36.4,46.285714285714285,0.0,0.0,0.0,6.0,9.0,0.0,0.0,0.0,0.0,0.0,0.0,0.0,0.0,315.0,1442.0,0.21844660194174756,0.0,0.0,0.0,0.0,0.0,0.0
real_belarus_user,2025-05-19,26.0,15.0,0.0,0.0,0.0,0,19,5,0,12,17.428571428571427,37.2,48.42857142857143,0.0,0.0,0.0,0.0,0.0,0.0,0.0,0.0,0.0,26.0,0.0,0.0,0.0,341.0,1457.0,0.23404255319148937,0.0,0.0,0.0,0.0,0.0,0.0
real_belarus_user,2025-05-20,3.0,10.0,0.0,0.0,0.0,1,20,5,0,11,16.285714285714285,37.3,48.714285714285715,0.0,0.0,0.0,0.0,0.0,0.0,0.0,0.0,0.0,0.0,0.0,3.0,0.0,344.0,1467.0,0.23449216087252897,0.0,0.0,0.0,0.0,0.0,0.0
real_belarus_user,2025-05-21,7.0,20.0,0.0,0.0,0.0,2,21,5,0,10,16.285714285714285,37.43333333333333,49.285714285714285,0.0,0.0,0.0,4.0,0.0,0.0,0.0,0.0,0.0,0.0,0.0,3.0,0.0,351.0,1487.0,0.23604572965702758,0.0,0.0,0.0,0.0,0.0,0.0
real_belarus_user,2025-05-22,3.0,102.0,0.0,0.0,0.0,3,22,5,0,9,10.571428571428571,36.63333333333333,36.285714285714285,0.0,0.0,0.0,2.0,0.0,0.0,0.0,0.0,0.0,0.0,0.0,1.0,0.0,354.0,1589.0,0.22278162366268092,0.0,0.0,0.0,0.0,0.0,0.0
real_belarus_user,2025-05-23,4.0,56.0,0.0,0.0,0.0,4,23,5,0,8,8.285714285714286,36.6,29.0,0.0,0.0,0.0,1.0,0.0,0.0,0.0,0.0,0.0,0.0,0.0,3.0,0.0,358.0,1645.0,0.217629179331307,0.0,0.0,0.0,0.0,0.0,0.0
real_belarus_user,2025-05-24,88.0,0.0,0.0,0.0,0.0,5,24,5,1,7,20.857142857142858,39.53333333333333,29.0,0.0,0.0,0.0,20.0,0.0,0.0,42.0,0.0,0.0,0.0,24.0,2.0,0.0,446.0,1645.0,0.2711246200607903,0.0,0.0,0.0,0.0,0.0,0.0
real_belarus_user,2025-05-25,159.0,17.0,0.0,0.0,0.0,6,25,5,1,6,41.42857142857143,43.03333333333333,31.428571428571427,0.0,0.0,0.0,2.0,139.0,0.0,0.0,0.0,0.0,0.0,18.0,0.0,0.0,605.0,1662.0,0.36401925391095064,0.0,0.0,0.0,0.0,0.0,0.0
real_belarus_user,2025-05-26,0.0,76.0,0.0,0.0,0.0,0,26,5,0,5,37.714285714285715,42.46666666666667,40.142857142857146,0.0,0.0,0.0,0.0,0.0,0.0,0.0,0.0,0.0,0.0,0.0,0.0,0.0,605.0,1738.0,0.34810126582278483,0.0,0.0,0.0,0.0,0.0,0.0
real_belarus_user,2025-05-27,6.0,0.0,0.0,0.0,0.0,1,27,5,0,4,38.142857142857146,42.333333333333336,38.714285714285715,0.0,0.0,0.0,4.0,0.0,0.0,0.0,0.0,0.0,0.0,0.0,2.0,0.0,611.0,1738.0,0.3515535097813579,0.0,0.0,0.0,0.0,0.0,0.0
real_belarus_user,2025-05-28,10.0,0.0,0.0,0.0,0.0,2,28,5,0,3,38.57142857142857,42.5,35.857142857142854,0.0,0.0,0.0,6.0,0.0,0.0,0.0,0.0,0.0,0.0,0.0,4.0,0.0,621.0,1738.0,0.357307249712313,0.0,0.0,0.0,0.0,0.0,0.0
real_belarus_user,2025-05-29,8.0,0.0,0.0,0.0,0.0,3,29,5,0,2,39.285714285714285,20.966666666666665,21.285714285714285,0.0,0.0,0.0,5.0,0.0,0.0,0.0,0.0,0.0,0.0,0.0,1.0,2.0,629.0,1738.0,0.3619102416570771,0.0,0.0,0.0,0.0,0.0,0.0
real_belarus_user,2025-05-30,13.0,0.0,0.0,0.0,0.0,4,30,5,0,1,40.57142857142857,21.4,13.285714285714286,0.0,0.0,0.0,11.0,0.0,0.0,0.0,0.0,0.0,0.0,0.0,2.0,0.0,642.0,1738.0,0.3693901035673188,0.0,0.0,0.0,0.0,0.0,0.0
real_belarus_user,2025-05-31,0.0,272.0,0.0,0.0,0.0,5,31,5,1,0,28.0,20.633333333333333,52.142857142857146,0.0,0.0,0.0,0.0,0.0,0.0,0.0,0.0,0.0,0.0,0.0,0.0,0.0,642.0,2010.0,0.3194029850746269,0.0,0.0,0.0,0.0,0.0,0.0
real_belarus_user,2025-06-01,0.0,0.0,0.0,0.0,0.0,6,1,6,1,29,5.285714285714286,19.366666666666667,49.714285714285715,0.0,0.0,0.0,0.0,0.0,0.0,0.0,0.0,0.0,0.0,0.0,0.0,0.0,0.0,0.0,0.0,0.0,0.0,0.0,0.0,0.0,0.0
real_belarus_user,2025-06-02,13.0,199.0,0.0,0.0,0.0,0,2,6,0,28,7.142857142857143,19.233333333333334,67.28571428571429,0.0,0.0,0.0,7.0,0.0,0.0,0.0,0.0,0.0,0.0,0.0,6.0,0.0,13.0,199.0,0.06532663316582915,0.0,0.0,0.0,0.0,0.0,0.0
real_belarus_user,2025-06-03,32.0,31.0,0.0,0.0,0.0,1,3,6,0,27,10.857142857142858,19.7,71.71428571428571,0.0,0.0,0.0,28.0,0.0,0.0,0.0,0.0,0.0,0.0,0.0,4.0,0.0,45.0,230.0,0.1956521739130435,0.0,0.0,0.0,0.0,0.0,0.0
real_belarus_user,2025-06-04,28.0,0.0,0.0,0.0,0.0,2,4,6,0,26,13.428571428571429,19.833333333333332,71.71428571428571,0.0,0.0,0.0,0.0,0.0,27.0,0.0,0.0,0.0,0.0,0.0,1.0,0.0,73.0,230.0,0.3173913043478261,0.0,0.0,0.0,0.0,0.0,0.0
real_belarus_user,2025-06-05,0.0,55.0,0.0,0.0,0.0,3,5,6,0,25,12.285714285714286,19.7,79.57142857142857,0.0,0.0,0.0,0.0,0.0,0.0,0.0,0.0,0.0,0.0,0.0,0.0,0.0,73.0,285.0,0.256140350877193,0.0,0.0,0.0,0.0,0.0,0.0
real_belarus_user,2025-06-06,21.0,73.0,0.0,0.0,0.0,4,6,6,0,24,13.428571428571429,20.133333333333333,90.0,0.0,0.0,0.0,6.0,0.0,0.0,0.0,0.0,0.0,0.0,15.0,0.0,0.0,94.0,358.0,0.26256983240223464,0.0,0.0,0.0,0.0,0.0,0.0
real_belarus_user,2025-06-07,11.0,274.0,0.0,0.0,0.0,5,7,6,1,23,15.0,20.466666666666665,90.28571428571429,0.0,0.0,0.0,10.0,0.0,0.0,0.0,0.0,0.0,0.0,0.0,1.0,0.0,105.0,632.0,0.1661392405063291,0.0,0.0,0.0,0.0,0.0,0.0
real_belarus_user,2025-06-08,29.0,0.0,0.0,0.0,0.0,6,8,6,1,22,19.142857142857142,20.5,90.28571428571429,0.0,0.0,0.0,19.0,10.0,0.0,0.0,0.0,0.0,0.0,0.0,0.0,0.0,134.0,632.0,0.2120253164556962,0.0,0.0,0.0,0.0,0.0,0.0
real_belarus_user,2025-06-09,40.0,137.0,0.0,0.0,0.0,0,9,6,0,21,23.0,21.833333333333332,81.42857142857143,0.0,0.0,0.0,10.0,0.0,0.0,0.0,18.0,0.0,0.0,11.0,1.0,0.0,174.0,769.0,0.22626788036410922,0.0,0.0,0.0,0.0,0.0,0.0
real_belarus_user,2025-06-10,81.0,61.0,0.0,0.0,0.0,1,10,6,0,20,30.0,24.2,85.71428571428571,0.0,0.0,0.0,0.0,0.0,55.0,0.0,0.0,0.0,0.0,23.0,3.0,0.0,255.0,830.0,0.3072289156626506,0.0,0.0,0.0,0.0,0.0,0.0
real_belarus_user,2025-06-11,55.0,50.0,0.0,0.0,0.0,2,11,6,0,19,33.857142857142854,24.433333333333334,92.85714285714286,0.0,0.0,0.0,11.0,0.0,43.0,0.0,0.0,0.0,0.0,0.0,1.0,0.0,310.0,880.0,0.3522727272727273,0.0,0.0,0.0,0.0,0.0,0.0
real_belarus_user,2025-06-12,16.0,173.0,0.0,0.0,0.0,3,12,6,0,18,36.142857142857146,24.6,109.71428571428571,0.0,0.0,0.0,16.0,0.0,0.0,0.0,0.0,0.0,0.0,0.0,0.0,0.0,326.0,1053.0,0.30959164292497626,0.0,0.0,0.0,0.0,0.0,0.0
real_belarus_user,2025-06-13,1.0,81.0,0.0,0.0,0.0,4,13,6,0,17,33.285714285714285,24.4,110.85714285714286,0.0,0.0,0.0,0.0,0.0,0.0,0.0,0.0,0.0,0.0,0.0,1.0,0.0,327.0,1134.0,0.28835978835978837,0.0,0.0,0.0,0.0,0.0,0.0
real_belarus_user,2025-06-14,17.0,0.0,0.0,0.0,0.0,5,14,6,1,16,34.142857142857146,23.533333333333335,71.71428571428571,0.0,0.0,0.0,0.0,0.0,0.0,0.0,0.0,0.0,0.0,16.0,1.0,0.0,344.0,1134.0,0.30335097001763667,0.0,0.0,0.0,0.0,0.0,0.0
real_belarus_user,2025-06-15,0.0,148.0,0.0,0.0,0.0,6,15,6,1,15,30.0,22.866666666666667,92.85714285714286,0.0,0.0,0.0,0.0,0.0,0.0,0.0,0.0,0.0,0.0,0.0,0.0,0.0,344.0,1282.0,0.26833073322932915,0.0,0.0,0.0,0.0,0.0,0.0
real_belarus_user,2025-06-16,20.0,39.0,0.0,0.0,0.0,0,16,6,0,14,27.142857142857142,23.533333333333335,78.85714285714286,0.0,0.0,0.0,11.0,0.0,5.0,0.0,0.0,0.0,0.0,0.0,4.0,0.0,364.0,1321.0,0.27554882664647995,0.0,0.0,0.0,0.0,0.0,0.0
real_belarus_user,2025-06-17,1.0,320.0,0.0,0.0,0.0,1,17,6,0,13,15.714285714285714,23.066666666666666,115.85714285714286,0.0,0.0,0.0,0.0,0.0,0.0,0.0,0.0,0.0,0.0,0.0,1.0,0.0,365.0,1641.0,0.22242535039609995,0.0,0.0,0.0,0.0,0.0,0.0
real_belarus_user,2025-06-18,30.0,45.0,0.0,0.0,0.0,2,18,6,0,12,12.142857142857142,23.2,115.14285714285714,0.0,0.0,0.0,0.0,0.0,0.0,28.0,0.0,0.0,0.0,0.0,2.0,0.0,395.0,1686.0,0.23428232502965599,0.0,0.0,0.0,0.0,0.0,0.0
real_belarus_user,2025-06-19,26.0,51.0,0.0,0.0,0.0,3,19,6,0,11,13.571428571428571,23.966666666666665,97.71428571428571,0.0,0.0,0.0,15.0,0.0,0.0,0.0,0.0,0.0,0.0,11.0,0.0,0.0,421.0,1737.0,0.24237190558434082,0.0,0.0,0.0,0.0,0.0,0.0
real_belarus_user,2025-06-20,59.0,59.0,0.0,0.0,0.0,4,20,6,0,10,21.857142857142858,25.7,94.57142857142857,0.0,0.0,0.0,34.0,0.0,0.0,0.0,0.0,0.0,0.0,21.0,4.0,0.0,480.0,1796.0,0.267260579064588,0.0,0.0,0.0,0.0,0.0,0.0
real_belarus_user,2025-06-21,25.0,0.0,0.0,0.0,0.0,5,21,6,1,9,23.0,26.433333333333334,94.57142857142857,0.0,0.0,0.0,0.0,0.0,25.0,0.0,0.0,0.0,0.0,0.0,0.0,0.0,505.0,1796.0,0.2811804008908686,0.0,0.0,0.0,0.0,0.0,0.0
real_belarus_user,2025-06-22,8.0,8.0,0.0,0.0,0.0,6,22,6,1,8,24.142857142857142,26.566666666666666,74.57142857142857,0.0,0.0,0.0,0.0,0.0,0.0,8.0,0.0,0.0,0.0,0.0,0.0,0.0,513.0,1804.0,0.2843680709534368,0.0,0.0,0.0,0.0,0.0,0.0
real_belarus_user,2025-06-23,16.0,35.0,0.0,0.0,0.0,0,23,6,0,7,23.571428571428573,24.166666666666668,74.0,0.0,0.0,0.0,16.0,0.0,0.0,0.0,0.0,0.0,0.0,0.0,0.0,0.0,529.0,1839.0,0.2876563349646547,0.0,0.0,0.0,0.0,0.0,0.0
real_belarus_user,2025-06-24,22.0,0.0,0.0,0.0,0.0,1,24,6,0,6,26.571428571428573,19.6,28.285714285714285,0.0,0.0,0.0,4.0,0.0,0.0,0.0,0.0,0.0,0.0,16.0,2.0,0.0,551.0,1839.0,0.29961935834692766,0.0,0.0,0.0,0.0,0.0,0.0
real_belarus_user,2025-06-25,14.0,38.0,0.0,0.0,0.0,2,25,6,0,5,24.285714285714285,20.066666666666666,27.285714285714285,0.0,0.0,0.0,11.0,0.0,0.0,0.0,0.0,0.0,0.0,0.0,3.0,0.0,565.0,1877.0,0.30101225359616407,0.0,0.0,0.0,0.0,0.0,0.0
real_belarus_user,2025-06-26,12.0,137.0,0.0,0.0,0.0,3,26,6,0,4,22.285714285714285,20.266666666666666,39.57142857142857,0.0,0.0,0.0,11.0,0.0,0.0,0.0,0.0,0.0,0.0,0.0,1.0,0.0,577.0,2014.0,0.28649453823237336,0.0,0.0,0.0,0.0,0.0,0.0
real_belarus_user,2025-06-27,26.0,97.0,0.0,0.0,0.0,4,27,6,0,3,17.571428571428573,20.8,45.0,0.0,0.0,0.0,5.0,0.0,0.0,0.0,0.0,0.0,0.0,18.0,3.0,0.0,603.0,2111.0,0.2856466129796305,0.0,0.0,0.0,0.0,0.0,0.0
real_belarus_user,2025-06-28,38.0,0.0,0.0,0.0,0.0,5,28,6,1,2,19.428571428571427,21.8,45.0,0.0,0.0,0.0,26.0,0.0,0.0,11.0,0.0,0.0,0.0,0.0,1.0,0.0,641.0,2111.0,0.3036475603979157,0.0,0.0,0.0,0.0,0.0,0.0
real_belarus_user,2025-06-29,17.0,0.0,0.0,0.0,0.0,6,29,6,1,1,20.714285714285715,21.933333333333334,43.857142857142854,0.0,0.0,0.0,17.0,0.0,0.0,0.0,0.0,0.0,0.0,0.0,0.0,0.0,658.0,2111.0,0.31170061582188535,0.0,0.0,0.0,0.0,0.0,0.0
real_belarus_user,2025-06-30,37.0,116.0,0.0,0.0,0.0,0,30,6,0,0,23.714285714285715,23.166666666666668,55.42857142857143,0.0,0.0,0.0,35.0,0.0,0.0,0.0,0.0,0.0,0.0,0.0,2.0,0.0,695.0,2227.0,0.31207903008531657,0.0,0.0,0.0,0.0,0.0,0.0
real_belarus_user,2025-07-01,4.0,542.0,0.0,0.0,0.0,1,1,7,0,30,21.142857142857142,23.3,132.85714285714286,0.0,0.0,0.0,4.0,0.0,0.0,0.0,0.0,0.0,0.0,0.0,0.0,0.0,4.0,542.0,0.007380073800738007,0.0,0.0,0.0,0.0,0.0,0.0
real_belarus_user,2025-07-02,71.0,83.0,0.0,0.0,0.0,2,2,7,0,29,29.285714285714285,25.233333333333334,139.28571428571428,0.0,0.0,0.0,9.0,59.0,0.0,0.0,0.0,0.0,0.0,0.0,3.0,0.0,75.0,625.0,0.12,0.0,0.0,0.0,0.0,0.0,0.0
real_belarus_user,2025-07-03,10.0,0.0,0.0,0.0,0.0,3,3,7,0,28,29.0,24.5,119.71428571428571,0.0,0.0,0.0,9.0,0.0,0.0,0.0,0.0,0.0,0.0,0.0,1.0,0.0,85.0,625.0,0.136,0.0,0.0,0.0,0.0,0.0,0.0
real_belarus_user,2025-07-04,40.0,68.0,0.0,0.0,0.0,4,4,7,0,27,31.0,24.9,115.57142857142857,0.0,0.0,0.0,15.0,0.0,0.0,21.0,0.0,0.0,0.0,0.0,4.0,0.0,125.0,693.0,0.18037518037518038,0.0,0.0,0.0,0.0,0.0,0.0
real_belarus_user,2025-07-05,16.0,0.0,0.0,0.0,0.0,5,5,7,1,26,27.857142857142858,25.433333333333334,115.57142857142857,0.0,0.0,0.0,5.0,0.0,0.0,0.0,0.0,0.0,0.0,11.0,0.0,0.0,141.0,693.0,0.20346320346320346,0.0,0.0,0.0,0.0,0.0,0.0
real_belarus_user,2025-07-06,86.0,328.0,0.0,0.0,0.0,6,6,7,1,25,37.714285714285715,27.6,162.42857142857142,0.0,0.0,0.0,41.0,0.0,0.0,28.0,17.0,0.0,0.0,0.0,0.0,0.0,227.0,1021.0,0.22233104799216455,0.0,0.0,0.0,0.0,0.0,0.0
real_belarus_user,2025-07-07,72.0,44.0,0.0,0.0,0.0,0,7,7,0,24,42.714285714285715,29.633333333333333,152.14285714285714,0.0,0.0,0.0,13.0,0.0,0.0,0.0,0.0,0.0,32.0,26.0,1.0,0.0,299.0,1065.0,0.28075117370892017,0.0,0.0,0.0,0.0,0.0,0.0
real_belarus_user,2025-07-08,11.0,0.0,0.0,0.0,0.0,1,8,7,0,23,43.714285714285715,29.033333333333335,74.71428571428571,0.0,0.0,0.0,11.0,0.0,0.0,0.0,0.0,0.0,0.0,0.0,0.0,0.0,310.0,1065.0,0.29107981220657275,0.0,0.0,0.0,0.0,0.0,0.0
real_belarus_user,2025-07-09,26.0,43.0,0.0,0.0,0.0,2,9,7,0,22,37.285714285714285,28.566666666666666,69.0,0.0,0.0,0.0,23.0,0.0,0.0,0.0,0.0,0.0,0.0,0.0,3.0,0.0,336.0,1108.0,0.30324909747292417,0.0,0.0,0.0,0.0,0.0,0.0
real_belarus_user,2025-07-10,0.0,108.0,0.0,0.0,0.0,3,10,7,0,21,35.857142857142854,25.866666666666667,84.42857142857143,0.0,0.0,0.0,0.0,0.0,0.0,0.0,0.0,0.0,0.0,0.0,0.0,0.0,336.0,1216.0,0.27631578947368424,0.0,0.0,0.0,0.0,0.0,0.0
real_belarus_user,2025-07-11,33.0,28.0,0.0,0.0,0.0,4,11,7,0,20,34.857142857142854,25.133333333333333,78.71428571428571,0.0,0.0,0.0,28.0,4.0,0.0,0.0,0.0,0.0,0.0,0.0,1.0,0.0,369.0,1244.0,0.2966237942122186,0.0,0.0,0.0,0.0,0.0,0.0
real_belarus_user,2025-07-12,57.0,0.0,0.0,0.0,0.0,5,12,7,1,19,40.714285714285715,26.5,78.71428571428571,0.0,0.0,0.0,21.0,36.0,0.0,0.0,0.0,0.0,0.0,0.0,0.0,0.0,426.0,1244.0,0.342443729903537,0.0,0.0,0.0,0.0,0.0,0.0
real_belarus_user,2025-07-13,0.0,0.0,0.0,0.0,0.0,6,13,7,1,18,28.428571428571427,26.466666666666665,31.857142857142858,0.0,0.0,0.0,0.0,0.0,0.0,0.0,0.0,0.0,0.0,0.0,0.0,0.0,426.0,1244.0,0.342443729903537,0.0,0.0,0.0,0.0,0.0,0.0
real_belarus_user,2025-07-14,0.0,0.0,0.0,0.0,0.0,0,14,7,0,17,18.142857142857142,25.9,25.571428571428573,0.0,0.0,0.0,0.0,0.0,0.0,0.0,0.0,0.0,0.0,0.0,0.0,0.0,426.0,1244.0,0.342443729903537,0.0,0.0,0.0,0.0,0.0,0.0
real_belarus_user,2025-07-15,1.0,49.0,0.0,0.0,0.0,1,15,7,0,16,16.714285714285715,25.933333333333334,32.57142857142857,0.0,0.0,0.0,0.0,0.0,0.0,0.0,0.0,0.0,0.0,0.0,1.0,0.0,427.0,1293.0,0.33023975251353443,0.0,0.0,0.0,0.0,0.0,0.0
real_belarus_user,2025-07-16,52.0,85.0,0.0,0.0,0.0,2,16,7,0,15,20.428571428571427,27.0,38.57142857142857,0.0,0.0,24.0,4.0,0.0,0.0,0.0,0.0,0.0,0.0,21.0,3.0,0.0,479.0,1378.0,0.34760522496371554,0.0,0.0,0.0,0.0,0.0,0.0
real_belarus_user,2025-07-17,38.0,0.0,0.0,0.0,0.0,3,17,7,0,14,25.857142857142858,28.233333333333334,23.142857142857142,0.0,0.0,0.0,0.0,0.0,36.0,0.0,0.0,0.0,0.0,0.0,2.0,0.0,517.0,1378.0,0.3751814223512337,0.0,0.0,0.0,0.0,0.0,0.0
real_belarus_user,2025-07-18,1.0,39.0,0.0,0.0,0.0,4,18,7,0,13,21.285714285714285,27.266666666666666,24.714285714285715,0.0,0.0,0.0,0.0,0.0,0.0,0.0,0.0,0.0,0.0,0.0,1.0,0.0,518.0,1417.0,0.36556104446012705,0.0,0.0,0.0,0.0,0.0,0.0
real_belarus_user,2025-07-19,51.0,76.0,0.0,0.0,0.0,5,19,7,1,12,20.428571428571427,28.1,35.57142857142857,0.0,0.0,0.0,40.0,0.0,0.0,0.0,0.0,0.0,11.0,0.0,0.0,0.0,569.0,1493.0,0.3811118553248493,0.0,0.0,0.0,0.0,0.0,0.0
real_belarus_user,2025-07-20,109.0,219.0,0.0,0.0,0.0,6,20,7,1,11,36.0,29.766666666666666,66.85714285714286,0.0,0.0,0.0,18.0,0.0,0.0,11.0,0.0,0.0,64.0,14.0,2.0,0.0,678.0,1712.0,0.39602803738317754,0.0,0.0,0.0,0.0,0.0,0.0
real_belarus_user,2025-07-21,48.0,46.0,0.0,0.0,0.0,0,21,7,0,10,42.857142857142854,30.533333333333335,73.42857142857143,0.0,0.0,0.0,35.0,0.0,0.0,11.0,0.0,0.0,0.0,0.0,2.0,0.0,726.0,1758.0,0.4129692832764505,0.0,0.0,0.0,0.0,0.0,0.0
real_belarus_user,2025-07-22,9.0,28.0,0.0,0.0,0.0,1,22,7,0,9,44.0,30.566666666666666,70.42857142857143,0.0,0.0,0.0,6.0,0.0,0.0,0.0,0.0,0.0,0.0,0.0,3.0,0.0,735.0,1786.0,0.41153415453527437,0.0,0.0,0.0,0.0,0.0,0.0
real_belarus_user,2025-07-23,16.0,0.0,0.0,0.0,0.0,2,23,7,0,8,38.857142857142854,30.566666666666666,58.285714285714285,0.0,0.0,0.0,16.0,0.0,0.0,0.0,0.0,0.0,0.0,0.0,0.0,0.0,751.0,1786.0,0.42049272116461367,0.0,0.0,0.0,0.0,0.0,0.0
real_belarus_user,2025-07-24,0.0,0.0,0.0,0.0,0.0,3,24,7,0,7,33.42857142857143,29.833333333333332,58.285714285714285,0.0,0.0,0.0,0.0,0.0,0.0,0.0,0.0,0.0,0.0,0.0,0.0,0.0,751.0,1786.0,0.42049272116461367,0.0,0.0,0.0,0.0,0.0,0.0
real_belarus_user,2025-07-25,0.0,0.0,0.0,0.0,0.0,4,25,7,0,6,33.285714285714285,29.366666666666667,52.714285714285715,0.0,0.0,0.0,0.0,0.0,0.0,0.0,0.0,0.0,0.0,0.0,0.0,0.0,751.0,1786.0,0.42049272116461367,0.0,0.0,0.0,0.0,0.0,0.0
real_belarus_user,2025-07-26,0.0,0.0,0.0,0.0,0.0,5,26,7,1,5,26.0,28.966666666666665,41.857142857142854,0.0,0.0,0.0,0.0,0.0,0.0,0.0,0.0,0.0,0.0,0.0,0.0,0.0,751.0,1786.0,0.42049272116461367,0.0,0.0,0.0,0.0,0.0,0.0
real_belarus_user,2025-07-27,0.0,73.0,0.0,0.0,0.0,6,27,7,1,4,10.428571428571429,28.1,21.0,0.0,0.0,0.0,0.0,0.0,0.0,0.0,0.0,0.0,0.0,0.0,0.0,0.0,751.0,1859.0,0.4039806347498655,0.0,0.0,0.0,0.0,0.0,0.0
real_belarus_user,2025-07-28,12.0,0.0,0.0,0.0,0.0,0,28,7,0,3,5.285714285714286,27.233333333333334,14.428571428571429,0.0,0.0,0.0,0.0,0.0,12.0,0.0,0.0,0.0,0.0,0.0,0.0,0.0,763.0,1859.0,0.4104357181280258,0.0,0.0,0.0,0.0,0.0,0.0
real_belarus_user,2025-07-29,0.0,59.0,0.0,0.0,0.0,1,29,7,0,2,4.0,26.666666666666668,18.857142857142858,0.0,0.0,0.0,0.0,0.0,0.0,0.0,0.0,0.0,0.0,0.0,0.0,0.0,763.0,1918.0,0.3978102189781022,0.0,0.0,0.0,0.0,0.0,0.0
real_belarus_user,2025-07-30,2.0,49.0,0.0,0.0,0.0,2,30,7,0,1,2.0,25.5,25.857142857142858,0.0,0.0,0.0,0.0,0.0,0.0,0.0,0.0,0.0,0.0,0.0,2.0,0.0,765.0,1967.0,0.38891713268937467,0.0,0.0,0.0,0.0,0.0,0.0
real_belarus_user,2025-07-31,56.0,0.0,0.0,0.0,0.0,3,31,7,0,0,10.0,27.233333333333334,25.857142857142858,0.0,0.0,0.0,14.0,0.0,31.0,10.0,0.0,0.0,0.0,0.0,1.0,0.0,821.0,1967.0,0.4173868835790544,0.0,0.0,0.0,0.0,0.0,0.0
real_belarus_user,2025-08-01,6.0,86.0,0.0,0.0,0.0,4,1,8,0,30,10.857142857142858,25.066666666666666,38.142857142857146,0.0,0.0,0.0,5.0,0.0,0.0,0.0,0.0,0.0,0.0,0.0,1.0,0.0,6.0,86.0,0.06976744186046512,0.0,0.0,0.0,0.0,0.0,0.0
real_belarus_user,2025-08-02,18.0,161.0,0.0,0.0,0.0,5,2,8,1,29,13.428571428571429,25.333333333333332,61.142857142857146,0.0,0.0,0.0,18.0,0.0,0.0,0.0,0.0,0.0,0.0,0.0,0.0,0.0,24.0,247.0,0.09716599190283401,0.0,0.0,0.0,0.0,0.0,0.0
real_belarus_user,2025-08-03,48.0,117.0,0.0,0.0,0.0,6,3,8,1,28,20.285714285714285,25.6,67.42857142857143,0.0,0.0,0.0,48.0,0.0,0.0,0.0,0.0,0.0,0.0,0.0,0.0,0.0,72.0,364.0,0.1978021978021978,0.0,0.0,0.0,0.0,0.0,0.0
real_belarus_user,2025-08-04,13.0,49.0,0.0,0.0,0.0,0,4,8,0,27,20.428571428571427,25.5,74.42857142857143,0.0,0.0,0.0,5.0,0.0,0.0,0.0,0.0,0.0,0.0,5.0,3.0,0.0,85.0,413.0,0.20581113801452786,0.0,0.0,0.0,0.0,0.0,0.0
real_belarus_user,2025-08-05,71.0,15.0,0.0,0.0,0.0,1,5,8,0,26,30.571428571428573,25.0,68.14285714285714,0.0,0.0,0.0,12.0,0.0,0.0,0.0,59.0,0.0,0.0,0.0,0.0,0.0,156.0,428.0,0.3644859813084112,0.0,0.0,0.0,0.0,0.0,0.0
real_belarus_user,2025-08-06,2.0,0.0,0.0,0.0,0.0,2,6,8,0,25,30.571428571428573,22.666666666666668,61.142857142857146,0.0,0.0,0.0,2.0,0.0,0.0,0.0,0.0,0.0,0.0,0.0,0.0,0.0,158.0,428.0,0.3691588785046729,0.0,0.0,0.0,0.0,0.0,0.0
real_belarus_user,2025-08-07,0.0,0.0,0.0,0.0,0.0,3,7,8,0,24,22.571428571428573,22.3,61.142857142857146,0.0,0.0,0.0,0.0,0.0,0.0,0.0,0.0,0.0,0.0,0.0,0.0,0.0,158.0,428.0,0.3691588785046729,0.0,0.0,0.0,0.0,0.0,0.0
real_belarus_user,2025-08-08,4.0,69.0,0.0,0.0,0.0,4,8,8,0,23,22.285714285714285,21.566666666666666,58.714285714285715,0.0,0.0,0.0,4.0,0.0,0.0,0.0,0.0,0.0,0.0,0.0,0.0,0.0,162.0,497.0,0.32595573440643866,0.0,0.0,0.0,0.0,0.0,0.0
real_belarus_user,2025-08-09,0.0,0.0,0.0,0.0,0.0,5,9,8,1,22,19.714285714285715,21.566666666666666,35.714285714285715,0.0,0.0,0.0,0.0,0.0,0.0,0.0,0.0,0.0,0.0,0.0,0.0,0.0,162.0,497.0,0.32595573440643866,0.0,0.0,0.0,0.0,0.0,0.0
real_belarus_user,2025-08-10,0.0,50.0,0.0,0.0,0.0,6,10,8,1,21,12.857142857142858,20.466666666666665,26.142857142857142,0.0,0.0,0.0,0.0,0.0,0.0,0.0,0.0,0.0,0.0,0.0,0.0,0.0,162.0,547.0,0.2961608775137112,0.0,0.0,0.0,0.0,0.0,0.0
real_belarus_user,2025-08-11,10.0,18.0,0.0,0.0,0.0,0,11,8,0,20,12.428571428571429,18.9,21.714285714285715,0.0,0.0,0.0,5.0,0.0,0.0,0.0,0.0,0.0,0.0,0.0,5.0,0.0,172.0,565.0,0.30442477876106194,0.0,0.0,0.0,0.0,0.0,0.0
real_belarus_user,2025-08-12,28.0,42.0,0.0,0.0,0.0,1,12,8,0,19,6.285714285714286,19.833333333333332,25.571428571428573,0.0,0.0,0.0,0.0,0.0,0.0,25.0,0.0,0.0,0.0,0.0,3.0,0.0,200.0,607.0,0.32948929159802304,0.0,0.0,0.0,0.0,0.0,0.0
real_belarus_user,2025-08-13,3.0,29.0,0.0,0.0,0.0,2,13,8,0,18,6.428571428571429,19.933333333333334,29.714285714285715,0.0,0.0,0.0,0.0,0.0,0.0,0.0,0.0,0.0,0.0,0.0,3.0,0.0,203.0,636.0,0.3191823899371069,0.0,0.0,0.0,0.0,0.0,0.0
real_belarus_user,2025-08-14,11.0,289.0,0.0,0.0,0.0,3,14,8,0,17,8.0,20.266666666666666,71.0,0.0,0.0,0.0,11.0,0.0,0.0,0.0,0.0,0.0,0.0,0.0,0.0,0.0,214.0,925.0,0.23135135135135135,0.0,0.0,0.0,0.0,0.0,0.0
real_belarus_user,2025-08-15,30.0,87.0,0.0,0.0,0.0,4,15,8,0,16,11.714285714285714,19.533333333333335,73.57142857142857,0.0,0.0,0.0,27.0,0.0,0.0,0.0,0.0,0.0,0.0,0.0,3.0,0.0,244.0,1012.0,0.24110671936758893,0.0,0.0,0.0,0.0,0.0,0.0
real_belarus_user,2025-08-16,15.0,308.0,0.0,0.0,0.0,5,16,8,1,15,13.857142857142858,18.766666666666666,117.57142857142857,0.0,0.0,0.0,5.0,10.0,0.0,0.0,0.0,0.0,0.0,0.0,0.0,0.0,259.0,1320.0,0.1962121212121212,0.0,0.0,0.0,0.0,0.0,0.0
real_belarus_user,2025-08-17,42.0,0.0,0.0,0.0,0.0,6,17,8,1,14,19.857142857142858,20.133333333333333,110.42857142857143,0.0,0.0,0.0,31.0,0.0,0.0,11.0,0.0,0.0,0.0,0.0,0.0,0.0,301.0,1320.0,0.22803030303030303,0.0,0.0,0.0,0.0,0.0,0.0
real_belarus_user,2025-08-18,1.0,111.0,0.0,0.0,0.0,0,18,8,0,13,18.571428571428573,18.466666666666665,123.71428571428571,0.0,0.0,0.0,0.0,0.0,0.0,0.0,0.0,0.0,0.0,0.0,1.0,0.0,302.0,1431.0,0.21104122990915444,0.0,0.0,0.0,0.0,0.0,0.0
real_belarus_user,2025-08-19,76.0,0.0,0.0,0.0,0.0,1,19,8,0,12,25.428571428571427,17.366666666666667,117.71428571428571,71.0,0.0,0.0,0.0,0.0,0.0,0.0,0.0,0.0,0.0,0.0,5.0,0.0,378.0,1431.0,0.2641509433962264,0.0,0.0,0.0,0.0,0.0,0.0
real_belarus_user,2025-08-20,26.0,55.0,0.0,0.0,0.0,2,20,8,0,11,28.714285714285715,16.633333333333333,121.42857142857143,0.0,0.0,0.0,8.0,0.0,0.0,5.0,0.0,0.0,0.0,12.0,1.0,0.0,404.0,1486.0,0.2718707940780619,0.0,0.0,0.0,0.0,0.0,0.0
real_belarus_user,2025-08-21,5.0,7.0,0.0,0.0,0.0,3,21,8,0,10,27.857142857142858,16.5,81.14285714285714,0.0,0.0,0.0,5.0,0.0,0.0,0.0,0.0,0.0,0.0,0.0,0.0,0.0,409.0,1493.0,0.2739450770261219,0.0,0.0,0.0,0.0,0.0,0.0
real_belarus_user,2025-08-22,29.0,264.0,0.0,0.0,0.0,4,22,8,0,9,27.714285714285715,16.933333333333334,106.42857142857143,0.0,0.0,0.0,12.0,0.0,0.0,16.0,0.0,0.0,0.0,0.0,1.0,0.0,438.0,1757.0,0.24928856004553215,0.0,0.0,0.0,0.0,0.0,0.0
real_belarus_user,2025-08-23,57.0,0.0,0.0,0.0,0.0,5,23,8,1,8,33.714285714285715,18.833333333333332,62.42857142857143,0.0,0.0,0.0,55.0,0.0,0.0,0.0,0.0,0.0,0.0,0.0,2.0,0.0,495.0,1757.0,0.2817302219692658,0.0,0.0,0.0,0.0,0.0,0.0
real_belarus_user,2025-08-24,0.0,0.0,0.0,0.0,0.0,6,24,8,1,7,27.714285714285715,18.833333333333332,62.42857142857143,0.0,0.0,0.0,0.0,0.0,0.0,0.0,0.0,0.0,0.0,0.0,0.0,0.0,495.0,1757.0,0.2817302219692658,0.0,0.0,0.0,0.0,0.0,0.0
real_belarus_user,2025-08-25,6.0,67.0,0.0,0.0,0.0,0,25,8,0,6,28.428571428571427,19.033333333333335,56.142857142857146,0.0,0.0,0.0,3.0,0.0,0.0,0.0,0.0,0.0,0.0,0.0,3.0,0.0,501.0,1824.0,0.2746710526315789,0.0,0.0,0.0,0.0,0.0,0.0
real_belarus_user,2025-08-26,5.0,49.0,0.0,0.0,0.0,1,26,8,0,5,18.285714285714285,19.2,63.142857142857146,0.0,0.0,0.0,3.0,0.0,0.0,0.0,0.0,0.0,0.0,0.0,2.0,0.0,506.0,1873.0,0.2701548318206087,0.0,0.0,0.0,0.0,0.0,0.0
real_belarus_user,2025-08-27,21.0,50.0,0.0,0.0,0.0,2,27,8,0,4,17.571428571428573,19.5,62.42857142857143,0.0,0.0,0.0,19.0,0.0,0.0,0.0,0.0,0.0,0.0,0.0,2.0,0.0,527.0,1923.0,0.27405096203848156,0.0,0.0,0.0,0.0,0.0,0.0
real_belarus_user,2025-08-28,139.0,302.0,0.0,0.0,0.0,3,28,8,0,3,36.714285714285715,24.133333333333333,104.57142857142857,0.0,0.0,0.0,0.0,43.0,0.0,93.0,0.0,0.0,0.0,0.0,3.0,0.0,666.0,2225.0,0.2993258426966292,0.0,0.0,0.0,0.0,0.0,0.0
real_belarus_user,2025-08-29,1.0,22.0,0.0,0.0,0.0,4,29,8,0,2,32.714285714285715,24.1,70.0,0.0,0.0,0.0,0.0,0.0,0.0,0.0,0.0,0.0,0.0,0.0,1.0,0.0,667.0,2247.0,0.2968402314196707,0.0,0.0,0.0,0.0,0.0,0.0
real_belarus_user,2025-08-30,41.0,112.0,0.0,0.0,0.0,5,30,8,1,1,30.428571428571427,23.6,86.0,9.0,0.0,0.0,22.0,0.0,0.0,0.0,0.0,0.0,0.0,0.0,10.0,0.0,708.0,2359.0,0.30012717253073334,0.0,0.0,0.0,0.0,0.0,0.0
real_belarus_user,2025-08-31,127.0,0.0,0.0,0.0,0.0,6,31,8,1,0,48.57142857142857,27.633333333333333,86.0,0.0,0.0,0.0,93.0,0.0,0.0,12.0,0.0,0.0,0.0,12.0,10.0,0.0,835.0,2359.0,0.3539635438745231,0.0,0.0,0.0,0.0,0.0,0.0
real_belarus_user,2025-09-01,27.0,246.0,0.0,0.0,0.0,0,1,9,0,29,51.57142857142857,27.933333333333334,111.57142857142857,0.0,0.0,0.0,5.0,0.0,0.0,21.0,0.0,0.0,0.0,0.0,1.0,0.0,27.0,246.0,0.10975609756097561,0.0,0.0,0.0,0.0,0.0,0.0
real_belarus_user,2025-09-02,7.0,0.0,0.0,0.0,0.0,1,2,9,0,28,51.857142857142854,26.566666666666666,104.57142857142857,0.0,0.0,0.0,5.0,0.0,0.0,0.0,0.0,0.0,0.0,0.0,2.0,0.0,34.0,246.0,0.13821138211382114,0.0,0.0,0.0,0.0,0.0,0.0
real_belarus_user,2025-09-03,16.0,20.0,0.0,0.0,0.0,2,3,9,0,27,51.142857142857146,26.666666666666668,100.28571428571429,0.0,0.0,0.0,9.0,0.0,0.0,0.0,0.0,0.0,0.0,0.0,7.0,0.0,50.0,266.0,0.18796992481203006,0.0,0.0,0.0,0.0,0.0,0.0
real_belarus_user,2025-09-04,15.0,47.0,0.0,0.0,0.0,3,4,9,0,26,33.42857142857143,24.8,63.857142857142854,0.0,0.0,0.0,15.0,0.0,0.0,0.0,0.0,0.0,0.0,0.0,0.0,0.0,65.0,313.0,0.20766773162939298,0.0,0.0,0.0,0.0,0.0,0.0
real_belarus_user,2025-09-05,12.0,0.0,0.0,0.0,0.0,4,5,9,0,25,35.0,25.133333333333333,60.714285714285715,0.0,0.0,0.0,4.0,5.0,0.0,0.0,0.0,0.0,0.0,0.0,3.0,0.0,77.0,313.0,0.24600638977635783,0.0,0.0,0.0,0.0,0.0,0.0
real_belarus_user,2025-09-06,50.0,111.0,0.0,0.0,0.0,5,6,9,1,24,36.285714285714285,26.8,60.57142857142857,0.0,0.0,0.0,14.0,0.0,0.0,0.0,0.0,0.0,0.0,29.0,7.0,0.0,127.0,424.0,0.29952830188679247,0.0,0.0,0.0,0.0,0.0,0.0
real_belarus_user,2025-09-07,19.0,64.0,0.0,0.0,0.0,6,7,9,1,23,20.857142857142858,27.3,69.71428571428571,0.0,0.0,0.0,0.0,0.0,0.0,0.0,0.0,0.0,0.0,18.0,1.0,0.0,146.0,488.0,0.29918032786885246,0.0,0.0,0.0,0.0,0.0,0.0
real_belarus_user,2025-09-08,20.0,0.0,0.0,0.0,0.0,0,8,9,0,22,19.857142857142858,27.966666666666665,34.57142857142857,0.0,0.0,0.0,0.0,0.0,0.0,0.0,0.0,0.0,0.0,0.0,3.0,17.0,166.0,488.0,0.3401639344262295,0.0,0.0,0.0,0.0,0.0,0.0
real_belarus_user,2025-09-09,15.0,98.0,0.0,0.0,0.0,1,9,9,0,21,21.0,28.466666666666665,48.57142857142857,0.0,0.0,0.0,12.0,0.0,0.0,0.0,0.0,0.0,0.0,0.0,3.0,0.0,181.0,586.0,0.30887372013651876,0.0,0.0,0.0,0.0,0.0,0.0
real_belarus_user,2025-09-10,15.0,0.0,0.0,0.0,0.0,2,10,9,0,20,20.857142857142858,28.633333333333333,45.714285714285715,0.0,0.0,0.0,14.0,0.0,0.0,0.0,0.0,0.0,0.0,0.0,1.0,0.0,196.0,586.0,0.33447098976109213,0.0,0.0,0.0,0.0,0.0,0.0
real_belarus_user,2025-09-11,480.0,259.0,0.0,0.0,0.0,3,11,9,0,19,87.28571428571429,43.7,76.0,0.0,0.0,0.0,19.0,0.0,0.0,0.0,457.0,0.0,0.0,0.0,4.0,0.0,676.0,845.0,0.8,0.0,0.0,0.0,0.0,0.0,0.0
real_belarus_user,2025-09-12,2.0,83.0,0.0,0.0,0.0,4,12,9,0,18,85.85714285714286,43.666666666666664,87.85714285714286,0.0,0.0,0.0,0.0,0.0,0.0,0.0,0.0,0.0,0.0,0.0,2.0,0.0,678.0,928.0,0.7306034482758621,0.0,0.0,0.0,0.0,0.0,0.0
real_belarus_user,2025-09-13,8.0,124.0,0.0,0.0,0.0,5,13,9,1,17,79.85714285714286,43.56666666666667,89.71428571428571,0.0,0.0,0.0,0.0,0.0,0.0,0.0,0.0,0.0,0.0,6.0,2.0,0.0,686.0,1052.0,0.6520912547528517,0.0,0.0,0.0,0.0,0.0,0.0
real_belarus_user,2025-09-14,31.0,91.0,0.0,0.0,0.0,6,14,9,1,16,81.57142857142857,43.6,93.57142857142857,0.0,0.0,0.0,9.0,0.0,0.0,0.0,0.0,0.0,0.0,15.0,2.0,5.0,717.0,1143.0,0.6272965879265092,0.0,0.0,0.0,0.0,0.0,0.0
real_belarus_user,2025-09-15,1.0,279.0,0.0,0.0,0.0,0,15,9,0,15,78.85714285714286,43.13333333333333,133.42857142857142,0.0,0.0,0.0,0.0,0.0,0.0,0.0,0.0,0.0,0.0,0.0,1.0,0.0,718.0,1422.0,0.5049226441631505,0.0,0.0,0.0,0.0,0.0,0.0
real_belarus_user,2025-09-16,1.0,0.0,0.0,0.0,0.0,1,16,9,0,14,76.85714285714286,41.766666666666666,119.42857142857143,0.0,0.0,0.0,0.0,0.0,0.0,0.0,0.0,0.0,0.0,0.0,1.0,0.0,719.0,1422.0,0.5056258790436006,0.0,0.0,0.0,0.0,0.0,0.0
real_belarus_user,2025-09-17,90.0,28.0,0.0,0.0,0.0,2,17,9,0,13,87.57142857142857,44.733333333333334,123.42857142857143,0.0,0.0,0.0,4.0,0.0,73.0,0.0,0.0,0.0,0.0,0.0,1.0,12.0,809.0,1450.0,0.5579310344827586,0.0,0.0,0.0,0.0,0.0,0.0
real_belarus_user,2025-09-18,0.0,0.0,0.0,0.0,0.0,3,18,9,0,12,19.0,42.2,86.42857142857143,0.0,0.0,0.0,0.0,0.0,0.0,0.0,0.0,0.0,0.0,0.0,0.0,0.0,809.0,1450.0,0.5579310344827586,0.0,0.0,0.0,0.0,0.0,0.0
real_belarus_user,2025-09-19,0.0,0.0,0.0,0.0,0.0,4,19,9,0,11,18.714285714285715,41.333333333333336,74.57142857142857,0.0,0.0,0.0,0.0,0.0,0.0,0.0,0.0,0.0,0.0,0.0,0.0,0.0,809.0,1450.0,0.5579310344827586,0.0,0.0,0.0,0.0,0.0,0.0
real_belarus_user,2025-09-20,2.0,154.0,0.0,0.0,0.0,5,20,9,1,10,17.857142857142858,41.233333333333334,78.85714285714286,0.0,0.0,0.0,0.0,0.0,0.0,0.0,0.0,0.0,0.0,0.0,2.0,0.0,811.0,1604.0,0.5056109725685786,0.0,0.0,0.0,0.0,0.0,0.0
real_belarus_user,2025-09-21,3.0,111.0,0.0,0.0,0.0,6,21,9,1,9,13.857142857142858,40.36666666666667,81.71428571428571,0.0,0.0,0.0,0.0,0.0,0.0,0.0,0.0,0.0,0.0,0.0,3.0,0.0,814.0,1715.0,0.47463556851311955,0.0,0.0,0.0,0.0,0.0,0.0
real_belarus_user,2025-09-22,21.0,0.0,0.0,0.0,0.0,0,22,9,0,8,16.714285714285715,39.166666666666664,41.857142857142854,0.0,0.0,0.0,8.0,12.0,0.0,0.0,0.0,0.0,0.0,0.0,1.0,0.0,835.0,1715.0,0.4868804664723032,0.0,0.0,0.0,0.0,0.0,0.0
real_belarus_user,2025-09-23,5.0,1523.0,0.0,0.0,0.0,1,23,9,0,7,17.285714285714285,39.333333333333336,259.42857142857144,0.0,0.0,0.0,0.0,0.0,0.0,0.0,0.0,0.0,0.0,0.0,5.0,0.0,840.0,3238.0,0.25941939468807906,0.0,0.0,0.0,0.0,0.0,0.0
real_belarus_user,2025-09-24,37.0,113.0,0.0,0.0,0.0,2,24,9,0,6,9.714285714285714,40.36666666666667,271.57142857142856,0.0,0.0,0.0,34.0,0.0,0.0,0.0,0.0,0.0,0.0,0.0,3.0,0.0,877.0,3351.0,0.26171292151596537,0.0,0.0,0.0,0.0,0.0,0.0
real_belarus_user,2025-09-25,398.0,757.0,0.0,0.0,0.0,3,25,9,0,5,66.57142857142857,53.46666666666667,379.7142857142857,0.0,0.0,0.0,394.0,0.0,0.0,0.0,0.0,0.0,0.0,0.0,4.0,0.0,1275.0,4108.0,0.31037000973709833,0.0,0.0,0.0,0.0,0.0,0.0
real_belarus_user,2025-09-26,262.0,0.0,0.0,0.0,0.0,4,26,9,0,4,104.0,61.5,379.7142857142857,0.0,0.0,0.0,5.0,0.0,0.0,232.0,0.0,0.0,0.0,25.0,0.0,0.0,1537.0,4108.0,0.3741480038948393,0.0,0.0,0.0,0.0,0.0,0.0
real_belarus_user,2025-09-27,104.0,1310.0,0.0,0.0,0.0,5,27,9,1,3,118.57142857142857,60.333333333333336,544.8571428571429,0.0,0.0,0.0,76.0,0.0,0.0,0.0,0.0,0.0,0.0,24.0,4.0,0.0,1641.0,5418.0,0.3028792912513843,0.0,0.0,0.0,0.0,0.0,0.0
real_belarus_user,2025-09-28,11.0,281.0,0.0,0.0,0.0,6,28,9,1,2,119.71428571428571,60.666666666666664,569.1428571428571,0.0,0.0,0.0,9.0,0.0,0.0,0.0,0.0,0.0,0.0,0.0,2.0,0.0,1652.0,5699.0,0.2898754167397789,0.0,0.0,0.0,0.0,0.0,0.0
real_belarus_user,2025-09-29,1231.0,0.0,0.0,0.0,0.0,0,29,9,0,1,292.57142857142856,100.33333333333333,569.1428571428571,1129.0,88.0,0.0,12.0,0.0,0.0,0.0,0.0,0.0,0.0,0.0,2.0,0.0,2883.0,5699.0,0.5058782242498684,0.0,0.0,0.0,0.0,0.0,0.0
real_belarus_user,2025-09-30,45.0,31.0,0.0,0.0,0.0,1,30,9,0,0,298.2857142857143,97.6,356.0,0.0,0.0,0.0,4.0,0.0,0.0,31.0,0.0,0.0,0.0,0.0,6.0,4.0,2928.0,5730.0,0.5109947643979058,0.0,0.0,0.0,0.0,0.0,0.0
real_belarus_user,2025-10-01,31.0,0.0,0.0,0.0,0.0,2,1,10,0,30,297.42857142857144,97.73333333333333,339.85714285714283,0.0,0.0,0.0,28.0,0.0,0.0,0.0,0.0,0.0,0.0,0.0,3.0,0.0,31.0,0.0,0.0,0.0,0.0,0.0,0.0,0.0,0.0
real_belarus_user,2025-10-02,8.0,0.0,0.0,0.0,0.0,3,2,10,0,29,241.71428571428572,97.76666666666667,231.71428571428572,0.0,0.0,0.0,1.0,0.0,0.0,0.0,0.0,0.0,0.0,4.0,3.0,0.0,39.0,0.0,0.0,0.0,0.0,0.0,0.0,0.0,0.0
real_belarus_user,2025-10-03,59.0,0.0,0.0,0.0,0.0,4,3,10,0,28,212.71428571428572,99.2,231.71428571428572,0.0,0.0,0.0,59.0,0.0,0.0,0.0,0.0,0.0,0.0,0.0,0.0,0.0,98.0,0.0,0.0,0.0,0.0,0.0,0.0,0.0,0.0
real_belarus_user,2025-10-04,140.0,115.0,0.0,0.0,0.0,5,4,10,1,27,217.85714285714286,103.36666666666666,61.0,0.0,0.0,0.0,1.0,0.0,0.0,0.0,138.0,0.0,0.0,0.0,1.0,0.0,238.0,115.0,2.0695652173913044,0.0,0.0,0.0,0.0,0.0,0.0
real_belarus_user,2025-10-05,2.0,25.0,0.0,0.0,0.0,6,5,10,1,26,216.57142857142858,103.03333333333333,24.428571428571427,0.0,0.0,0.0,0.0,0.0,0.0,0.0,0.0,0.0,0.0,0.0,2.0,0.0,240.0,140.0,1.7142857142857142,0.0,0.0,0.0,0.0,0.0,0.0
real_belarus_user,2025-10-06,21.0,0.0,0.0,0.0,0.0,0,6,10,0,25,43.714285714285715,102.06666666666666,24.428571428571427,0.0,0.0,0.0,3.0,15.0,0.0,0.0,0.0,0.0,0.0,0.0,3.0,0.0,261.0,140.0,1.8642857142857143,0.0,0.0,0.0,0.0,0.0,0.0
real_belarus_user,2025-10-07,19.0,11.0,0.0,0.0,0.0,1,7,10,0,24,40.0,102.06666666666666,21.571428571428573,0.0,0.0,0.0,5.0,0.0,0.0,0.0,0.0,0.0,0.0,14.0,0.0,0.0,280.0,151.0,1.8543046357615893,0.0,0.0,0.0,0.0,0.0,0.0
real_belarus_user,2025-10-08,11.0,0.0,0.0,0.0,0.0,2,8,10,0,23,37.142857142857146,101.76666666666667,21.571428571428573,0.0,0.0,0.0,10.0,0.0,0.0,0.0,0.0,0.0,0.0,0.0,1.0,0.0,291.0,151.0,1.9271523178807948,0.0,0.0,0.0,0.0,0.0,0.0
real_belarus_user,2025-10-09,24.0,0.0,0.0,0.0,0.0,3,9,10,0,22,39.42857142857143,102.06666666666666,21.571428571428573,0.0,0.0,0.0,6.0,0.0,0.0,0.0,0.0,0.0,0.0,17.0,1.0,0.0,315.0,151.0,2.0860927152317883,0.0,0.0,0.0,0.0,0.0,0.0
real_belarus_user,2025-10-10,19.0,120.0,0.0,0.0,0.0,4,10,10,0,21,33.714285714285715,102.2,38.714285714285715,0.0,0.0,0.0,15.0,0.0,0.0,0.0,0.0,0.0,0.0,0.0,4.0,0.0,334.0,271.0,1.2324723247232472,0.0,0.0,0.0,0.0,0.0,0.0
real_belarus_user,2025-10-11,0.0,59.0,0.0,0.0,0.0,5,11,10,1,20,13.714285714285714,86.2,30.714285714285715,0.0,0.0,0.0,0.0,0.0,0.0,0.0,0.0,0.0,0.0,0.0,0.0,0.0,334.0,330.0,1.0121212121212122,0.0,0.0,0.0,0.0,0.0,0.0
real_belarus_user,2025-10-12,5.0,16.0,0.0,0.0,0.0,6,12,10,1,19,14.142857142857142,86.3,29.428571428571427,0.0,0.0,0.0,0.0,0.0,0.0,0.0,0.0,0.0,0.0,0.0,5.0,0.0,339.0,346.0,0.9797687861271677,0.0,0.0,0.0,0.0,0.0,0.0
real_belarus_user,2025-10-13,60.0,0.0,0.0,0.0,0.0,0,13,10,0,18,19.714285714285715,88.03333333333333,29.428571428571427,0.0,0.0,0.0,25.0,0.0,0.0,35.0,0.0,0.0,0.0,0.0,0.0,0.0,399.0,346.0,1.153179190751445,0.0,0.0,0.0,0.0,0.0,0.0
real_belarus_user,2025-10-14,44.0,13.0,0.0,0.0,0.0,1,14,10,0,17,23.285714285714285,88.46666666666667,29.714285714285715,0.0,0.0,0.0,4.0,27.0,0.0,0.0,0.0,0.0,0.0,9.0,4.0,0.0,443.0,359.0,1.233983286908078,0.0,0.0,0.0,0.0,0.0,0.0
real_belarus_user,2025-10-15,875.0,200.0,0.0,0.0,0.0,2,15,10,0,16,146.71428571428572,117.6,58.285714285714285,0.0,0.0,0.0,7.0,0.0,0.0,0.0,854.0,11.0,0.0,0.0,3.0,0.0,1318.0,559.0,2.3577817531305905,0.0,0.0,0.0,0.0,0.0,0.0
real_belarus_user,2025-10-16,9.0,0.0,0.0,0.0,0.0,3,16,10,0,15,144.57142857142858,117.86666666666666,58.285714285714285,0.0,0.0,0.0,5.0,0.0,0.0,0.0,0.0,0.0,0.0,0.0,4.0,0.0,1327.0,559.0,2.373881932021467,0.0,0.0,0.0,0.0,0.0,0.0
real_belarus_user,2025-10-17,70.0,197.0,0.0,0.0,0.0,4,17,10,0,14,151.85714285714286,117.2,69.28571428571429,0.0,0.0,0.0,0.0,0.0,70.0,0.0,0.0,0.0,0.0,0.0,0.0,0.0,1397.0,756.0,1.847883597883598,0.0,0.0,0.0,0.0,0.0,0.0
real_belarus_user,2025-10-18,40.0,51.0,0.0,0.0,0.0,5,18,10,1,13,157.57142857142858,118.53333333333333,68.14285714285714,0.0,0.0,0.0,6.0,0.0,0.0,29.0,0.0,0.0,0.0,0.0,5.0,0.0,1437.0,807.0,1.7806691449814127,0.0,0.0,0.0,0.0,0.0,0.0
real_belarus_user,2025-10-19,76.0,0.0,0.0,0.0,0.0,6,19,10,1,12,167.71428571428572,121.06666666666666,65.85714285714286,0.0,0.0,0.0,18.0,58.0,0.0,0.0,0.0,0.0,0.0,0.0,0.0,0.0,1513.0,807.0,1.8748451053283768,0.0,0.0,0.0,0.0,0.0,0.0
real_belarus_user,2025-10-20,8.0,1425.0,0.0,0.0,0.0,0,20,10,0,11,160.28571428571428,121.26666666666667,269.42857142857144,0.0,0.0,0.0,4.0,0.0,0.0,0.0,0.0,0.0,0.0,0.0,4.0,0.0,1521.0,2232.0,0.6814516129032258,0.0,0.0,0.0,0.0,0.0,0.0
real_belarus_user,2025-10-21,20.0,33.0,0.0,0.0,0.0,1,21,10,0,10,156.85714285714286,121.83333333333333,272.2857142857143,0.0,0.0,0.0,15.0,0.0,0.0,0.0,0.0,0.0,0.0,0.0,5.0,0.0,1541.0,2265.0,0.6803532008830022,0.0,0.0,0.0,0.0,0.0,0.0
real_belarus_user,2025-10-22,0.0,0.0,0.0,0.0,0.0,2,22,10,0,9,31.857142857142858,121.13333333333334,243.71428571428572,0.0,0.0,0.0,0.0,0.0,0.0,0.0,0.0,0.0,0.0,0.0,0.0,0.0,1541.0,2265.0,0.6803532008830022,0.0,0.0,0.0,0.0,0.0,0.0
real_belarus_user,2025-10-23,17.0,0.0,0.0,0.0,0.0,3,23,10,0,8,33.0,121.53333333333333,243.71428571428572,0.0,0.0,0.0,17.0,0.0,0.0,0.0,0.0,0.0,0.0,0.0,0.0,0.0,1558.0,2265.0,0.6878587196467991,0.0,0.0,0.0,0.0,0.0,0.0
real_belarus_user,2025-10-24,11.0,0.0,0.0,0.0,0.0,4,24,10,0,7,24.571428571428573,120.66666666666667,215.57142857142858,0.0,0.0,0.0,0.0,0.0,0.0,0.0,0.0,0.0,0.0,10.0,1.0,0.0,1569.0,2265.0,0.6927152317880795,0.0,0.0,0.0,0.0,0.0,0.0
real_belarus_user,2025-10-25,20.0,400.0,0.0,0.0,0.0,5,25,10,1,6,21.714285714285715,108.06666666666666,265.42857142857144,0.0,0.0,0.0,15.0,0.0,0.0,0.0,0.0,0.0,0.0,0.0,5.0,0.0,1589.0,2665.0,0.5962476547842401,0.0,0.0,0.0,0.0,0.0,0.0
real_belarus_user,2025-10-26,188.0,54.0,0.0,0.0,0.0,6,26,10,1,5,37.714285714285715,105.6,273.14285714285717,0.0,0.0,0.0,6.0,44.0,128.0,0.0,0.0,0.0,0.0,0.0,10.0,0.0,1777.0,2719.0,0.6535490989334314,0.0,0.0,0.0,0.0,0.0,0.0
real_belarus_user,2025-10-27,0.0,0.0,0.0,0.0,0.0,0,27,10,0,4,36.57142857142857,102.13333333333334,69.57142857142857,0.0,0.0,0.0,0.0,0.0,0.0,0.0,0.0,0.0,0.0,0.0,0.0,0.0,1777.0,2719.0,0.6535490989334314,0.0,0.0,0.0,0.0,0.0,0.0
real_belarus_user,2025-10-28,76.0,274.0,0.0,0.0,0.0,1,28,10,0,3,44.57142857142857,104.3,104.0,64.0,0.0,0.0,8.0,0.0,0.0,0.0,0.0,0.0,0.0,0.0,4.0,0.0,1853.0,2993.0,0.6191112596057468,0.0,0.0,0.0,0.0,0.0,0.0
real_belarus_user,2025-10-29,72.0,0.0,0.0,0.0,0.0,2,29,10,0,2,54.857142857142854,65.66666666666667,104.0,0.0,0.0,0.0,29.0,0.0,0.0,37.0,0.0,0.0,0.0,0.0,6.0,0.0,1925.0,2993.0,0.6431673905780154,0.0,0.0,0.0,0.0,0.0,0.0
real_belarus_user,2025-10-30,3.0,0.0,0.0,0.0,0.0,3,30,10,0,1,52.857142857142854,64.26666666666667,104.0,0.0,0.0,0.0,0.0,0.0,1.0,0.0,0.0,0.0,0.0,0.0,2.0,0.0,1928.0,2993.0,0.6441697293685266,0.0,0.0,0.0,0.0,0.0,0.0
real_belarus_user,2025-10-31,32.0,0.0,0.0,0.0,0.0,4,31,10,0,0,55.857142857142854,64.3,104.0,0.0,0.0,0.0,0.0,30.0,0.0,0.0,0.0,0.0,0.0,0.0,2.0,0.0,1960.0,2993.0,0.6548613431339793,0.0,0.0,0.0,0.0,0.0,0.0
real_belarus_user,2025-11-01,3.0,28.0,0.0,0.0,0.0,5,1,11,1,29,53.42857142857143,64.13333333333334,50.857142857142854,0.0,0.0,0.0,2.0,0.0,0.0,0.0,0.0,0.0,0.0,0.0,1.0,0.0,3.0,28.0,0.10714285714285714,0.0,0.0,0.0,0.0,0.0,0.0
real_belarus_user,2025-11-02,0.0,0.0,0.0,0.0,0.0,6,2,11,1,28,26.571428571428573,62.166666666666664,43.142857142857146,0.0,0.0,0.0,0.0,0.0,0.0,0.0,0.0,0.0,0.0,0.0,0.0,0.0,3.0,28.0,0.10714285714285714,0.0,0.0,0.0,0.0,0.0,0.0
real_belarus_user,2025-11-03,56.0,0.0,0.0,0.0,0.0,0,3,11,0,27,34.57142857142857,59.36666666666667,43.142857142857146,0.0,0.0,0.0,16.0,0.0,0.0,38.0,0.0,0.0,0.0,0.0,2.0,0.0,59.0,28.0,2.107142857142857,0.0,0.0,0.0,0.0,0.0,0.0
real_belarus_user,2025-11-04,7.0,3.0,0.0,0.0,0.0,1,4,11,0,26,24.714285714285715,59.53333333333333,4.428571428571429,0.0,0.0,0.0,4.0,0.0,0.0,0.0,0.0,0.0,0.0,0.0,3.0,0.0,66.0,31.0,2.129032258064516,0.0,0.0,0.0,0.0,0.0,0.0
real_belarus_user,2025-11-05,315.0,0.0,0.0,0.0,0.0,2,5,11,0,25,59.42857142857143,69.33333333333333,4.428571428571429,0.0,299.0,0.0,15.0,0.0,0.0,0.0,0.0,0.0,0.0,0.0,1.0,0.0,381.0,31.0,5.0,0.0,0.0,0.0,0.0,0.0,0.0
real_belarus_user,2025-11-06,31.0,0.0,0.0,0.0,0.0,3,6,11,0,24,63.42857142857143,69.73333333333333,4.428571428571429,0.0,0.0,0.0,31.0,0.0,0.0,0.0,0.0,0.0,0.0,0.0,0.0,0.0,412.0,31.0,5.0,0.0,0.0,0.0,0.0,0.0,0.0
real_belarus_user,2025-11-07,46.0,194.0,0.0,0.0,0.0,4,7,11,0,23,65.42857142857143,70.9,32.142857142857146,0.0,0.0,0.0,11.0,0.0,0.0,35.0,0.0,0.0,0.0,0.0,0.0,0.0,458.0,225.0,2.0355555555555553,0.0,0.0,0.0,0.0,0.0,0.0
real_belarus_user,2025-11-08,0.0,97.0,0.0,0.0,0.0,5,8,11,1,22,65.0,70.1,42.0,0.0,0.0,0.0,0.0,0.0,0.0,0.0,0.0,0.0,0.0,0.0,0.0,0.0,458.0,322.0,1.4223602484472049,0.0,0.0,0.0,0.0,0.0,0.0
real_belarus_user,2025-11-09,0.0,133.0,0.0,0.0,0.0,6,9,11,1,21,65.0,69.46666666666667,61.0,0.0,0.0,0.0,0.0,0.0,0.0,0.0,0.0,0.0,0.0,0.0,0.0,0.0,458.0,455.0,1.0065934065934066,0.0,0.0,0.0,0.0,0.0,0.0
real_belarus_user,2025-11-10,9.0,0.0,0.0,0.0,0.0,0,10,11,0,20,58.285714285714285,69.76666666666667,61.0,0.0,0.0,0.0,6.0,0.0,0.0,0.0,0.0,0.0,0.0,0.0,3.0,0.0,467.0,455.0,1.0263736263736263,0.0,0.0,0.0,0.0,0.0,0.0
real_belarus_user,2025-11-11,7.0,93.0,0.0,0.0,0.0,1,11,11,0,19,58.285714285714285,69.83333333333333,73.85714285714286,0.0,0.0,0.0,5.0,0.0,0.0,0.0,0.0,0.0,0.0,0.0,2.0,0.0,474.0,548.0,0.864963503649635,0.0,0.0,0.0,0.0,0.0,0.0
real_belarus_user,2025-11-12,11.0,0.0,0.0,0.0,0.0,2,12,11,0,18,14.857142857142858,68.2,73.85714285714286,0.0,0.0,0.0,10.0,0.0,0.0,0.0,0.0,0.0,0.0,0.0,1.0,0.0,485.0,548.0,0.885036496350365,0.0,0.0,0.0,0.0,0.0,0.0
real_belarus_user,2025-11-13,69.0,31.0,0.0,0.0,0.0,3,13,11,0,17,20.285714285714285,69.03333333333333,78.28571428571429,0.0,0.0,0.0,4.0,0.0,36.0,0.0,23.0,0.0,0.0,0.0,6.0,0.0,554.0,579.0,0.9568221070811744,0.0,0.0,0.0,0.0,0.0,0.0
real_belarus_user,2025-11-14,0.0,0.0,0.0,0.0,0.0,4,14,11,0,16,13.714285714285714,39.86666666666667,50.57142857142857,0.0,0.0,0.0,0.0,0.0,0.0,0.0,0.0,0.0,0.0,0.0,0.0,0.0,554.0,579.0,0.9568221070811744,0.0,0.0,0.0,0.0,0.0,0.0
real_belarus_user,2025-11-15,11.0,116.0,0.0,0.0,0.0,5,15,11,1,15,15.285714285714286,39.93333333333333,53.285714285714285,0.0,0.0,0.0,9.0,0.0,0.0,0.0,0.0,0.0,0.0,0.0,2.0,0.0,565.0,695.0,0.8129496402877698,0.0,0.0,0.0,0.0,0.0,0.0
real_belarus_user,2025-11-16,2.0,0.0,0.0,0.0,0.0,6,16,11,1,14,15.571428571428571,37.666666666666664,34.285714285714285,0.0,0.0,0.0,0.0,0.0,0.0,0.0,0.0,0.0,0.0,0.0,2.0,0.0,567.0,695.0,0.8158273381294964,0.0,0.0,0.0,0.0,0.0,0.0
real_belarus_user,2025-11-17,7.0,0.0,0.0,0.0,0.0,0,17,11,0,13,15.285714285714286,36.56666666666667,34.285714285714285,0.0,0.0,0.0,5.0,0.0,0.0,0.0,0.0,0.0,0.0,0.0,2.0,0.0,574.0,695.0,0.8258992805755395,0.0,0.0,0.0,0.0,0.0,0.0
real_belarus_user,2025-11-18,100.0,17.0,0.0,0.0,0.0,1,18,11,0,12,28.571428571428573,37.36666666666667,23.428571428571427,0.0,0.0,0.0,10.0,79.0,0.0,0.0,0.0,0.0,0.0,9.0,2.0,0.0,674.0,712.0,0.9466292134831461,0.0,0.0,0.0,0.0,0.0,0.0
real_belarus_user,2025-11-19,1.0,0.0,0.0,0.0,0.0,2,19,11,0,11,27.142857142857142,37.13333333333333,23.428571428571427,0.0,0.0,0.0,0.0,0.0,0.0,0.0,0.0,0.0,0.0,0.0,1.0,0.0,675.0,712.0,0.9480337078651685,0.0,0.0,0.0,0.0,0.0,0.0
real_belarus_user,2025-11-20,21.0,133.0,0.0,0.0,0.0,3,20,11,0,10,20.285714285714285,37.166666666666664,38.0,0.0,0.0,0.0,17.0,0.0,0.0,0.0,0.0,0.0,0.0,0.0,4.0,0.0,696.0,845.0,0.8236686390532545,0.0,0.0,0.0,0.0,0.0,0.0
real_belarus_user,2025-11-21,15.0,0.0,0.0,0.0,0.0,4,21,11,0,9,22.428571428571427,37.666666666666664,38.0,0.0,0.0,0.0,11.0,0.0,0.0,0.0,0.0,0.0,0.0,0.0,4.0,0.0,711.0,845.0,0.8414201183431953,0.0,0.0,0.0,0.0,0.0,0.0
real_belarus_user,2025-11-22,11.0,65.0,0.0,0.0,0.0,5,22,11,1,8,22.428571428571427,37.46666666666667,30.714285714285715,0.0,0.0,0.0,11.0,0.0,0.0,0.0,0.0,0.0,0.0,0.0,0.0,0.0,722.0,910.0,0.7934065934065934,0.0,0.0,0.0,0.0,0.0,0.0
real_belarus_user,2025-11-23,0.0,0.0,0.0,0.0,0.0,6,23,11,1,7,22.142857142857142,37.1,30.714285714285715,0.0,0.0,0.0,0.0,0.0,0.0,0.0,0.0,0.0,0.0,0.0,0.0,0.0,722.0,910.0,0.7934065934065934,0.0,0.0,0.0,0.0,0.0,0.0
real_belarus_user,2025-11-24,17.0,0.0,0.0,0.0,0.0,0,24,11,0,6,23.571428571428573,37.0,30.714285714285715,0.0,0.0,0.0,13.0,0.0,0.0,0.0,0.0,0.0,0.0,0.0,4.0,0.0,739.0,910.0,0.8120879120879121,0.0,0.0,0.0,0.0,0.0,0.0
real_belarus_user,2025-11-25,31.0,67.0,0.0,0.0,0.0,1,25,11,0,5,13.714285714285714,31.766666666666666,37.857142857142854,0.0,0.0,0.0,11.0,0.0,0.0,0.0,0.0,0.0,0.0,18.0,2.0,0.0,770.0,977.0,0.7881269191402251,0.0,0.0,0.0,0.0,0.0,0.0
real_belarus_user,2025-11-26,3.0,0.0,0.0,0.0,0.0,2,26,11,0,4,14.0,31.866666666666667,37.857142857142854,0.0,0.0,0.0,2.0,0.0,0.0,0.0,0.0,0.0,0.0,0.0,1.0,0.0,773.0,977.0,0.7911975435005117,0.0,0.0,0.0,0.0,0.0,0.0
real_belarus_user,2025-11-27,12.0,0.0,0.0,0.0,0.0,3,27,11,0,3,12.714285714285714,29.733333333333334,18.857142857142858,0.0,0.0,0.0,10.0,0.0,0.0,0.0,0.0,0.0,0.0,0.0,2.0,0.0,785.0,977.0,0.8034800409416581,0.0,0.0,0.0,0.0,0.0,0.0
real_belarus_user,2025-11-28,0.0,132.0,0.0,0.0,0.0,4,28,11,0,2,10.571428571428571,27.333333333333332,37.714285714285715,0.0,0.0,0.0,0.0,0.0,0.0,0.0,0.0,0.0,0.0,0.0,0.0,0.0,785.0,1109.0,0.7078449053201082,0.0,0.0,0.0,0.0,0.0,0.0
real_belarus_user,2025-11-29,5.0,208.0,0.0,0.0,0.0,5,29,11,1,1,9.714285714285714,27.4,58.142857142857146,0.0,0.0,0.0,5.0,0.0,0.0,0.0,0.0,0.0,0.0,0.0,0.0,0.0,790.0,1317.0,0.5998481397114654,0.0,0.0,0.0,0.0,0.0,0.0
real_belarus_user,2025-11-30,114.0,0.0,0.0,0.0,0.0,6,30,11,1,0,26.0,30.133333333333333,58.142857142857146,0.0,0.0,0.0,0.0,0.0,114.0,0.0,0.0,0.0,0.0,0.0,0.0,0.0,904.0,1317.0,0.686408504176158,0.0,0.0,0.0,0.0,0.0,0.0
real_ramya_user,2020-01-02,2961.27,0.0,0.0,0.0,0.0,3,2,1,0,29,2961.27,2961.27,0.0,0.0,0.0,0.0,1485.69,0.0,0.0,0.0,0.0,0.0,0.0,0.0,0.0,0.0,2961.27,0.0,0.0,0.0,0.0,0.0,0.0,0.0,1475.58
real_ramya_user,2020-01-03,0.0,0.0,0.0,0.0,0.0,4,3,1,0,28,1480.635,1480.635,0.0,0.0,0.0,0.0,0.0,0.0,0.0,0.0,0.0,0.0,0.0,0.0,0.0,0.0,2961.27,0.0,0.0,0.0,0.0,0.0,0.0,0.0,0.0
real_ramya_user,2020-01-04,1185.08,0.0,0.0,0.0,0.0,5,4,1,1,27,1382.1166666666668,1382.1166666666668,0.0,0.0,0.0,0.0,0.0,0.0,0.0,0.0,0.0,0.0,0.0,0.0,0.0,0.0,4146.35,0.0,0.0,0.0,0.0,1185.08,0.0,0.0,0.0
real_ramya_user,2020-01-05,0.0,2291.0,0.0,0.0,0.0,6,5,1,1,26,1036.5875,1036.5875,572.75,0.0,0.0,0.0,0.0,0.0,0.0,0.0,0.0,0.0,0.0,0.0,0.0,0.0,4146.35,2291.0,1.8098428633784376,0.0,0.0,0.0,0.0,0.0,0.0
real_ramya_user,2020-01-06,0.0,0.0,0.0,0.0,0.0,0,6,1,0,25,829.2700000000001,829.2700000000001,458.2,0.0,0.0,0.0,0.0,0.0,0.0,0.0,0.0,0.0,0.0,0.0,0.0,0.0,4146.35,2291.0,1.8098428633784376,0.0,0.0,0.0,0.0,0.0,0.0
real_ramya_user,2020-01-07,0.0,0.0,0.0,0.0,0.0,1,7,1,0,24,691.0583333333334,691.0583333333334,381.8333333333333,0.0,0.0,0.0,0.0,0.0,0.0,0.0,0.0,0.0,0.0,0.0,0.0,0.0,4146.35,2291.0,1.8098428633784376,0.0,0.0,0.0,0.0,0.0,0.0
real_ramya_user,2020-01-08,0.0,0.0,0.0,0.0,0.0,2,8,1,0,23,592.3357142857143,592.3357142857143,327.2857142857143,0.0,0.0,0.0,0.0,0.0,0.0,0.0,0.0,0.0,0.0,0.0,0.0,0.0,4146.35,2291.0,1.8098428633784376,0.0,0.0,0.0,0.0,0.0,0.0
real_ramya_user,2020-01-09,0.0,0.0,0.0,0.0,0.0,3,9,1,0,22,169.29714285714286,518.29375,327.2857142857143,0.0,0.0,0.0,0.0,0.0,0.0,0.0,0.0,0.0,0.0,0.0,0.0,0.0,4146.35,2291.0,1.8098428633784376,0.0,0.0,0.0,0.0,0.0,0.0
real_ramya_user,2020-01-10,0.0,0.0,0.0,0.0,0.0,4,10,1,0,21,169.29714285714286,460.7055555555556,327.2857142857143,0.0,0.0,0.0,0.0,0.0,0.0,0.0,0.0,0.0,0.0,0.0,0.0,0.0,4146.35,2291.0,1.8098428633784376,0.0,0.0,0.0,0.0,0.0,0.0
real_ramya_user,2020-01-11,0.0,0.0,0.0,0.0,0.0,5,11,1,1,20,0.0,414.63500000000005,327.2857142857143,0.0,0.0,0.0,0.0,0.0,0.0,0.0,0.0,0.0,0.0,0.0,0.0,0.0,4146.35,2291.0,1.8098428633784376,0.0,0.0,0.0,0.0,0.0,0.0
real_ramya_user,2020-01-12,0.0,0.0,0.0,0.0,0.0,6,12,1,1,19,0.0,376.94090909090914,0.0,0.0,0.0,0.0,0.0,0.0,0.0,0.0,0.0,0.0,0.0,0.0,0.0,0.0,4146.35,2291.0,1.8098428633784376,0.0,0.0,0.0,0.0,0.0,0.0
real_ramya_user,2020-01-13,1126.88,0.0,0.0,0.0,0.0,0,13,1,0,18,160.98285714285717,439.4358333333333,0.0,0.0,0.0,0.0,1126.88,0.0,0.0,0.0,0.0,0.0,0.0,0.0,0.0,0.0,5273.23,2291.0,2.301715408118725,0.0,0.0,0.0,0.0,0.0,0.0
real_ramya_user,2020-01-14,448.68,0.0,0.0,0.0,0.0,1,14,1,0,17,225.08,440.1469230769231,0.0,0.0,0.0,0.0,0.0,0.0,0.0,0.0,0.0,0.0,0.0,0.0,0.0,0.0,5721.91,2291.0,2.4975600174596244,0.0,0.0,0.0,448.68,0.0,0.0
real_ramya_user,2020-01-15,0.0,0.0,0.0,0.0,0.0,2,15,1,0,16,225.08,408.7078571428571,0.0,0.0,0.0,0.0,0.0,0.0,0.0,0.0,0.0,0.0,0.0,0.0,0.0,0.0,5721.91,2291.0,2.4975600174596244,0.0,0.0,0.0,0.0,0.0,0.0
real_ramya_user,2020-01-16,0.0,0.0,0.0,0.0,0.0,3,16,1,0,15,225.08,381.46066666666667,0.0,0.0,0.0,0.0,0.0,0.0,0.0,0.0,0.0,0.0,0.0,0.0,0.0,0.0,5721.91,2291.0,2.4975600174596244,0.0,0.0,0.0,0.0,0.0,0.0
real_ramya_user,2020-01-17,0.0,0.0,0.0,0.0,0.0,4,17,1,0,14,225.08,357.619375,0.0,0.0,0.0,0.0,0.0,0.0,0.0,0.0,0.0,0.0,0.0,0.0,0.0,0.0,5721.91,2291.0,2.4975600174596244,0.0,0.0,0.0,0.0,0.0,0.0
real_ramya_user,2020-01-18,1520.03,0.0,0.0,0.0,0.0,5,18,1,1,13,442.2271428571429,425.9964705882353,0.0,0.0,0.0,0.0,1520.03,0.0,0.0,0.0,0.0,0.0,0.0,0.0,0.0,0.0,7241.9400000000005,2291.0,3.1610388476647753,0.0,0.0,0.0,0.0,0.0,0.0
real_ramya_user,2020-01-19,0.0,3287.0,0.0,0.0,0.0,6,19,1,1,12,442.2271428571429,402.33000000000004,469.57142857142856,0.0,0.0,0.0,0.0,0.0,0.0,0.0,0.0,0.0,0.0,0.0,0.0,0.0,7241.9400000000005,5578.0,1.2983040516314093,0.0,0.0,0.0,0.0,0.0,0.0
real_ramya_user,2020-01-20,0.0,0.0,0.0,0.0,0.0,0,20,1,0,11,281.2442857142857,381.1547368421053,469.57142857142856,0.0,0.0,0.0,0.0,0.0,0.0,0.0,0.0,0.0,0.0,0.0,0.0,0.0,7241.9400000000005,5578.0,1.2983040516314093,0.0,0.0,0.0,0.0,0.0,0.0
real_ramya_user,2020-01-21,1914.85,0.0,0.0,0.0,0.0,1,21,1,0,10,490.69714285714286,457.83950000000004,469.57142857142856,0.0,0.0,0.0,0.0,0.0,0.0,0.0,0.0,0.0,0.0,0.0,0.0,0.0,9156.79,5578.0,1.6415901756902116,1914.85,0.0,0.0,0.0,0.0,0.0
real_ramya_user,2020-01-22,0.0,0.0,0.0,0.0,0.0,2,22,1,0,9,490.69714285714286,436.0376190476191,469.57142857142856,0.0,0.0,0.0,0.0,0.0,0.0,0.0,0.0,0.0,0.0,0.0,0.0,0.0,9156.79,5578.0,1.6415901756902116,0.0,0.0,0.0,0.0,0.0,0.0
real_ramya_user,2020-01-23,0.0,0.0,0.0,0.0,0.0,3,23,1,0,8,490.69714285714286,416.2177272727273,469.57142857142856,0.0,0.0,0.0,0.0,0.0,0.0,0.0,0.0,0.0,0.0,0.0,0.0,0.0,9156.79,5578.0,1.6415901756902116,0.0,0.0,0.0,0.0,0.0,0.0
real_ramya_user,2020-01-24,0.0,0.0,0.0,0.0,0.0,4,24,1,0,7,490.69714285714286,398.12130434782614,469.57142857142856,0.0,0.0,0.0,0.0,0.0,0.0,0.0,0.0,0.0,0.0,0.0,0.0,0.0,9156.79,5578.0,1.6415901756902116,0.0,0.0,0.0,0.0,0.0,0.0
real_ramya_user,2020-01-25,1977.47,0.0,0.0,0.0,0.0,5,25,1,1,6,556.0457142857142,463.9275,469.57142857142856,0.0,0.0,0.0,0.0,0.0,0.0,0.0,0.0,0.0,0.0,0.0,0.0,0.0,11134.26,5578.0,1.99610254571531,0.0,1211.41,766.06,0.0,0.0,0.0
real_ramya_user,2020-01-26,1077.09,0.0,0.0,0.0,0.0,6,26,1,1,5,709.9157142857142,488.454,0.0,0.0,0.0,0.0,0.0,0.0,0.0,0.0,0.0,0.0,1077.09,0.0,0.0,0.0,12211.35,5578.0,2.189198637504482,0.0,0.0,0.0,0.0,0.0,0.0
real_ramya_user,2020-01-27,0.0,0.0,0.0,0.0,0.0,0,27,1,0,4,709.9157142857142,469.6673076923077,0.0,0.0,0.0,0.0,0.0,0.0,0.0,0.0,0.0,0.0,0.0,0.0,0.0,0.0,12211.35,5578.0,2.189198637504482,0.0,0.0,0.0,0.0,0.0,0.0
real_ramya_user,2020-01-28,0.0,0.0,0.0,0.0,0.0,1,28,1,0,3,436.36571428571426,452.27222222222224,0.0,0.0,0.0,0.0,0.0,0.0,0.0,0.0,0.0,0.0,0.0,0.0,0.0,0.0,12211.35,5578.0,2.189198637504482,0.0,0.0,0.0,0.0,0.0,0.0
real_ramya_user,2020-01-29,166.81,0.0,0.0,0.0,0.0,2,29,1,0,2,460.19571428571425,442.07714285714286,0.0,0.0,0.0,0.0,0.0,0.0,0.0,0.0,0.0,0.0,0.0,0.0,0.0,0.0,12378.16,5578.0,2.2191036213696664,0.0,0.0,0.0,166.81,0.0,0.0
real_ramya_user,2020-01-30,1158.93,0.0,0.0,0.0,0.0,3,30,1,0,1,625.7571428571429,466.7962068965517,0.0,0.0,0.0,0.0,0.0,0.0,0.0,0.0,0.0,0.0,0.0,0.0,0.0,0.0,13537.09,5578.0,2.426871638580136,0.0,1158.93,0.0,0.0,0.0,0.0
real_ramya_user,2020-01-31,3601.16,0.0,0.0,0.0,0.0,4,31,1,0,0,1140.2085714285715,571.275,0.0,0.0,0.0,0.0,1325.91,0.0,0.0,0.0,0.0,0.0,0.0,0.0,0.0,0.0,17138.25,5578.0,3.0724722122624595,0.0,0.0,1712.08,563.17,0.0,0.0
real_ramya_user,2020-02-01,0.0,0.0,0.0,0.0,0.0,5,1,2,1,28,857.7128571428572,472.566,0.0,0.0,0.0,0.0,0.0,0.0,0.0,0.0,0.0,0.0,0.0,0.0,0.0,0.0,0.0,0.0,0.0,0.0,0.0,0.0,0.0,0.0,0.0
real_ramya_user,2020-02-02,333.68,0.0,0.0,0.0,0.0,6,2,2,1,27,751.5114285714286,483.6886666666667,0.0,0.0,0.0,0.0,0.0,0.0,0.0,0.0,0.0,0.0,0.0,0.0,0.0,0.0,333.68,0.0,0.0,0.0,333.68,0.0,0.0,0.0,0.0
real_ramya_user,2020-02-03,0.0,0.0,0.0,0.0,0.0,0,3,2,0,26,751.5114285714286,444.186,0.0,0.0,0.0,0.0,0.0,0.0,0.0,0.0,0.0,0.0,0.0,0.0,0.0,0.0,333.68,0.0,0.0,0.0,0.0,0.0,0.0,0.0,0.0
real_ramya_user,2020-02-04,1406.62,0.0,0.0,0.0,0.0,1,4,2,0,25,952.4571428571428,491.0733333333333,0.0,0.0,0.0,0.0,0.0,0.0,0.0,0.0,0.0,0.0,0.0,0.0,0.0,0.0,1740.3,0.0,0.0,0.0,0.0,0.0,0.0,1406.62,0.0
real_ramya_user,2020-02-05,1222.17,1838.0,0.0,0.0,0.0,2,5,2,0,24,1103.2228571428573,531.8123333333333,262.57142857142856,0.0,0.0,0.0,0.0,0.0,0.0,0.0,0.0,0.0,0.0,0.0,0.0,0.0,2962.4700000000003,1838.0,1.6117899891186074,0.0,0.0,1222.17,0.0,0.0,0.0
real_ramya_user,2020-02-06,0.0,0.0,0.0,0.0,0.0,3,6,2,0,23,937.6614285714286,531.8123333333333,262.57142857142856,0.0,0.0,0.0,0.0,0.0,0.0,0.0,0.0,0.0,0.0,0.0,0.0,0.0,2962.4700000000003,1838.0,1.6117899891186074,0.0,0.0,0.0,0.0,0.0,0.0
real_ramya_user,2020-02-07,3351.53,0.0,0.0,0.0,0.0,4,7,2,0,22,902.0,643.5300000000001,262.57142857142856,0.0,0.0,0.0,0.0,0.0,0.0,0.0,0.0,0.0,0.0,0.0,0.0,0.0,6314.0,1838.0,3.4352557127312298,1372.38,0.0,0.0,0.0,1979.15,0.0
real_ramya_user,2020-02-08,465.81,3786.0,0.0,0.0,0.0,5,8,2,1,21,968.5442857142858,659.057,803.4285714285714,0.0,0.0,0.0,465.81,0.0,0.0,0.0,0.0,0.0,0.0,0.0,0.0,0.0,6779.81,5624.0,1.2055138691322902,0.0,0.0,0.0,0.0,0.0,0.0
real_ramya_user,2020-02-09,1827.14,0.0,0.0,0.0,0.0,6,9,2,1,20,1181.8957142857143,719.9616666666666,803.4285714285714,0.0,0.0,0.0,0.0,0.0,0.0,0.0,0.0,0.0,0.0,0.0,0.0,0.0,8606.95,5624.0,1.5303965149359888,1827.14,0.0,0.0,0.0,0.0,0.0
real_ramya_user,2020-02-10,0.0,0.0,0.0,0.0,0.0,0,10,2,0,19,1181.8957142857143,719.9616666666666,803.4285714285714,0.0,0.0,0.0,0.0,0.0,0.0,0.0,0.0,0.0,0.0,0.0,0.0,0.0,8606.95,5624.0,1.5303965149359888,0.0,0.0,0.0,0.0,0.0,0.0
real_ramya_user,2020-02-11,433.13,0.0,0.0,0.0,0.0,1,11,2,0,18,1042.8257142857142,734.3993333333333,803.4285714285714,0.0,0.0,0.0,0.0,0.0,0.0,0.0,0.0,0.0,0.0,0.0,0.0,0.0,9040.08,5624.0,1.607411095305832,0.0,433.13,0.0,0.0,0.0,0.0
real_ramya_user,2020-02-12,0.0,0.0,0.0,0.0,0.0,2,12,2,0,17,868.2299999999999,696.8366666666666,540.8571428571429,0.0,0.0,0.0,0.0,0.0,0.0,0.0,0.0,0.0,0.0,0.0,0.0,0.0,9040.08,5624.0,1.607411095305832,0.0,0.0,0.0,0.0,0.0,0.0
real_ramya_user,2020-02-13,294.31,0.0,0.0,0.0,0.0,3,13,2,0,16,910.2742857142857,691.691,540.8571428571429,0.0,0.0,0.0,0.0,0.0,0.0,0.0,0.0,0.0,294.31,0.0,0.0,0.0,9334.39,5624.0,1.6597421763869131,0.0,0.0,0.0,0.0,0.0,0.0
real_ramya_user,2020-02-14,0.0,0.0,0.0,0.0,0.0,4,14,2,0,15,431.4842857142857,691.691,540.8571428571429,0.0,0.0,0.0,0.0,0.0,0.0,0.0,0.0,0.0,0.0,0.0,0.0,0.0,9334.39,5624.0,1.6597421763869131,0.0,0.0,0.0,0.0,0.0,0.0
real_ramya_user,2020-02-15,0.0,4009.0,0.0,0.0,0.0,5,15,2,1,14,364.94,691.691,572.7142857142857,0.0,0.0,0.0,0.0,0.0,0.0,0.0,0.0,0.0,0.0,0.0,0.0,0.0,9334.39,9633.0,0.9690013495276653,0.0,0.0,0.0,0.0,0.0,0.0
real_ramya_user,2020-02-16,1754.33,0.0,0.0,0.0,0.0,6,16,2,1,13,354.5385714285714,750.1686666666666,572.7142857142857,0.0,0.0,0.0,0.0,0.0,0.0,0.0,0.0,0.0,0.0,0.0,0.0,0.0,11088.72,9633.0,1.151118031765805,0.0,0.0,0.0,730.37,0.0,1023.96
real_ramya_user,2020-02-17,0.0,0.0,0.0,0.0,0.0,0,17,2,0,12,354.5385714285714,699.501,572.7142857142857,0.0,0.0,0.0,0.0,0.0,0.0,0.0,0.0,0.0,0.0,0.0,0.0,0.0,11088.72,9633.0,1.151118031765805,0.0,0.0,0.0,0.0,0.0,0.0
real_ramya_user,2020-02-18,0.0,1398.0,0.0,0.0,0.0,1,18,2,0,11,292.66285714285715,699.501,772.4285714285714,0.0,0.0,0.0,0.0,0.0,0.0,0.0,0.0,0.0,0.0,0.0,0.0,0.0,11088.72,11031.0,1.0052325265161817,0.0,0.0,0.0,0.0,0.0,0.0
real_ramya_user,2020-02-19,0.0,3958.0,0.0,0.0,0.0,2,19,2,0,10,292.66285714285715,699.501,1337.857142857143,0.0,0.0,0.0,0.0,0.0,0.0,0.0,0.0,0.0,0.0,0.0,0.0,0.0,11088.72,14989.0,0.7397905130428981,0.0,0.0,0.0,0.0,0.0,0.0
real_ramya_user,2020-02-20,769.42,0.0,0.0,0.0,0.0,3,20,2,0,9,360.5357142857143,661.32,1337.857142857143,0.0,0.0,0.0,0.0,0.0,0.0,0.0,0.0,0.0,0.0,0.0,0.0,0.0,11858.14,14989.0,0.7911228234038294,0.0,0.0,0.0,769.42,0.0,0.0
real_ramya_user,2020-02-21,0.0,0.0,0.0,0.0,0.0,4,21,2,0,8,360.5357142857143,661.32,1337.857142857143,0.0,0.0,0.0,0.0,0.0,0.0,0.0,0.0,0.0,0.0,0.0,0.0,0.0,11858.14,14989.0,0.7911228234038294,0.0,0.0,0.0,0.0,0.0,0.0
real_ramya_user,2020-02-22,0.0,0.0,0.0,0.0,0.0,5,22,2,1,7,360.5357142857143,661.32,765.1428571428571,0.0,0.0,0.0,0.0,0.0,0.0,0.0,0.0,0.0,0.0,0.0,0.0,0.0,11858.14,14989.0,0.7911228234038294,0.0,0.0,0.0,0.0,0.0,0.0
real_ramya_user,2020-02-23,0.0,0.0,0.0,0.0,0.0,6,23,2,1,6,109.91714285714285,661.32,765.1428571428571,0.0,0.0,0.0,0.0,0.0,0.0,0.0,0.0,0.0,0.0,0.0,0.0,0.0,11858.14,14989.0,0.7911228234038294,0.0,0.0,0.0,0.0,0.0,0.0
real_ramya_user,2020-02-24,0.0,0.0,0.0,0.0,0.0,0,24,2,0,5,109.91714285714285,595.4043333333334,765.1428571428571,0.0,0.0,0.0,0.0,0.0,0.0,0.0,0.0,0.0,0.0,0.0,0.0,0.0,11858.14,14989.0,0.7911228234038294,0.0,0.0,0.0,0.0,0.0,0.0
real_ramya_user,2020-02-25,0.0,0.0,0.0,0.0,0.0,1,25,2,0,4,109.91714285714285,559.5013333333334,565.4285714285714,0.0,0.0,0.0,0.0,0.0,0.0,0.0,0.0,0.0,0.0,0.0,0.0,0.0,11858.14,14989.0,0.7911228234038294,0.0,0.0,0.0,0.0,0.0,0.0
real_ramya_user,2020-02-26,1942.45,0.0,0.0,0.0,0.0,2,26,2,0,3,387.40999999999997,624.2496666666666,0.0,0.0,0.0,0.0,0.0,0.0,0.0,0.0,0.0,0.0,0.0,0.0,0.0,0.0,13800.59,14989.0,0.9207145239842551,0.0,0.0,0.0,0.0,1942.45,0.0
real_ramya_user,2020-02-27,1363.76,0.0,0.0,0.0,0.0,3,27,2,0,2,472.3157142857143,669.7083333333334,0.0,0.0,0.0,0.0,1363.76,0.0,0.0,0.0,0.0,0.0,0.0,0.0,0.0,0.0,15164.35,14989.0,1.0116985789579025,0.0,0.0,0.0,0.0,0.0,0.0
real_ramya_user,2020-02-28,0.0,5081.0,0.0,0.0,0.0,4,28,2,0,1,472.3157142857143,664.1479999999999,725.8571428571429,0.0,0.0,0.0,0.0,0.0,0.0,0.0,0.0,0.0,0.0,0.0,0.0,0.0,15164.35,20070.0,0.7555729945191829,0.0,0.0,0.0,0.0,0.0,0.0
real_ramya_user,2020-02-29,1944.06,0.0,0.0,0.0,0.0,5,29,2,1,0,750.0385714285715,690.3190000000001,725.8571428571429,0.0,0.0,0.0,0.0,0.0,0.0,0.0,0.0,0.0,0.0,0.0,0.0,0.0,17108.41,20070.0,0.8524369706028899,0.0,0.0,0.0,0.0,1944.06,0.0
real_ramya_user,2020-03-01,0.0,0.0,0.0,0.0,0.0,6,1,3,1,30,750.0385714285715,570.2803333333335,725.8571428571429,0.0,0.0,0.0,0.0,0.0,0.0,0.0,0.0,0.0,0.0,0.0,0.0,0.0,0.0,0.0,0.0,0.0,0.0,0.0,0.0,0.0,0.0
real_ramya_user,2020-03-02,0.0,0.0,0.0,0.0,0.0,0,2,3,0,29,750.0385714285715,570.2803333333335,725.8571428571429,0.0,0.0,0.0,0.0,0.0,0.0,0.0,0.0,0.0,0.0,0.0,0.0,0.0,0.0,0.0,0.0,0.0,0.0,0.0,0.0,0.0,0.0
real_ramya_user,2020-03-03,1742.33,0.0,0.0,0.0,0.0,1,3,3,0,28,998.9428571428572,617.2353333333334,725.8571428571429,0.0,0.0,0.0,0.0,0.0,0.0,0.0,0.0,0.0,0.0,0.0,0.0,0.0,1742.33,0.0,0.0,0.0,0.0,1742.33,0.0,0.0,0.0
real_ramya_user,2020-03-04,1516.0500000000002,0.0,0.0,0.0,0.0,2,4,3,0,27,938.0285714285716,667.7703333333334,725.8571428571429,0.0,0.0,0.0,1201.9,0.0,0.0,0.0,0.0,0.0,0.0,0.0,0.0,0.0,3258.38,0.0,0.0,314.15,0.0,0.0,0.0,0.0,0.0
real_ramya_user,2020-03-05,0.0,0.0,0.0,0.0,0.0,3,5,3,0,26,743.2057142857144,620.8829999999999,725.8571428571429,0.0,0.0,0.0,0.0,0.0,0.0,0.0,0.0,0.0,0.0,0.0,0.0,0.0,3258.38,0.0,0.0,0.0,0.0,0.0,0.0,0.0,0.0
real_ramya_user,2020-03-06,0.0,0.0,0.0,0.0,0.0,4,6,3,0,25,743.2057142857144,580.144,0.0,0.0,0.0,0.0,0.0,0.0,0.0,0.0,0.0,0.0,0.0,0.0,0.0,0.0,3258.38,0.0,0.0,0.0,0.0,0.0,0.0,0.0,0.0
real_ramya_user,2020-03-07,0.0,0.0,0.0,0.0,0.0,5,7,3,1,24,465.4828571428572,580.144,0.0,0.0,0.0,0.0,0.0,0.0,0.0,0.0,0.0,0.0,0.0,0.0,0.0,0.0,3258.38,0.0,0.0,0.0,0.0,0.0,0.0,0.0,0.0
real_ramya_user,2020-03-08,0.0,0.0,0.0,0.0,0.0,6,8,3,1,23,465.48285714285714,468.4263333333334,0.0,0.0,0.0,0.0,0.0,0.0,0.0,0.0,0.0,0.0,0.0,0.0,0.0,0.0,3258.38,0.0,0.0,0.0,0.0,0.0,0.0,0.0,0.0
real_ramya_user,2020-03-09,2345.42,0.0,0.0,0.0,0.0,0,9,3,0,22,800.5428571428572,531.08,0.0,0.0,0.0,0.0,0.0,0.0,0.0,0.0,0.0,0.0,0.0,0.0,0.0,0.0,5603.8,0.0,0.0,0.0,0.0,1858.91,0.0,486.51,0.0
real_ramya_user,2020-03-10,0.0,0.0,0.0,0.0,0.0,1,10,3,0,21,551.6385714285715,470.1753333333333,0.0,0.0,0.0,0.0,0.0,0.0,0.0,0.0,0.0,0.0,0.0,0.0,0.0,0.0,5603.8,0.0,0.0,0.0,0.0,0.0,0.0,0.0,0.0
real_ramya_user,2020-03-11,2136.64,0.0,0.0,0.0,0.0,2,11,3,0,20,640.2942857142856,541.3966666666666,0.0,0.0,0.0,0.0,0.0,0.0,0.0,0.0,0.0,0.0,0.0,0.0,0.0,0.0,7740.4400000000005,0.0,0.0,0.0,0.0,2136.64,0.0,0.0,0.0
real_ramya_user,2020-03-12,802.96,0.0,0.0,0.0,0.0,3,12,3,0,19,755.0028571428572,553.7243333333333,0.0,0.0,0.0,0.0,0.0,0.0,0.0,0.0,0.0,0.0,0.0,0.0,0.0,0.0,8543.4,0.0,0.0,0.0,0.0,0.0,0.0,0.0,802.96
real_ramya_user,2020-03-13,0.0,0.0,0.0,0.0,0.0,4,13,3,0,18,755.0028571428572,553.7243333333333,0.0,0.0,0.0,0.0,0.0,0.0,0.0,0.0,0.0,0.0,0.0,0.0,0.0,0.0,8543.4,0.0,0.0,0.0,0.0,0.0,0.0,0.0,0.0
real_ramya_user,2020-03-14,1929.08,0.0,0.0,0.0,0.0,5,14,3,1,17,1030.5857142857144,608.2166666666667,0.0,0.0,0.0,0.0,0.0,0.0,0.0,0.0,0.0,0.0,0.0,0.0,0.0,0.0,10472.48,0.0,0.0,0.0,0.0,0.0,1929.08,0.0,0.0
real_ramya_user,2020-03-15,1428.77,0.0,0.0,0.0,0.0,6,15,3,1,16,1234.695714285714,655.8423333333334,0.0,0.0,0.0,0.0,0.0,0.0,0.0,0.0,0.0,0.0,0.0,0.0,0.0,0.0,11901.25,0.0,0.0,1428.77,0.0,0.0,0.0,0.0,0.0
real_ramya_user,2020-03-16,0.0,0.0,0.0,0.0,0.0,0,16,3,0,15,899.6357142857142,655.8423333333334,0.0,0.0,0.0,0.0,0.0,0.0,0.0,0.0,0.0,0.0,0.0,0.0,0.0,0.0,11901.25,0.0,0.0,0.0,0.0,0.0,0.0,0.0,0.0
real_ramya_user,2020-03-17,0.0,0.0,0.0,0.0,0.0,1,17,3,0,14,899.6357142857142,597.3646666666666,0.0,0.0,0.0,0.0,0.0,0.0,0.0,0.0,0.0,0.0,0.0,0.0,0.0,0.0,11901.25,0.0,0.0,0.0,0.0,0.0,0.0,0.0,0.0
real_ramya_user,2020-03-18,881.82,0.0,0.0,0.0,0.0,2,18,3,0,13,720.3757142857141,626.7586666666666,0.0,0.0,0.0,0.0,0.0,0.0,0.0,0.0,0.0,0.0,0.0,0.0,0.0,0.0,12783.07,0.0,0.0,0.0,881.82,0.0,0.0,0.0,0.0
real_ramya_user,2020-03-19,0.0,0.0,0.0,0.0,0.0,3,19,3,0,12,605.6671428571428,626.7586666666666,0.0,0.0,0.0,0.0,0.0,0.0,0.0,0.0,0.0,0.0,0.0,0.0,0.0,0.0,12783.07,0.0,0.0,0.0,0.0,0.0,0.0,0.0,0.0
real_ramya_user,2020-03-20,0.0,0.0,0.0,0.0,0.0,4,20,3,0,11,605.6671428571428,626.7586666666666,0.0,0.0,0.0,0.0,0.0,0.0,0.0,0.0,0.0,0.0,0.0,0.0,0.0,0.0,12783.07,0.0,0.0,0.0,0.0,0.0,0.0,0.0,0.0
real_ramya_user,2020-03-21,503.33,0.0,0.0,0.0,0.0,5,21,3,1,10,401.98857142857145,617.889,0.0,0.0,0.0,0.0,0.0,0.0,0.0,0.0,0.0,0.0,0.0,0.0,0.0,0.0,13286.4,0.0,0.0,0.0,0.0,503.33,0.0,0.0,0.0
real_ramya_user,2020-03-22,0.0,0.0,0.0,0.0,0.0,6,22,3,1,9,197.87857142857143,617.889,0.0,0.0,0.0,0.0,0.0,0.0,0.0,0.0,0.0,0.0,0.0,0.0,0.0,0.0,13286.4,0.0,0.0,0.0,0.0,0.0,0.0,0.0,0.0
real_ramya_user,2020-03-23,151.28,2385.0,0.0,0.0,0.0,0,23,3,0,8,219.49,622.9316666666667,340.7142857142857,0.0,0.0,0.0,151.28,0.0,0.0,0.0,0.0,0.0,0.0,0.0,0.0,0.0,13437.68,2385.0,5.0,0.0,0.0,0.0,0.0,0.0,0.0
real_ramya_user,2020-03-24,144.13,0.0,0.0,0.0,0.0,1,24,3,0,7,240.07999999999998,627.7360000000001,340.7142857142857,0.0,0.0,0.0,0.0,0.0,0.0,0.0,0.0,0.0,0.0,0.0,0.0,0.0,13581.81,2385.0,5.0,144.13,0.0,0.0,0.0,0.0,0.0
real_ramya_user,2020-03-25,0.0,0.0,0.0,0.0,0.0,2,25,3,0,6,114.10571428571428,627.7360000000001,340.7142857142857,0.0,0.0,0.0,0.0,0.0,0.0,0.0,0.0,0.0,0.0,0.0,0.0,0.0,13581.81,2385.0,5.0,0.0,0.0,0.0,0.0,0.0,0.0
real_ramya_user,2020-03-26,0.0,0.0,0.0,0.0,0.0,3,26,3,0,5,114.10571428571428,627.7360000000001,340.7142857142857,0.0,0.0,0.0,0.0,0.0,0.0,0.0,0.0,0.0,0.0,0.0,0.0,0.0,13581.81,2385.0,5.0,0.0,0.0,0.0,0.0,0.0,0.0
real_ramya_user,2020-03-27,0.0,0.0,0.0,0.0,0.0,4,27,3,0,4,114.10571428571428,562.9876666666667,340.7142857142857,0.0,0.0,0.0,0.0,0.0,0.0,0.0,0.0,0.0,0.0,0.0,0.0,0.0,13581.81,2385.0,5.0,0.0,0.0,0.0,0.0,0.0,0.0
real_ramya_user,2020-03-28,0.0,1080.0,0.0,0.0,0.0,5,28,3,1,3,42.201428571428565,517.529,495.0,0.0,0.0,0.0,0.0,0.0,0.0,0.0,0.0,0.0,0.0,0.0,0.0,0.0,13581.81,3465.0,3.9197142857142855,0.0,0.0,0.0,0.0,0.0,0.0
real_ramya_user,2020-03-29,0.0,0.0,0.0,0.0,0.0,6,29,3,1,2,42.201428571428565,517.529,495.0,0.0,0.0,0.0,0.0,0.0,0.0,0.0,0.0,0.0,0.0,0.0,0.0,0.0,13581.81,3465.0,3.9197142857142855,0.0,0.0,0.0,0.0,0.0,0.0
real_ramya_user,2020-03-30,0.0,0.0,0.0,0.0,0.0,0,30,3,0,1,20.59,452.727,154.28571428571428,0.0,0.0,0.0,0.0,0.0,0.0,0.0,0.0,0.0,0.0,0.0,0.0,0.0,13581.81,3465.0,3.9197142857142855,0.0,0.0,0.0,0.0,0.0,0.0
real_ramya_user,2020-03-31,0.0,0.0,0.0,0.0,0.0,1,31,3,0,0,0.0,452.727,154.28571428571428,0.0,0.0,0.0,0.0,0.0,0.0,0.0,0.0,0.0,0.0,0.0,0.0,0.0,13581.81,3465.0,3.9197142857142855,0.0,0.0,0.0,0.0,0.0,0.0
real_ramya_user,2020-04-01,1341.27,0.0,0.0,0.0,0.0,2,1,4,0,29,191.60999999999999,497.436,154.28571428571428,0.0,0.0,0.0,0.0,0.0,0.0,0.0,0.0,0.0,0.0,0.0,0.0,0.0,1341.27,0.0,0.0,0.0,0.0,0.0,0.0,1341.27,0.0
real_ramya_user,2020-04-02,0.0,0.0,0.0,0.0,0.0,3,2,4,0,28,191.60999999999999,439.35833333333335,154.28571428571428,0.0,0.0,0.0,0.0,0.0,0.0,0.0,0.0,0.0,0.0,0.0,0.0,0.0,1341.27,0.0,0.0,0.0,0.0,0.0,0.0,0.0,0.0
real_ramya_user,2020-04-03,0.0,0.0,0.0,0.0,0.0,4,3,4,0,27,191.60999999999999,388.8233333333333,154.28571428571428,0.0,0.0,0.0,0.0,0.0,0.0,0.0,0.0,0.0,0.0,0.0,0.0,0.0,1341.27,0.0,0.0,0.0,0.0,0.0,0.0,0.0,0.0
real_ramya_user,2020-04-04,0.0,0.0,0.0,0.0,0.0,5,4,4,1,26,191.60999999999999,388.8233333333333,0.0,0.0,0.0,0.0,0.0,0.0,0.0,0.0,0.0,0.0,0.0,0.0,0.0,0.0,1341.27,0.0,0.0,0.0,0.0,0.0,0.0,0.0,0.0
real_ramya_user,2020-04-05,1449.47,0.0,0.0,0.0,0.0,6,5,4,1,25,398.6771428571428,437.13899999999995,0.0,0.0,0.0,0.0,0.0,0.0,0.0,0.0,0.0,0.0,0.0,0.0,0.0,0.0,2790.74,0.0,0.0,0.0,0.0,0.0,0.0,0.0,1449.47
real_ramya_user,2020-04-06,882.48,0.0,0.0,0.0,0.0,0,6,4,0,24,524.7457142857144,466.555,0.0,0.0,0.0,0.0,0.0,0.0,0.0,0.0,0.0,0.0,493.56,0.0,0.0,0.0,3673.2200000000003,0.0,0.0,0.0,0.0,0.0,388.92,0.0,0.0
real_ramya_user,2020-04-07,0.0,0.0,0.0,0.0,0.0,1,7,4,0,23,524.7457142857144,466.555,0.0,0.0,0.0,0.0,0.0,0.0,0.0,0.0,0.0,0.0,0.0,0.0,0.0,0.0,3673.2200000000003,0.0,0.0,0.0,0.0,0.0,0.0,0.0,0.0
real_ramya_user,2020-04-08,0.0,0.0,0.0,0.0,0.0,2,8,4,0,22,333.13571428571424,388.3743333333333,0.0,0.0,0.0,0.0,0.0,0.0,0.0,0.0,0.0,0.0,0.0,0.0,0.0,0.0,3673.2200000000003,0.0,0.0,0.0,0.0,0.0,0.0,0.0,0.0
real_ramya_user,2020-04-09,0.0,0.0,0.0,0.0,0.0,3,9,4,0,21,333.13571428571424,388.3743333333333,0.0,0.0,0.0,0.0,0.0,0.0,0.0,0.0,0.0,0.0,0.0,0.0,0.0,0.0,3673.2200000000003,0.0,0.0,0.0,0.0,0.0,0.0,0.0,0.0
real_ramya_user,2020-04-10,0.0,3402.0,0.0,0.0,0.0,4,10,4,0,20,333.13571428571424,317.153,486.0,0.0,0.0,0.0,0.0,0.0,0.0,0.0,0.0,0.0,0.0,0.0,0.0,0.0,3673.2200000000003,3402.0,1.0797236919459143,0.0,0.0,0.0,0.0,0.0,0.0
real_ramya_user,2020-04-11,0.0,0.0,0.0,0.0,0.0,5,11,4,1,19,333.13571428571424,290.3876666666667,486.0,0.0,0.0,0.0,0.0,0.0,0.0,0.0,0.0,0.0,0.0,0.0,0.0,0.0,3673.2200000000003,3402.0,1.0797236919459143,0.0,0.0,0.0,0.0,0.0,0.0
real_ramya_user,2020-04-12,0.0,0.0,0.0,0.0,0.0,6,12,4,1,18,126.06857142857143,290.3876666666667,486.0,0.0,0.0,0.0,0.0,0.0,0.0,0.0,0.0,0.0,0.0,0.0,0.0,0.0,3673.2200000000003,3402.0,1.0797236919459143,0.0,0.0,0.0,0.0,0.0,0.0
real_ramya_user,2020-04-13,0.0,0.0,0.0,0.0,0.0,0,13,4,0,17,0.0,226.085,486.0,0.0,0.0,0.0,0.0,0.0,0.0,0.0,0.0,0.0,0.0,0.0,0.0,0.0,3673.2200000000003,3402.0,1.0797236919459143,0.0,0.0,0.0,0.0,0.0,0.0
real_ramya_user,2020-04-14,0.0,0.0,0.0,0.0,0.0,1,14,4,0,16,0.0,178.45933333333332,486.0,0.0,0.0,0.0,0.0,0.0,0.0,0.0,0.0,0.0,0.0,0.0,0.0,0.0,3673.2200000000003,3402.0,1.0797236919459143,0.0,0.0,0.0,0.0,0.0,0.0
real_ramya_user,2020-04-15,0.0,0.0,0.0,0.0,0.0,2,15,4,0,15,0.0,178.45933333333332,486.0,0.0,0.0,0.0,0.0,0.0,0.0,0.0,0.0,0.0,0.0,0.0,0.0,0.0,3673.2200000000003,3402.0,1.0797236919459143,0.0,0.0,0.0,0.0,0.0,0.0
real_ramya_user,2020-04-16,0.0,0.0,0.0,0.0,0.0,3,16,4,0,14,0.0,178.45933333333332,486.0,0.0,0.0,0.0,0.0,0.0,0.0,0.0,0.0,0.0,0.0,0.0,0.0,0.0,3673.2200000000003,3402.0,1.0797236919459143,0.0,0.0,0.0,0.0,0.0,0.0
real_ramya_user,2020-04-17,1729.04,996.0,0.0,0.0,0.0,4,17,4,0,13,247.00571428571428,206.7,142.28571428571428,0.0,0.0,0.0,0.0,0.0,0.0,0.0,0.0,0.0,1729.04,0.0,0.0,0.0,5402.26,4398.0,1.2283447021373353,0.0,0.0,0.0,0.0,0.0,0.0
real_ramya_user,2020-04-18,1603.18,0.0,0.0,0.0,0.0,5,18,4,1,12,476.0314285714286,260.13933333333335,142.28571428571428,0.0,0.0,0.0,0.0,0.0,0.0,0.0,0.0,0.0,0.0,0.0,0.0,0.0,7005.4400000000005,4398.0,1.5928694861300592,0.0,1603.18,0.0,0.0,0.0,0.0
real_ramya_user,2020-04-19,0.0,0.0,0.0,0.0,0.0,6,19,4,1,11,476.0314285714286,260.13933333333335,142.28571428571428,0.0,0.0,0.0,0.0,0.0,0.0,0.0,0.0,0.0,0.0,0.0,0.0,0.0,7005.4400000000005,4398.0,1.5928694861300592,0.0,0.0,0.0,0.0,0.0,0.0
real_ramya_user,2020-04-20,0.0,0.0,0.0,0.0,0.0,0,20,4,0,10,476.0314285714286,243.36166666666668,142.28571428571428,0.0,0.0,0.0,0.0,0.0,0.0,0.0,0.0,0.0,0.0,0.0,0.0,0.0,7005.4400000000005,4398.0,1.5928694861300592,0.0,0.0,0.0,0.0,0.0,0.0
real_ramya_user,2020-04-21,0.0,0.0,0.0,0.0,0.0,1,21,4,0,9,476.0314285714286,243.36166666666668,142.28571428571428,0.0,0.0,0.0,0.0,0.0,0.0,0.0,0.0,0.0,0.0,0.0,0.0,0.0,7005.4400000000005,4398.0,1.5928694861300592,0.0,0.0,0.0,0.0,0.0,0.0
real_ramya_user,2020-04-22,0.0,2058.0,0.0,0.0,0.0,2,22,4,0,8,476.0314285714286,238.319,436.2857142857143,0.0,0.0,0.0,0.0,0.0,0.0,0.0,0.0,0.0,0.0,0.0,0.0,0.0,7005.4400000000005,6456.0,1.0851053283767038,0.0,0.0,0.0,0.0,0.0,0.0
real_ramya_user,2020-04-23,849.54,0.0,0.0,0.0,0.0,3,23,4,0,7,597.3942857142857,261.8326666666666,436.2857142857143,0.0,0.0,0.0,0.0,0.0,0.0,0.0,0.0,0.0,0.0,0.0,0.0,0.0,7854.98,6456.0,1.2166945477075588,0.0,0.0,0.0,0.0,0.0,849.54
real_ramya_user,2020-04-24,0.0,0.0,0.0,0.0,0.0,4,24,4,0,6,350.3885714285715,261.8326666666666,294.0,0.0,0.0,0.0,0.0,0.0,0.0,0.0,0.0,0.0,0.0,0.0,0.0,0.0,7854.98,6456.0,1.2166945477075588,0.0,0.0,0.0,0.0,0.0,0.0
real_ramya_user,2020-04-25,1750.23,0.0,0.0,0.0,0.0,5,25,4,1,5,371.3957142857143,320.17366666666663,294.0,0.0,0.0,0.0,0.0,0.0,0.0,0.0,0.0,0.0,0.0,0.0,0.0,0.0,9605.21,6456.0,1.4877958488228005,1750.23,0.0,0.0,0.0,0.0,0.0
real_ramya_user,2020-04-26,1938.3,914.0,0.0,0.0,0.0,6,26,4,1,4,648.2957142857142,384.78366666666665,424.57142857142856,0.0,0.0,0.0,1938.3,0.0,0.0,0.0,0.0,0.0,0.0,0.0,0.0,0.0,11543.51,7370.0,1.5662835820895522,0.0,0.0,0.0,0.0,0.0,0.0
real_ramya_user,2020-04-27,2071.61,0.0,0.0,0.0,0.0,0,27,4,0,3,944.24,453.8373333333333,424.57142857142856,0.0,0.0,0.0,0.0,0.0,0.0,0.0,0.0,0.0,0.0,0.0,0.0,0.0,13615.119999999999,7370.0,1.847370420624152,2071.61,0.0,0.0,0.0,0.0,0.0
real_ramya_user,2020-04-28,0.0,0.0,0.0,0.0,0.0,1,28,4,0,2,944.24,453.8373333333333,424.57142857142856,0.0,0.0,0.0,0.0,0.0,0.0,0.0,0.0,0.0,0.0,0.0,0.0,0.0,13615.119999999999,7370.0,1.847370420624152,0.0,0.0,0.0,0.0,0.0,0.0
real_ramya_user,2020-04-29,764.16,0.0,0.0,0.0,0.0,2,29,4,0,1,1053.4057142857143,479.30933333333337,130.57142857142858,0.0,0.0,0.0,0.0,0.0,0.0,0.0,0.0,0.0,0.0,0.0,0.0,0.0,14379.28,7370.0,1.9510556309362281,0.0,0.0,0.0,0.0,0.0,764.16
real_ramya_user,2020-04-30,1853.77,0.0,0.0,0.0,0.0,3,30,4,0,0,1196.8671428571429,541.1016666666667,130.57142857142858,0.0,0.0,0.0,0.0,0.0,0.0,0.0,0.0,0.0,0.0,0.0,0.0,0.0,16233.05,7370.0,2.202584803256445,0.0,0.0,0.0,0.0,1853.77,0.0
real_ramya_user,2020-05-01,851.78,0.0,0.0,0.0,0.0,4,1,5,0,30,1318.55,524.7853333333334,130.57142857142858,0.0,0.0,0.0,0.0,0.0,0.0,0.0,0.0,0.0,0.0,0.0,0.0,0.0,851.78,0.0,0.0,0.0,0.0,0.0,0.0,851.78,0.0
real_ramya_user,2020-05-02,0.0,0.0,0.0,0.0,0.0,5,2,5,1,29,1068.517142857143,524.7853333333334,130.57142857142858,0.0,0.0,0.0,0.0,0.0,0.0,0.0,0.0,0.0,0.0,0.0,0.0,0.0,851.78,0.0,0.0,0.0,0.0,0.0,0.0,0.0,0.0
real_ramya_user,2020-05-03,1480.62,0.0,0.0,0.0,0.0,6,3,5,1,28,1003.1342857142857,574.1393333333333,0.0,0.0,0.0,0.0,1162.57,0.0,0.0,0.0,0.0,0.0,318.05,0.0,0.0,0.0,2332.3999999999996,0.0,0.0,0.0,0.0,0.0,0.0,0.0,0.0
real_ramya_user,2020-05-04,0.0,0.0,0.0,0.0,0.0,0,4,5,0,27,707.1899999999999,574.1393333333333,0.0,0.0,0.0,0.0,0.0,0.0,0.0,0.0,0.0,0.0,0.0,0.0,0.0,0.0,2332.3999999999996,0.0,0.0,0.0,0.0,0.0,0.0,0.0,0.0
real_ramya_user,2020-05-05,123.76,0.0,0.0,0.0,0.0,1,5,5,0,26,724.87,529.949,0.0,0.0,0.0,0.0,0.0,0.0,0.0,0.0,0.0,0.0,0.0,0.0,0.0,0.0,2456.16,0.0,0.0,0.0,123.76,0.0,0.0,0.0,0.0
real_ramya_user,2020-05-06,269.55,0.0,0.0,0.0,0.0,2,6,5,0,25,654.2114285714285,509.51800000000003,0.0,0.0,0.0,0.0,0.0,0.0,0.0,0.0,0.0,0.0,0.0,0.0,0.0,0.0,2725.71,0.0,0.0,0.0,0.0,0.0,0.0,0.0,269.55
real_ramya_user,2020-05-07,0.0,3807.0,0.0,0.0,0.0,3,7,5,0,24,389.38714285714286,509.51800000000003,543.8571428571429,0.0,0.0,0.0,0.0,0.0,0.0,0.0,0.0,0.0,0.0,0.0,0.0,0.0,2725.71,3807.0,0.715973207249803,0.0,0.0,0.0,0.0,0.0,0.0
real_ramya_user,2020-05-08,0.0,0.0,0.0,0.0,0.0,4,8,5,0,23,267.7042857142857,509.51800000000003,543.8571428571429,0.0,0.0,0.0,0.0,0.0,0.0,0.0,0.0,0.0,0.0,0.0,0.0,0.0,2725.71,3807.0,0.715973207249803,0.0,0.0,0.0,0.0,0.0,0.0
real_ramya_user,2020-05-09,0.0,0.0,0.0,0.0,0.0,5,9,5,1,22,267.7042857142857,509.51800000000003,543.8571428571429,0.0,0.0,0.0,0.0,0.0,0.0,0.0,0.0,0.0,0.0,0.0,0.0,0.0,2725.71,3807.0,0.715973207249803,0.0,0.0,0.0,0.0,0.0,0.0
real_ramya_user,2020-05-10,0.0,0.0,0.0,0.0,0.0,6,10,5,1,21,56.18714285714286,509.51800000000003,543.8571428571429,0.0,0.0,0.0,0.0,0.0,0.0,0.0,0.0,0.0,0.0,0.0,0.0,0.0,2725.71,3807.0,0.715973207249803,0.0,0.0,0.0,0.0,0.0,0.0
real_ramya_user,2020-05-11,0.0,825.0,0.0,0.0,0.0,0,11,5,0,20,56.18714285714286,509.51800000000003,661.7142857142857,0.0,0.0,0.0,0.0,0.0,0.0,0.0,0.0,0.0,0.0,0.0,0.0,0.0,2725.71,4632.0,0.5884520725388601,0.0,0.0,0.0,0.0,0.0,0.0
real_ramya_user,2020-05-12,1318.17,0.0,0.0,0.0,0.0,1,12,5,0,19,226.81714285714287,553.457,661.7142857142857,0.0,0.0,0.0,0.0,0.0,0.0,0.0,0.0,0.0,0.0,0.0,0.0,0.0,4043.88,4632.0,0.8730310880829015,0.0,0.0,0.0,1318.17,0.0,0.0
real_ramya_user,2020-05-13,1870.07,0.0,0.0,0.0,0.0,2,13,5,0,18,455.4628571428571,615.7926666666666,661.7142857142857,0.0,0.0,0.0,0.0,0.0,0.0,0.0,0.0,0.0,0.0,0.0,0.0,0.0,5913.95,4632.0,1.2767594991364422,0.0,1870.07,0.0,0.0,0.0,0.0
real_ramya_user,2020-05-14,484.99,0.0,0.0,0.0,0.0,3,14,5,0,17,524.7471428571429,631.9590000000001,117.85714285714286,0.0,0.0,0.0,0.0,0.0,0.0,0.0,0.0,0.0,0.0,0.0,0.0,0.0,6398.94,4632.0,1.3814637305699482,0.0,484.99,0.0,0.0,0.0,0.0
real_ramya_user,2020-05-15,919.88,0.0,0.0,0.0,0.0,4,15,5,0,16,656.1585714285713,662.6216666666667,117.85714285714286,0.0,0.0,0.0,0.0,0.0,0.0,0.0,0.0,0.0,0.0,0.0,0.0,0.0,7318.82,4632.0,1.5800561312607944,0.0,0.0,0.0,0.0,919.88,0.0
real_ramya_user,2020-05-16,28.54,0.0,0.0,0.0,0.0,5,16,5,1,15,660.2357142857143,663.573,117.85714285714286,0.0,0.0,0.0,0.0,0.0,0.0,0.0,0.0,0.0,0.0,0.0,0.0,0.0,7347.36,4632.0,1.5862176165803108,0.0,0.0,28.54,0.0,0.0,0.0
real_ramya_user,2020-05-17,155.79,0.0,0.0,0.0,0.0,6,17,5,1,14,682.4914285714285,611.1313333333333,117.85714285714286,0.0,0.0,0.0,0.0,0.0,0.0,0.0,0.0,0.0,0.0,0.0,0.0,0.0,7503.15,4632.0,1.61985103626943,0.0,0.0,155.79,0.0,0.0,0.0
real_ramya_user,2020-05-18,0.0,0.0,0.0,0.0,0.0,0,18,5,0,13,682.4914285714285,557.6919999999999,0.0,0.0,0.0,0.0,0.0,0.0,0.0,0.0,0.0,0.0,0.0,0.0,0.0,0.0,7503.15,4632.0,1.61985103626943,0.0,0.0,0.0,0.0,0.0,0.0
real_ramya_user,2020-05-19,273.59,0.0,0.0,0.0,0.0,1,19,5,0,12,533.2657142857142,566.8116666666666,0.0,0.0,0.0,0.0,0.0,0.0,0.0,0.0,0.0,0.0,0.0,0.0,0.0,0.0,7776.74,4632.0,1.6789162348877373,0.0,0.0,0.0,0.0,273.59,0.0
real_ramya_user,2020-05-20,1759.75,0.0,0.0,0.0,0.0,2,20,5,0,11,517.5057142857142,625.4699999999999,0.0,0.0,0.0,0.0,0.0,0.0,0.0,0.0,0.0,0.0,0.0,0.0,0.0,0.0,9536.49,4632.0,2.058827720207254,0.0,0.0,1759.75,0.0,0.0,0.0
real_ramya_user,2020-05-21,881.99,0.0,0.0,0.0,0.0,3,21,5,0,10,574.22,654.8696666666667,0.0,0.0,0.0,0.0,0.0,0.0,0.0,0.0,0.0,0.0,0.0,0.0,0.0,0.0,10418.48,4632.0,2.2492400690846286,0.0,0.0,0.0,0.0,0.0,881.99
real_ramya_user,2020-05-22,0.0,0.0,0.0,0.0,0.0,4,22,5,0,9,442.8085714285714,654.8696666666667,0.0,0.0,0.0,0.0,0.0,0.0,0.0,0.0,0.0,0.0,0.0,0.0,0.0,0.0,10418.48,4632.0,2.2492400690846286,0.0,0.0,0.0,0.0,0.0,0.0
real_ramya_user,2020-05-23,0.0,0.0,0.0,0.0,0.0,5,23,5,1,8,438.7314285714286,626.5516666666667,0.0,0.0,0.0,0.0,0.0,0.0,0.0,0.0,0.0,0.0,0.0,0.0,0.0,0.0,10418.48,4632.0,2.2492400690846286,0.0,0.0,0.0,0.0,0.0,0.0
real_ramya_user,2020-05-24,0.0,0.0,0.0,0.0,0.0,6,24,5,1,7,416.4757142857143,626.5516666666667,0.0,0.0,0.0,0.0,0.0,0.0,0.0,0.0,0.0,0.0,0.0,0.0,0.0,0.0,10418.48,4632.0,2.2492400690846286,0.0,0.0,0.0,0.0,0.0,0.0
real_ramya_user,2020-05-25,1227.24,0.0,0.0,0.0,0.0,0,25,5,0,6,591.7957142857142,609.1186666666666,0.0,0.0,0.0,0.0,0.0,0.0,0.0,0.0,0.0,0.0,0.0,0.0,0.0,0.0,11645.72,4632.0,2.514188255613126,0.0,0.0,0.0,0.0,1227.24,0.0
real_ramya_user,2020-05-26,0.0,0.0,0.0,0.0,0.0,1,26,5,0,5,552.7114285714285,544.5086666666666,0.0,0.0,0.0,0.0,0.0,0.0,0.0,0.0,0.0,0.0,0.0,0.0,0.0,0.0,11645.72,4632.0,2.514188255613126,0.0,0.0,0.0,0.0,0.0,0.0
real_ramya_user,2020-05-27,1339.05,0.0,0.0,0.0,0.0,2,27,5,0,4,492.6114285714285,520.0899999999999,0.0,0.0,0.0,0.0,1339.05,0.0,0.0,0.0,0.0,0.0,0.0,0.0,0.0,0.0,12984.77,4632.0,2.803275043177893,0.0,0.0,0.0,0.0,0.0,0.0
real_ramya_user,2020-05-28,1878.47,0.0,0.0,0.0,0.0,3,28,5,0,3,634.9657142857143,582.7056666666667,0.0,0.0,0.0,0.0,0.0,0.0,0.0,0.0,0.0,0.0,0.0,0.0,0.0,0.0,14863.24,4632.0,3.208816925734024,0.0,0.0,1878.47,0.0,0.0,0.0
real_ramya_user,2020-05-29,0.0,1376.0,0.0,0.0,0.0,4,29,5,0,2,634.9657142857143,557.2336666666667,196.57142857142858,0.0,0.0,0.0,0.0,0.0,0.0,0.0,0.0,0.0,0.0,0.0,0.0,0.0,14863.24,6008.0,2.473908122503329,0.0,0.0,0.0,0.0,0.0,0.0
real_ramya_user,2020-05-30,551.97,0.0,0.0,0.0,0.0,5,30,5,1,1,713.8185714285715,513.8403333333333,196.57142857142858,0.0,0.0,0.0,0.0,0.0,0.0,0.0,0.0,0.0,0.0,0.0,0.0,0.0,15415.21,6008.0,2.5657806258322235,0.0,0.0,0.0,0.0,0.0,551.97
real_ramya_user,2020-05-31,1430.92,0.0,0.0,0.0,0.0,6,31,5,1,0,918.2357142857144,533.145,196.57142857142858,0.0,0.0,0.0,0.0,0.0,0.0,0.0,0.0,0.0,0.0,0.0,0.0,0.0,16846.13,6008.0,2.8039497336884156,0.0,415.16,0.0,0.0,1015.76,0.0
real_ramya_user,2020-06-01,193.67,0.0,0.0,0.0,0.0,0,1,6,0,29,770.5828571428572,539.6006666666667,196.57142857142858,0.0,0.0,0.0,193.67,0.0,0.0,0.0,0.0,0.0,0.0,0.0,0.0,0.0,193.67,0.0,0.0,0.0,0.0,0.0,0.0,0.0,0.0
real_ramya_user,2020-06-02,97.73,0.0,0.0,0.0,0.0,1,2,6,0,28,784.5442857142856,493.50433333333336,196.57142857142858,0.0,0.0,0.0,0.0,0.0,0.0,0.0,0.0,0.0,0.0,0.0,0.0,0.0,291.4,0.0,0.0,0.0,0.0,0.0,0.0,97.73,0.0
real_ramya_user,2020-06-03,0.0,0.0,0.0,0.0,0.0,2,3,6,0,27,593.2514285714286,493.50433333333336,196.57142857142858,0.0,0.0,0.0,0.0,0.0,0.0,0.0,0.0,0.0,0.0,0.0,0.0,0.0,291.4,0.0,0.0,0.0,0.0,0.0,0.0,0.0,0.0
real_ramya_user,2020-06-04,0.0,0.0,0.0,0.0,0.0,3,4,6,0,26,324.8985714285714,489.379,196.57142857142858,0.0,0.0,0.0,0.0,0.0,0.0,0.0,0.0,0.0,0.0,0.0,0.0,0.0,291.4,0.0,0.0,0.0,0.0,0.0,0.0,0.0,0.0
real_ramya_user,2020-06-05,1277.86,0.0,0.0,0.0,0.0,4,5,6,0,25,507.45,522.9893333333333,0.0,0.0,0.0,0.0,0.0,0.0,0.0,0.0,0.0,0.0,0.0,0.0,0.0,0.0,1569.2599999999998,0.0,0.0,0.0,0.0,0.0,0.0,0.0,1277.86
real_ramya_user,2020-06-06,1107.84,0.0,0.0,0.0,0.0,5,6,6,1,24,586.86,559.9173333333333,0.0,0.0,0.0,0.0,0.0,0.0,0.0,0.0,0.0,0.0,1107.84,0.0,0.0,0.0,2677.1,0.0,0.0,0.0,0.0,0.0,0.0,0.0,0.0
real_ramya_user,2020-06-07,232.63,0.0,0.0,0.0,0.0,6,7,6,1,23,415.67571428571426,567.6716666666666,0.0,0.0,0.0,0.0,232.63,0.0,0.0,0.0,0.0,0.0,0.0,0.0,0.0,0.0,2909.73,0.0,0.0,0.0,0.0,0.0,0.0,0.0,0.0
real_ramya_user,2020-06-08,1095.72,0.0,0.0,0.0,0.0,0,8,6,0,22,544.5400000000001,604.1956666666666,0.0,0.0,0.0,0.0,0.0,0.0,0.0,0.0,0.0,0.0,0.0,0.0,0.0,0.0,4005.45,0.0,0.0,0.0,0.0,0.0,0.0,0.0,1095.72
real_ramya_user,2020-06-09,865.28,826.0,0.0,0.0,0.0,1,9,6,0,21,654.1899999999999,633.0383333333333,118.0,0.0,0.0,0.0,0.0,0.0,0.0,0.0,0.0,0.0,0.0,0.0,0.0,0.0,4870.73,826.0,5.0,0.0,0.0,0.0,0.0,0.0,865.28
real_ramya_user,2020-06-10,2929.74,0.0,0.0,0.0,0.0,2,10,6,0,20,1072.7242857142858,730.6963333333333,118.0,0.0,0.0,0.0,0.0,0.0,0.0,0.0,0.0,0.0,0.0,0.0,0.0,0.0,7800.469999999999,826.0,5.0,1367.31,1562.43,0.0,0.0,0.0,0.0
real_ramya_user,2020-06-11,3678.51,0.0,0.0,0.0,0.0,3,11,6,0,19,1598.2257142857143,809.3743333333334,118.0,0.0,0.0,0.0,0.0,0.0,0.0,0.0,0.0,0.0,0.0,0.0,0.0,0.0,11478.98,826.0,5.0,1730.57,0.0,0.0,1947.94,0.0,0.0
real_ramya_user,2020-06-12,1764.02,0.0,0.0,0.0,0.0,4,12,6,0,18,1667.6771428571428,805.8393333333333,118.0,0.0,0.0,0.0,0.0,0.0,0.0,0.0,0.0,0.0,0.0,0.0,0.0,0.0,13243.0,826.0,5.0,0.0,0.0,0.0,0.0,0.0,1764.02
real_ramya_user,2020-06-13,0.0,0.0,0.0,0.0,0.0,5,13,6,1,17,1509.4142857142856,789.673,118.0,0.0,0.0,0.0,0.0,0.0,0.0,0.0,0.0,0.0,0.0,0.0,0.0,0.0,13243.0,826.0,5.0,0.0,0.0,0.0,0.0,0.0,0.0
real_ramya_user,2020-06-14,0.0,3872.0,0.0,0.0,0.0,6,14,6,1,16,1476.1814285714286,759.0103333333333,671.1428571428571,0.0,0.0,0.0,0.0,0.0,0.0,0.0,0.0,0.0,0.0,0.0,0.0,0.0,13243.0,4698.0,2.8188590889740315,0.0,0.0,0.0,0.0,0.0,0.0
real_ramya_user,2020-06-15,540.94,0.0,0.0,0.0,0.0,0,15,6,0,15,1396.9271428571426,776.0903333333334,671.1428571428571,0.0,0.0,0.0,0.0,0.0,0.0,0.0,0.0,0.0,0.0,0.0,0.0,0.0,13783.939999999999,4698.0,2.934001702852277,540.94,0.0,0.0,0.0,0.0,0.0
real_ramya_user,2020-06-16,0.0,0.0,0.0,0.0,0.0,1,16,6,0,14,1273.3157142857142,770.8973333333334,553.1428571428571,0.0,0.0,0.0,0.0,0.0,0.0,0.0,0.0,0.0,0.0,0.0,0.0,0.0,13783.939999999999,4698.0,2.934001702852277,0.0,0.0,0.0,0.0,0.0,0.0
real_ramya_user,2020-06-17,0.0,0.0,0.0,0.0,0.0,2,17,6,0,13,854.7814285714286,770.8973333333334,553.1428571428571,0.0,0.0,0.0,0.0,0.0,0.0,0.0,0.0,0.0,0.0,0.0,0.0,0.0,13783.939999999999,4698.0,2.934001702852277,0.0,0.0,0.0,0.0,0.0,0.0
real_ramya_user,2020-06-18,771.26,5686.0,0.0,0.0,0.0,3,18,6,0,12,439.46000000000004,787.4863333333334,1365.4285714285713,0.0,0.0,0.0,0.0,0.0,0.0,0.0,0.0,0.0,0.0,0.0,0.0,0.0,14555.199999999999,10384.0,1.4016949152542373,0.0,0.0,771.26,0.0,0.0,0.0
real_ramya_user,2020-06-19,1116.8600000000001,0.0,0.0,0.0,0.0,4,19,6,0,11,347.0085714285715,766.0566666666667,1365.4285714285713,0.0,0.0,0.0,0.0,0.0,0.0,0.0,0.0,0.0,0.0,0.0,0.0,0.0,15672.06,10384.0,1.5092507704160245,453.62,0.0,0.0,663.24,0.0,0.0
real_ramya_user,2020-06-20,0.0,0.0,0.0,0.0,0.0,5,20,6,1,10,347.0085714285715,736.6569999999999,1365.4285714285713,0.0,0.0,0.0,0.0,0.0,0.0,0.0,0.0,0.0,0.0,0.0,0.0,0.0,15672.06,10384.0,1.5092507704160245,0.0,0.0,0.0,0.0,0.0,0.0
real_ramya_user,2020-06-21,2587.8599999999997,0.0,0.0,0.0,0.0,6,21,6,1,9,716.7028571428572,822.919,812.2857142857143,0.0,0.0,0.0,0.0,0.0,0.0,0.0,0.0,0.0,0.0,0.0,0.0,0.0,18259.92,10384.0,1.7584668721109398,0.0,1879.08,0.0,0.0,708.78,0.0
real_ramya_user,2020-06-22,86.13,1962.0,0.0,0.0,0.0,0,22,6,0,8,651.7299999999999,825.7899999999998,1092.5714285714287,0.0,0.0,0.0,0.0,0.0,0.0,0.0,0.0,0.0,0.0,0.0,0.0,0.0,18346.05,12346.0,1.4859914142232302,0.0,0.0,0.0,0.0,86.13,0.0
real_ramya_user,2020-06-23,0.0,0.0,0.0,0.0,0.0,1,23,6,0,7,651.7300000000001,825.7899999999998,1092.5714285714287,0.0,0.0,0.0,0.0,0.0,0.0,0.0,0.0,0.0,0.0,0.0,0.0,0.0,18346.05,12346.0,1.4859914142232302,0.0,0.0,0.0,0.0,0.0,0.0
real_ramya_user,2020-06-24,1459.8,0.0,0.0,0.0,0.0,2,24,6,0,6,860.2728571428571,833.542,1092.5714285714287,0.0,0.0,0.0,0.0,0.0,0.0,0.0,0.0,0.0,0.0,0.0,0.0,0.0,19805.85,12346.0,1.6042321399643609,0.0,1459.8,0.0,0.0,0.0,0.0
real_ramya_user,2020-06-25,0.0,0.0,0.0,0.0,0.0,3,25,6,0,5,750.092857142857,833.542,280.2857142857143,0.0,0.0,0.0,0.0,0.0,0.0,0.0,0.0,0.0,0.0,0.0,0.0,0.0,19805.85,12346.0,1.6042321399643609,0.0,0.0,0.0,0.0,0.0,0.0
real_ramya_user,2020-06-26,0.0,0.0,0.0,0.0,0.0,4,26,6,0,4,590.5414285714285,788.907,280.2857142857143,0.0,0.0,0.0,0.0,0.0,0.0,0.0,0.0,0.0,0.0,0.0,0.0,0.0,19805.85,12346.0,1.6042321399643609,0.0,0.0,0.0,0.0,0.0,0.0
real_ramya_user,2020-06-27,0.0,0.0,0.0,0.0,0.0,5,27,6,1,3,590.5414285714285,726.2913333333333,280.2857142857143,0.0,0.0,0.0,0.0,0.0,0.0,0.0,0.0,0.0,0.0,0.0,0.0,0.0,19805.85,12346.0,1.6042321399643609,0.0,0.0,0.0,0.0,0.0,0.0
real_ramya_user,2020-06-28,0.0,0.0,0.0,0.0,0.0,6,28,6,1,2,220.84714285714284,726.2913333333333,280.2857142857143,0.0,0.0,0.0,0.0,0.0,0.0,0.0,0.0,0.0,0.0,0.0,0.0,0.0,19805.85,12346.0,1.6042321399643609,0.0,0.0,0.0,0.0,0.0,0.0
real_ramya_user,2020-06-29,0.0,0.0,0.0,0.0,0.0,0,29,6,0,1,208.54285714285712,707.8923333333333,0.0,0.0,0.0,0.0,0.0,0.0,0.0,0.0,0.0,0.0,0.0,0.0,0.0,0.0,19805.85,12346.0,1.6042321399643609,0.0,0.0,0.0,0.0,0.0,0.0
real_ramya_user,2020-06-30,874.87,0.0,0.0,0.0,0.0,1,30,6,0,0,333.52428571428567,689.3573333333334,0.0,0.0,0.0,0.0,0.0,0.0,0.0,0.0,0.0,0.0,0.0,0.0,0.0,0.0,20680.719999999998,12346.0,1.675094767536044,0.0,0.0,776.54,0.0,98.33,0.0
real_ramya_user,2020-07-01,0.0,0.0,0.0,0.0,0.0,2,1,7,0,30,124.98142857142857,682.9016666666666,0.0,0.0,0.0,0.0,0.0,0.0,0.0,0.0,0.0,0.0,0.0,0.0,0.0,0.0,0.0,0.0,0.0,0.0,0.0,0.0,0.0,0.0,0.0
real_ramya_user,2020-07-02,734.8,0.0,0.0,0.0,0.0,3,2,7,0,29,229.95285714285714,704.1373333333333,0.0,0.0,0.0,0.0,0.0,0.0,0.0,0.0,0.0,0.0,0.0,0.0,0.0,0.0,734.8,0.0,0.0,734.8,0.0,0.0,0.0,0.0,0.0
real_ramya_user,2020-07-03,0.0,3071.0,0.0,0.0,0.0,4,3,7,0,28,229.95285714285714,704.1373333333333,438.7142857142857,0.0,0.0,0.0,0.0,0.0,0.0,0.0,0.0,0.0,0.0,0.0,0.0,0.0,734.8,3071.0,0.2392705958971019,0.0,0.0,0.0,0.0,0.0,0.0
real_ramya_user,2020-07-04,1442.31,0.0,0.0,0.0,0.0,5,4,7,1,27,435.9971428571429,752.2143333333333,438.7142857142857,0.0,0.0,0.0,0.0,0.0,0.0,0.0,0.0,0.0,0.0,0.0,0.0,0.0,2177.1099999999997,3071.0,0.7089254314555519,0.0,0.0,1442.31,0.0,0.0,0.0
real_ramya_user,2020-07-05,1337.12,0.0,0.0,0.0,0.0,6,5,7,1,26,627.0142857142857,754.1896666666667,438.7142857142857,0.0,0.0,0.0,0.0,0.0,0.0,0.0,0.0,0.0,0.0,0.0,0.0,0.0,3514.2299999999996,3071.0,1.1443275805926407,0.0,0.0,0.0,0.0,1337.12,0.0
real_ramya_user,2020-07-06,1113.28,1925.0,0.0,0.0,0.0,0,6,7,0,25,786.0542857142857,754.3709999999999,713.7142857142857,0.0,0.0,0.0,0.0,0.0,0.0,0.0,0.0,0.0,0.0,0.0,0.0,0.0,4627.51,4996.0,0.9262429943955165,0.0,0.0,0.0,0.0,1113.28,0.0
real_ramya_user,2020-07-07,0.0,0.0,0.0,0.0,0.0,1,7,7,0,24,661.0728571428572,746.6166666666667,713.7142857142857,0.0,0.0,0.0,0.0,0.0,0.0,0.0,0.0,0.0,0.0,0.0,0.0,0.0,4627.51,4996.0,0.9262429943955165,0.0,0.0,0.0,0.0,0.0,0.0
real_ramya_user,2020-07-08,818.09,0.0,0.0,0.0,0.0,2,8,7,0,23,777.9428571428572,737.3623333333333,713.7142857142857,0.0,0.0,0.0,0.0,0.0,0.0,0.0,0.0,0.0,0.0,0.0,0.0,0.0,5445.599999999999,4996.0,1.0899919935948759,0.0,0.0,0.0,0.0,818.09,0.0
real_ramya_user,2020-07-09,0.0,0.0,0.0,0.0,0.0,3,9,7,0,22,672.9714285714286,708.5196666666667,713.7142857142857,0.0,0.0,0.0,0.0,0.0,0.0,0.0,0.0,0.0,0.0,0.0,0.0,0.0,5445.599999999999,4996.0,1.0899919935948759,0.0,0.0,0.0,0.0,0.0,0.0
real_ramya_user,2020-07-10,0.0,0.0,0.0,0.0,0.0,4,10,7,0,21,672.9714285714286,610.8616666666666,275.0,0.0,0.0,0.0,0.0,0.0,0.0,0.0,0.0,0.0,0.0,0.0,0.0,0.0,5445.599999999999,4996.0,1.0899919935948759,0.0,0.0,0.0,0.0,0.0,0.0
real_ramya_user,2020-07-11,580.96,0.0,0.0,0.0,0.0,5,11,7,1,20,549.9214285714286,507.60999999999996,275.0,0.0,0.0,0.0,0.0,0.0,0.0,0.0,0.0,0.0,0.0,0.0,0.0,0.0,6026.5599999999995,4996.0,1.2062770216172938,0.0,0.0,0.0,0.0,580.96,0.0
real_ramya_user,2020-07-12,1962.5700000000002,0.0,0.0,0.0,0.0,6,12,7,1,19,639.2714285714285,514.2283333333332,275.0,0.0,0.0,0.0,0.0,0.0,0.0,0.0,0.0,0.0,0.0,0.0,0.0,0.0,7989.13,4996.0,1.5991052842273819,1027.24,935.33,0.0,0.0,0.0,0.0
real_ramya_user,2020-07-13,1321.11,0.0,0.0,0.0,0.0,0,13,7,0,18,668.9614285714287,558.2653333333333,0.0,0.0,0.0,0.0,0.0,0.0,0.0,0.0,0.0,0.0,0.0,0.0,0.0,0.0,9310.24,4996.0,1.8635388310648517,0.0,0.0,0.0,0.0,0.0,1321.11
real_ramya_user,2020-07-14,0.0,0.0,0.0,0.0,0.0,1,14,7,0,17,668.9614285714287,558.2653333333333,0.0,0.0,0.0,0.0,0.0,0.0,0.0,0.0,0.0,0.0,0.0,0.0,0.0,0.0,9310.24,4996.0,1.8635388310648517,0.0,0.0,0.0,0.0,0.0,0.0
real_ramya_user,2020-07-15,0.0,0.0,0.0,0.0,0.0,2,15,7,0,16,552.0914285714287,540.234,0.0,0.0,0.0,0.0,0.0,0.0,0.0,0.0,0.0,0.0,0.0,0.0,0.0,0.0,9310.24,4996.0,1.8635388310648517,0.0,0.0,0.0,0.0,0.0,0.0
real_ramya_user,2020-07-16,0.0,0.0,0.0,0.0,0.0,3,16,7,0,15,552.0914285714287,540.234,0.0,0.0,0.0,0.0,0.0,0.0,0.0,0.0,0.0,0.0,0.0,0.0,0.0,0.0,9310.24,4996.0,1.8635388310648517,0.0,0.0,0.0,0.0,0.0,0.0
real_ramya_user,2020-07-17,195.84,0.0,0.0,0.0,0.0,4,17,7,0,14,580.0685714285714,546.7620000000001,0.0,0.0,0.0,0.0,0.0,0.0,0.0,0.0,0.0,0.0,0.0,0.0,0.0,0.0,9506.08,4996.0,1.9027381905524419,0.0,195.84,0.0,0.0,0.0,0.0
real_ramya_user,2020-07-18,0.0,0.0,0.0,0.0,0.0,5,18,7,1,13,497.07428571428574,521.0533333333334,0.0,0.0,0.0,0.0,0.0,0.0,0.0,0.0,0.0,0.0,0.0,0.0,0.0,0.0,9506.08,4996.0,1.9027381905524419,0.0,0.0,0.0,0.0,0.0,0.0
real_ramya_user,2020-07-19,0.0,0.0,0.0,0.0,0.0,6,19,7,1,12,216.70714285714283,483.82466666666664,0.0,0.0,0.0,0.0,0.0,0.0,0.0,0.0,0.0,0.0,0.0,0.0,0.0,0.0,9506.08,4996.0,1.9027381905524419,0.0,0.0,0.0,0.0,0.0,0.0
real_ramya_user,2020-07-20,1348.86,0.0,0.0,0.0,0.0,0,20,7,0,11,220.67142857142855,528.7866666666666,0.0,0.0,0.0,0.0,0.0,0.0,0.0,0.0,0.0,0.0,0.0,0.0,0.0,0.0,10854.94,4996.0,2.172726180944756,1348.86,0.0,0.0,0.0,0.0,0.0
real_ramya_user,2020-07-21,303.23,1096.0,0.0,0.0,0.0,1,21,7,0,10,263.98999999999995,452.6323333333333,156.57142857142858,0.0,0.0,0.0,0.0,0.0,0.0,0.0,0.0,0.0,0.0,0.0,0.0,0.0,11158.17,6092.0,1.8316103086014446,303.23,0.0,0.0,0.0,0.0,0.0
real_ramya_user,2020-07-22,3721.4300000000003,0.0,0.0,0.0,0.0,2,22,7,0,9,795.6228571428572,573.809,156.57142857142858,0.0,0.0,0.0,1786.39,0.0,0.0,0.0,0.0,0.0,0.0,0.0,0.0,0.0,14879.6,6092.0,2.442481943532502,1439.51,0.0,0.0,495.53,0.0,0.0
real_ramya_user,2020-07-23,1559.06,0.0,0.0,0.0,0.0,3,23,7,0,8,1018.3457142857143,625.7776666666666,156.57142857142858,0.0,0.0,0.0,0.0,0.0,0.0,0.0,0.0,0.0,0.0,0.0,0.0,0.0,16438.66,6092.0,2.698401181877873,0.0,0.0,1559.06,0.0,0.0,0.0
real_ramya_user,2020-07-24,109.93,0.0,0.0,0.0,0.0,4,24,7,0,7,1006.0728571428572,580.7819999999999,156.57142857142858,0.0,0.0,0.0,0.0,0.0,0.0,0.0,0.0,0.0,109.93,0.0,0.0,0.0,16548.59,6092.0,2.716446158896914,0.0,0.0,0.0,0.0,0.0,0.0
real_ramya_user,2020-07-25,0.0,0.0,0.0,0.0,0.0,5,25,7,1,6,1006.0728571428572,580.7819999999999,156.57142857142858,0.0,0.0,0.0,0.0,0.0,0.0,0.0,0.0,0.0,0.0,0.0,0.0,0.0,16548.59,6092.0,2.716446158896914,0.0,0.0,0.0,0.0,0.0,0.0
real_ramya_user,2020-07-26,0.0,0.0,0.0,0.0,0.0,6,26,7,1,5,1006.0728571428572,580.7819999999999,156.57142857142858,0.0,0.0,0.0,0.0,0.0,0.0,0.0,0.0,0.0,0.0,0.0,0.0,0.0,16548.59,6092.0,2.716446158896914,0.0,0.0,0.0,0.0,0.0,0.0
real_ramya_user,2020-07-27,0.0,0.0,0.0,0.0,0.0,0,27,7,0,4,813.3785714285715,580.7819999999999,156.57142857142858,0.0,0.0,0.0,0.0,0.0,0.0,0.0,0.0,0.0,0.0,0.0,0.0,0.0,16548.59,6092.0,2.716446158896914,0.0,0.0,0.0,0.0,0.0,0.0
real_ramya_user,2020-07-28,2818.94,0.0,0.0,0.0,0.0,1,28,7,0,3,1172.7657142857145,674.7466666666667,0.0,0.0,0.0,0.0,0.0,0.0,0.0,0.0,0.0,0.0,0.0,0.0,0.0,0.0,19367.53,6092.0,3.179174326986211,0.0,1900.58,918.36,0.0,0.0,0.0
real_ramya_user,2020-07-29,1662.83,0.0,0.0,0.0,0.0,2,29,7,0,2,878.68,730.1743333333333,0.0,0.0,0.0,0.0,0.0,0.0,0.0,0.0,0.0,0.0,0.0,0.0,0.0,0.0,21030.36,6092.0,3.4521273801707157,0.0,0.0,0.0,1662.83,0.0,0.0
real_ramya_user,2020-07-30,1489.87,0.0,0.0,0.0,0.0,3,30,7,0,1,868.7957142857142,750.6743333333333,0.0,0.0,0.0,0.0,0.0,0.0,0.0,0.0,0.0,0.0,0.0,0.0,0.0,0.0,22520.23,6092.0,3.696689100459619,0.0,0.0,0.0,0.0,0.0,1489.87
real_ramya_user,2020-07-31,1506.04,0.0,0.0,0.0,0.0,4,31,7,0,0,1068.24,800.8756666666667,0.0,0.0,0.0,0.0,0.0,0.0,0.0,0.0,0.0,0.0,0.0,0.0,0.0,0.0,24026.27,6092.0,3.9439051214707814,0.0,0.0,0.0,0.0,1506.04,0.0
real_ramya_user,2020-08-01,2090.42,2420.0,0.0,0.0,0.0,5,1,8,1,30,1366.8714285714284,846.063,345.7142857142857,0.0,0.0,0.0,0.0,0.0,0.0,0.0,0.0,0.0,0.0,0.0,0.0,0.0,2090.42,2420.0,0.8638099173553719,556.45,0.0,0.0,0.0,1533.97,0.0
real_ramya_user,2020-08-02,1787.12,0.0,0.0,0.0,0.0,6,2,8,1,29,1622.1742857142856,905.6336666666666,345.7142857142857,0.0,0.0,0.0,0.0,0.0,0.0,0.0,0.0,0.0,0.0,0.0,0.0,0.0,3877.54,2420.0,1.602289256198347,0.0,1787.12,0.0,0.0,0.0,0.0
real_ramya_user,2020-08-03,0.0,2394.0,0.0,0.0,0.0,0,3,8,0,28,1622.1742857142856,857.5566666666667,687.7142857142857,0.0,0.0,0.0,0.0,0.0,0.0,0.0,0.0,0.0,0.0,0.0,0.0,0.0,3877.54,4814.0,0.8054715413377649,0.0,0.0,0.0,0.0,0.0,0.0
real_ramya_user,2020-08-04,1549.68,3210.0,0.0,0.0,0.0,1,4,8,0,27,1440.8514285714284,864.642,1146.2857142857142,0.0,0.0,0.0,0.0,0.0,0.0,0.0,0.0,0.0,0.0,0.0,0.0,0.0,5427.22,8024.0,0.6763733798604188,0.0,0.0,0.0,133.91,0.0,1415.77
real_ramya_user,2020-08-05,3525.53,0.0,0.0,0.0,0.0,2,5,8,0,26,1706.9514285714286,945.0503333333332,1146.2857142857142,0.0,0.0,0.0,1714.9,0.0,0.0,0.0,0.0,0.0,0.0,0.0,0.0,0.0,8952.75,8024.0,1.1157465104685942,0.0,0.0,0.0,1810.63,0.0,0.0
real_ramya_user,2020-08-06,959.19,0.0,0.0,0.0,0.0,3,6,8,0,25,1631.1399999999999,977.0233333333333,1146.2857142857142,0.0,0.0,0.0,0.0,0.0,0.0,0.0,0.0,0.0,0.0,0.0,0.0,0.0,9911.94,8024.0,1.2352866400797609,0.0,0.0,0.0,959.19,0.0,0.0
real_ramya_user,2020-08-07,0.0,0.0,0.0,0.0,0.0,4,7,8,0,24,1415.9914285714283,949.7536666666667,1146.2857142857142,0.0,0.0,0.0,0.0,0.0,0.0,0.0,0.0,0.0,0.0,0.0,0.0,0.0,9911.94,8024.0,1.2352866400797609,0.0,0.0,0.0,0.0,0.0,0.0
real_ramya_user,2020-08-08,2590.48,0.0,0.0,0.0,0.0,5,8,8,1,23,1487.4285714285713,1036.103,800.5714285714286,0.0,0.0,0.0,0.0,0.0,0.0,0.0,0.0,0.0,0.0,0.0,0.0,0.0,12502.42,8024.0,1.5581281156530409,0.0,0.0,0.0,1081.06,1509.42,0.0
real_ramya_user,2020-08-09,981.58,0.0,0.0,0.0,0.0,6,9,8,1,22,1372.3514285714286,1068.8223333333333,800.5714285714286,0.0,0.0,0.0,0.0,0.0,0.0,0.0,0.0,0.0,0.0,0.0,0.0,0.0,13484.0,8024.0,1.6804586241276172,981.58,0.0,0.0,0.0,0.0,0.0
real_ramya_user,2020-08-10,0.0,0.0,0.0,0.0,0.0,0,10,8,0,21,1372.3514285714284,1049.4569999999999,458.57142857142856,0.0,0.0,0.0,0.0,0.0,0.0,0.0,0.0,0.0,0.0,0.0,0.0,0.0,13484.0,8024.0,1.6804586241276172,0.0,0.0,0.0,0.0,0.0,0.0
real_ramya_user,2020-08-11,0.0,0.0,0.0,0.0,0.0,1,11,8,0,20,1150.9685714285713,984.038,0.0,0.0,0.0,0.0,0.0,0.0,0.0,0.0,0.0,0.0,0.0,0.0,0.0,0.0,13484.0,8024.0,1.6804586241276172,0.0,0.0,0.0,0.0,0.0,0.0
real_ramya_user,2020-08-12,0.0,0.0,0.0,0.0,0.0,2,12,8,0,19,647.3214285714286,940.001,0.0,0.0,0.0,0.0,0.0,0.0,0.0,0.0,0.0,0.0,0.0,0.0,0.0,0.0,13484.0,8024.0,1.6804586241276172,0.0,0.0,0.0,0.0,0.0,0.0
real_ramya_user,2020-08-13,67.76,0.0,0.0,0.0,0.0,3,13,8,0,18,519.9742857142858,942.2596666666667,0.0,0.0,0.0,0.0,0.0,0.0,0.0,0.0,0.0,0.0,67.76,0.0,0.0,0.0,13551.76,8024.0,1.6889032901296113,0.0,0.0,0.0,0.0,0.0,0.0
real_ramya_user,2020-08-14,1451.12,0.0,0.0,0.0,0.0,4,14,8,0,17,727.277142857143,990.6303333333333,0.0,0.0,0.0,0.0,0.0,0.0,0.0,0.0,0.0,0.0,0.0,0.0,0.0,0.0,15002.880000000001,8024.0,1.86975074775673,0.0,0.0,0.0,1451.12,0.0,0.0
real_ramya_user,2020-08-15,0.0,0.0,0.0,0.0,0.0,5,15,8,1,16,357.2085714285714,990.6303333333333,0.0,0.0,0.0,0.0,0.0,0.0,0.0,0.0,0.0,0.0,0.0,0.0,0.0,0.0,15002.880000000001,8024.0,1.86975074775673,0.0,0.0,0.0,0.0,0.0,0.0
real_ramya_user,2020-08-16,1961.64,0.0,0.0,0.0,0.0,6,16,8,1,15,497.2171428571429,1049.4903333333334,0.0,0.0,0.0,0.0,0.0,0.0,0.0,0.0,0.0,0.0,0.0,0.0,0.0,0.0,16964.52,8024.0,2.1142223330009973,0.0,0.0,0.0,0.0,0.0,1961.64
real_ramya_user,2020-08-17,1187.87,0.0,0.0,0.0,0.0,0,17,8,0,14,666.9128571428572,1089.086,0.0,0.0,0.0,0.0,0.0,0.0,0.0,0.0,0.0,0.0,0.0,0.0,0.0,0.0,18152.39,8024.0,2.262261964107677,0.0,0.0,0.0,1187.87,0.0,0.0
real_ramya_user,2020-08-18,1289.07,0.0,0.0,0.0,0.0,1,18,8,0,13,851.0657142857143,1132.055,0.0,0.0,0.0,0.0,0.0,0.0,0.0,0.0,0.0,0.0,0.0,0.0,0.0,0.0,19441.46,8024.0,2.4229137587238285,0.0,0.0,1289.07,0.0,0.0,0.0
real_ramya_user,2020-08-19,0.0,1988.0,0.0,0.0,0.0,2,19,8,0,12,851.0657142857143,1087.093,284.0,0.0,0.0,0.0,0.0,0.0,0.0,0.0,0.0,0.0,0.0,0.0,0.0,0.0,19441.46,10012.0,1.9418158210147822,0.0,0.0,0.0,0.0,0.0,0.0
real_ramya_user,2020-08-20,0.0,3181.0,0.0,0.0,0.0,3,20,8,0,11,841.3857142857142,1076.9853333333333,738.4285714285714,0.0,0.0,0.0,0.0,0.0,0.0,0.0,0.0,0.0,0.0,0.0,0.0,0.0,19441.46,13193.0,1.4736193435912983,0.0,0.0,0.0,0.0,0.0,0.0
real_ramya_user,2020-08-21,2188.13,0.0,0.0,0.0,0.0,4,21,8,0,10,946.6728571428572,1025.8753333333332,738.4285714285714,0.0,0.0,0.0,0.0,0.0,0.0,0.0,0.0,0.0,0.0,0.0,0.0,0.0,21629.59,13193.0,1.6394747214431895,0.0,681.63,0.0,0.0,1506.5,0.0
real_ramya_user,2020-08-22,3671.29,0.0,0.0,0.0,0.0,5,22,8,1,9,1471.142857142857,1096.2830000000001,738.4285714285714,0.0,0.0,0.0,1999.82,0.0,0.0,0.0,0.0,0.0,0.0,0.0,0.0,0.0,25300.88,13193.0,1.9177503221405292,0.0,0.0,0.0,0.0,1671.47,0.0
real_ramya_user,2020-08-23,0.0,0.0,0.0,0.0,0.0,6,23,8,1,8,1190.9085714285716,1092.6186666666665,738.4285714285714,0.0,0.0,0.0,0.0,0.0,0.0,0.0,0.0,0.0,0.0,0.0,0.0,0.0,25300.88,13193.0,1.9177503221405292,0.0,0.0,0.0,0.0,0.0,0.0
real_ramya_user,2020-08-24,0.0,0.0,0.0,0.0,0.0,0,24,8,0,7,1021.2128571428572,1092.6186666666665,738.4285714285714,0.0,0.0,0.0,0.0,0.0,0.0,0.0,0.0,0.0,0.0,0.0,0.0,0.0,25300.88,13193.0,1.9177503221405292,0.0,0.0,0.0,0.0,0.0,0.0
real_ramya_user,2020-08-25,0.0,0.0,0.0,0.0,0.0,1,25,8,0,6,837.0600000000001,1092.6186666666665,738.4285714285714,0.0,0.0,0.0,0.0,0.0,0.0,0.0,0.0,0.0,0.0,0.0,0.0,0.0,25300.88,13193.0,1.9177503221405292,0.0,0.0,0.0,0.0,0.0,0.0
real_ramya_user,2020-08-26,1564.65,0.0,0.0,0.0,0.0,2,26,8,0,5,1060.5814285714284,1144.7736666666667,454.42857142857144,0.0,0.0,0.0,0.0,0.0,0.0,0.0,0.0,0.0,0.0,0.0,0.0,0.0,26865.53,13193.0,2.0363473053892216,0.0,0.0,1564.65,0.0,0.0,0.0
real_ramya_user,2020-08-27,1899.73,1748.0,0.0,0.0,0.0,3,27,8,0,4,1331.9714285714285,1114.1333333333334,249.71428571428572,0.0,0.0,0.0,1899.73,0.0,0.0,0.0,0.0,0.0,0.0,0.0,0.0,0.0,28765.260000000002,14941.0,1.925256676259956,0.0,0.0,0.0,0.0,0.0,0.0
real_ramya_user,2020-08-28,0.0,0.0,0.0,0.0,0.0,4,28,8,0,3,1019.3814285714286,1058.7056666666667,249.71428571428572,0.0,0.0,0.0,0.0,0.0,0.0,0.0,0.0,0.0,0.0,0.0,0.0,0.0,28765.260000000002,14941.0,1.925256676259956,0.0,0.0,0.0,0.0,0.0,0.0
real_ramya_user,2020-08-29,1342.22,0.0,0.0,0.0,0.0,5,29,8,1,2,686.657142857143,1053.784,249.71428571428572,0.0,0.0,0.0,0.0,0.0,0.0,0.0,0.0,0.0,1342.22,0.0,0.0,0.0,30107.48,14941.0,2.015091359346764,0.0,0.0,0.0,0.0,0.0,0.0
real_ramya_user,2020-08-30,935.42,0.0,0.0,0.0,0.0,6,30,8,1,1,820.2885714285715,1034.7633333333333,249.71428571428572,0.0,0.0,0.0,0.0,0.0,0.0,0.0,0.0,0.0,0.0,0.0,0.0,0.0,31042.9,14941.0,2.0776989492001876,935.42,0.0,0.0,0.0,0.0,0.0
real_ramya_user,2020-08-31,343.9,0.0,0.0,0.0,0.0,0,31,8,0,0,869.4171428571428,976.5459999999999,249.71428571428572,0.0,0.0,0.0,0.0,0.0,0.0,0.0,0.0,0.0,0.0,0.0,0.0,0.0,31386.8,14941.0,2.1007161501907503,0.0,343.9,0.0,0.0,0.0,0.0
real_ramya_user,2020-09-01,1557.81,0.0,0.0,0.0,0.0,1,1,9,0,29,1091.9614285714285,968.9023333333333,249.71428571428572,0.0,0.0,0.0,0.0,0.0,0.0,0.0,0.0,0.0,0.0,0.0,0.0,0.0,1557.81,0.0,0.0,0.0,0.0,1557.81,0.0,0.0,0.0
real_ramya_user,2020-09-02,0.0,0.0,0.0,0.0,0.0,2,2,9,0,28,868.4399999999999,968.9023333333333,249.71428571428572,0.0,0.0,0.0,0.0,0.0,0.0,0.0,0.0,0.0,0.0,0.0,0.0,0.0,1557.81,0.0,0.0,0.0,0.0,0.0,0.0,0.0,0.0
real_ramya_user,2020-09-03,0.0,0.0,0.0,0.0,0.0,3,3,9,0,27,597.0500000000001,917.2463333333333,0.0,0.0,0.0,0.0,0.0,0.0,0.0,0.0,0.0,0.0,0.0,0.0,0.0,0.0,1557.81,0.0,0.0,0.0,0.0,0.0,0.0,0.0,0.0
real_ramya_user,2020-09-04,0.0,0.0,0.0,0.0,0.0,4,4,9,0,26,597.0500000000001,799.7286666666666,0.0,0.0,0.0,0.0,0.0,0.0,0.0,0.0,0.0,0.0,0.0,0.0,0.0,0.0,1557.81,0.0,0.0,0.0,0.0,0.0,0.0,0.0,0.0
real_ramya_user,2020-09-05,1155.84,1385.0,0.0,0.0,0.0,5,5,9,1,25,570.4242857142856,806.2836666666666,197.85714285714286,0.0,0.0,0.0,0.0,0.0,0.0,0.0,0.0,0.0,0.0,0.0,0.0,0.0,2713.6499999999996,1385.0,1.9593140794223824,0.0,0.0,0.0,0.0,1155.84,0.0
real_ramya_user,2020-09-06,799.34,0.0,0.0,0.0,0.0,6,6,9,1,24,550.9842857142856,832.9283333333333,197.85714285714286,0.0,0.0,0.0,0.0,0.0,0.0,0.0,0.0,0.0,0.0,0.0,0.0,0.0,3512.99,1385.0,2.536454873646209,0.0,0.0,0.0,799.34,0.0,0.0
real_ramya_user,2020-09-07,1188.27,0.0,0.0,0.0,0.0,0,7,9,0,23,671.6085714285715,786.188,197.85714285714286,0.0,0.0,0.0,0.0,0.0,0.0,0.0,0.0,0.0,0.0,0.0,0.0,0.0,4701.26,1385.0,3.3944115523465705,0.0,0.0,1188.27,0.0,0.0,0.0
real_ramya_user,2020-09-08,212.78,0.0,0.0,0.0,0.0,1,8,9,0,22,479.4614285714286,760.5613333333333,197.85714285714286,0.0,0.0,0.0,0.0,0.0,0.0,0.0,0.0,0.0,0.0,0.0,0.0,0.0,4914.04,1385.0,3.548043321299639,212.78,0.0,0.0,0.0,0.0,0.0
real_ramya_user,2020-09-09,0.0,0.0,0.0,0.0,0.0,2,9,9,0,21,479.4614285714286,760.5613333333333,197.85714285714286,0.0,0.0,0.0,0.0,0.0,0.0,0.0,0.0,0.0,0.0,0.0,0.0,0.0,4914.04,1385.0,3.548043321299639,0.0,0.0,0.0,0.0,0.0,0.0
real_ramya_user,2020-09-10,0.0,0.0,0.0,0.0,0.0,3,10,9,0,20,479.4614285714286,760.5613333333333,197.85714285714286,0.0,0.0,0.0,0.0,0.0,0.0,0.0,0.0,0.0,0.0,0.0,0.0,0.0,4914.04,1385.0,3.548043321299639,0.0,0.0,0.0,0.0,0.0,0.0
real_ramya_user,2020-09-11,2442.65,0.0,0.0,0.0,0.0,4,11,9,0,19,828.4114285714286,841.9830000000001,197.85714285714286,0.0,0.0,0.0,700.94,0.0,0.0,0.0,0.0,0.0,0.0,0.0,0.0,0.0,7356.6900000000005,1385.0,5.0,0.0,147.22,1594.49,0.0,0.0,0.0
real_ramya_user,2020-09-12,0.0,0.0,0.0,0.0,0.0,5,12,9,1,18,663.2914285714286,839.7243333333333,0.0,0.0,0.0,0.0,0.0,0.0,0.0,0.0,0.0,0.0,0.0,0.0,0.0,0.0,7356.6900000000005,1385.0,5.0,0.0,0.0,0.0,0.0,0.0,0.0
real_ramya_user,2020-09-13,0.0,0.0,0.0,0.0,0.0,6,13,9,1,17,549.1,791.3536666666666,0.0,0.0,0.0,0.0,0.0,0.0,0.0,0.0,0.0,0.0,0.0,0.0,0.0,0.0,7356.6900000000005,1385.0,5.0,0.0,0.0,0.0,0.0,0.0,0.0
real_ramya_user,2020-09-14,0.0,0.0,0.0,0.0,0.0,0,14,9,0,16,379.3471428571429,791.3536666666666,0.0,0.0,0.0,0.0,0.0,0.0,0.0,0.0,0.0,0.0,0.0,0.0,0.0,0.0,7356.6900000000005,1385.0,5.0,0.0,0.0,0.0,0.0,0.0,0.0
real_ramya_user,2020-09-15,0.0,0.0,0.0,0.0,0.0,1,15,9,0,15,348.95,725.9656666666667,0.0,0.0,0.0,0.0,0.0,0.0,0.0,0.0,0.0,0.0,0.0,0.0,0.0,0.0,7356.6900000000005,1385.0,5.0,0.0,0.0,0.0,0.0,0.0,0.0
real_ramya_user,2020-09-16,1700.66,0.0,0.0,0.0,0.0,2,16,9,0,14,591.9014285714286,743.0586666666667,0.0,0.0,0.0,0.0,1700.66,0.0,0.0,0.0,0.0,0.0,0.0,0.0,0.0,0.0,9057.35,1385.0,5.0,0.0,0.0,0.0,0.0,0.0,0.0
real_ramya_user,2020-09-17,2290.25,0.0,0.0,0.0,0.0,3,17,9,0,13,919.08,776.4313333333334,0.0,0.0,0.0,0.0,0.0,0.0,0.0,0.0,0.0,0.0,1417.54,0.0,0.0,0.0,11347.6,1385.0,5.0,0.0,0.0,872.71,0.0,0.0,0.0
real_ramya_user,2020-09-18,2170.77,0.0,0.0,0.0,0.0,4,18,9,0,12,880.24,848.7903333333335,0.0,0.0,0.0,0.0,0.0,0.0,0.0,0.0,0.0,0.0,935.1,0.0,0.0,0.0,13518.37,1385.0,5.0,0.0,0.0,0.0,0.0,1235.67,0.0
real_ramya_user,2020-09-19,0.0,0.0,0.0,0.0,0.0,5,19,9,1,11,880.24,848.7903333333333,0.0,0.0,0.0,0.0,0.0,0.0,0.0,0.0,0.0,0.0,0.0,0.0,0.0,0.0,13518.37,1385.0,5.0,0.0,0.0,0.0,0.0,0.0,0.0
real_ramya_user,2020-09-20,0.0,0.0,0.0,0.0,0.0,6,20,9,1,10,880.24,775.8526666666668,0.0,0.0,0.0,0.0,0.0,0.0,0.0,0.0,0.0,0.0,0.0,0.0,0.0,0.0,13518.37,1385.0,5.0,0.0,0.0,0.0,0.0,0.0,0.0
real_ramya_user,2020-09-21,0.0,0.0,0.0,0.0,0.0,0,21,9,0,9,880.24,653.4763333333334,0.0,0.0,0.0,0.0,0.0,0.0,0.0,0.0,0.0,0.0,0.0,0.0,0.0,0.0,13518.37,1385.0,5.0,0.0,0.0,0.0,0.0,0.0,0.0
real_ramya_user,2020-09-22,2360.46,0.0,0.0,0.0,0.0,1,22,9,0,8,1217.4485714285713,732.1583333333333,0.0,0.0,0.0,0.0,0.0,0.0,0.0,0.0,0.0,0.0,1144.0,0.0,0.0,0.0,15878.83,1385.0,5.0,0.0,0.0,565.07,0.0,651.39,0.0
real_ramya_user,2020-09-23,1047.33,0.0,0.0,0.0,0.0,2,23,9,0,7,1124.1157142857144,767.0693333333334,0.0,0.0,0.0,0.0,0.0,0.0,0.0,0.0,0.0,0.0,0.0,0.0,0.0,0.0,16926.16,1385.0,5.0,0.0,67.11,0.0,0.0,0.0,980.22
real_ramya_user,2020-09-24,0.0,0.0,0.0,0.0,0.0,3,24,9,0,6,796.9371428571429,767.0693333333334,0.0,0.0,0.0,0.0,0.0,0.0,0.0,0.0,0.0,0.0,0.0,0.0,0.0,0.0,16926.16,1385.0,5.0,0.0,0.0,0.0,0.0,0.0,0.0
real_ramya_user,2020-09-25,687.27,0.0,0.0,0.0,0.0,4,25,9,0,5,585.0085714285715,737.8233333333333,0.0,0.0,0.0,0.0,0.0,0.0,0.0,0.0,0.0,0.0,0.0,0.0,0.0,0.0,17613.43,1385.0,5.0,0.0,0.0,0.0,0.0,687.27,0.0
real_ramya_user,2020-09-26,0.0,0.0,0.0,0.0,0.0,5,26,9,1,4,585.0085714285715,674.499,0.0,0.0,0.0,0.0,0.0,0.0,0.0,0.0,0.0,0.0,0.0,0.0,0.0,0.0,17613.43,1385.0,5.0,0.0,0.0,0.0,0.0,0.0,0.0
real_ramya_user,2020-09-27,2411.19,0.0,0.0,0.0,0.0,6,27,9,1,3,929.4642857142857,754.872,0.0,0.0,0.0,0.0,0.0,0.0,0.0,0.0,0.0,0.0,1114.8,0.0,0.0,0.0,20024.62,1385.0,5.0,180.37,0.0,0.0,0.0,1116.02,0.0
real_ramya_user,2020-09-28,0.0,0.0,0.0,0.0,0.0,0,28,9,0,2,929.4642857142857,710.1313333333334,0.0,0.0,0.0,0.0,0.0,0.0,0.0,0.0,0.0,0.0,0.0,0.0,0.0,0.0,20024.62,1385.0,5.0,0.0,0.0,0.0,0.0,0.0,0.0
real_ramya_user,2020-09-29,1295.35,0.0,0.0,0.0,0.0,1,29,9,0,1,777.3057142857143,722.129,0.0,0.0,0.0,0.0,0.0,0.0,0.0,0.0,0.0,0.0,1295.35,0.0,0.0,0.0,21319.97,1385.0,5.0,0.0,0.0,0.0,0.0,0.0,0.0
real_ramya_user,2020-09-30,195.18,0.0,0.0,0.0,0.0,2,30,9,0,0,655.57,717.1716666666667,0.0,0.0,0.0,0.0,195.18,0.0,0.0,0.0,0.0,0.0,0.0,0.0,0.0,0.0,21515.15,1385.0,5.0,0.0,0.0,0.0,0.0,0.0,0.0
real_ramya_user,2020-10-01,619.35,0.0,0.0,0.0,0.0,3,1,10,0,30,744.0485714285714,685.8896666666667,0.0,0.0,0.0,0.0,0.0,0.0,0.0,0.0,0.0,0.0,0.0,0.0,0.0,0.0,619.35,0.0,0.0,619.35,0.0,0.0,0.0,0.0,0.0
real_ramya_user,2020-10-02,0.0,0.0,0.0,0.0,0.0,4,2,10,0,29,645.8671428571428,685.8896666666667,0.0,0.0,0.0,0.0,0.0,0.0,0.0,0.0,0.0,0.0,0.0,0.0,0.0,0.0,619.35,0.0,0.0,0.0,0.0,0.0,0.0,0.0,0.0
real_ramya_user,2020-10-03,1111.41,0.0,0.0,0.0,0.0,5,3,10,1,28,804.64,722.9366666666667,0.0,0.0,0.0,0.0,0.0,0.0,0.0,0.0,0.0,0.0,1111.41,0.0,0.0,0.0,1730.7600000000002,0.0,0.0,0.0,0.0,0.0,0.0,0.0,0.0
real_ramya_user,2020-10-04,710.1,0.0,0.0,0.0,0.0,6,4,10,1,27,561.6271428571429,746.6066666666667,0.0,0.0,0.0,0.0,0.0,0.0,0.0,0.0,0.0,0.0,0.0,0.0,0.0,0.0,2440.86,0.0,0.0,0.0,710.1,0.0,0.0,0.0,0.0
real_ramya_user,2020-10-05,0.0,0.0,0.0,0.0,0.0,0,5,10,0,26,561.6271428571429,708.0786666666667,0.0,0.0,0.0,0.0,0.0,0.0,0.0,0.0,0.0,0.0,0.0,0.0,0.0,0.0,2440.86,0.0,0.0,0.0,0.0,0.0,0.0,0.0,0.0
real_ramya_user,2020-10-06,0.0,0.0,0.0,0.0,0.0,1,6,10,0,25,376.5771428571429,681.434,0.0,0.0,0.0,0.0,0.0,0.0,0.0,0.0,0.0,0.0,0.0,0.0,0.0,0.0,2440.86,0.0,0.0,0.0,0.0,0.0,0.0,0.0,0.0
real_ramya_user,2020-10-07,510.29,5153.0,0.0,0.0,0.0,2,7,10,0,24,421.5928571428572,658.8346666666667,736.1428571428571,0.0,0.0,0.0,0.0,0.0,0.0,0.0,0.0,0.0,0.0,0.0,0.0,0.0,2951.15,5153.0,0.5727052202600427,0.0,0.0,0.0,0.0,510.29,0.0
real_ramya_user,2020-10-08,2521.45,0.0,0.0,0.0,0.0,3,8,10,0,23,693.3214285714286,735.7903333333333,736.1428571428571,0.0,0.0,0.0,0.0,0.0,0.0,0.0,0.0,0.0,560.23,0.0,0.0,0.0,5472.6,5153.0,1.0620221230351252,0.0,0.0,0.0,0.0,1961.22,0.0
real_ramya_user,2020-10-09,0.0,0.0,0.0,0.0,0.0,4,9,10,0,22,693.3214285714286,735.7903333333333,736.1428571428571,0.0,0.0,0.0,0.0,0.0,0.0,0.0,0.0,0.0,0.0,0.0,0.0,0.0,5472.6,5153.0,1.0620221230351252,0.0,0.0,0.0,0.0,0.0,0.0
real_ramya_user,2020-10-10,462.69,5821.0,0.0,0.0,0.0,5,10,10,1,21,600.6471428571429,751.2133333333334,1567.7142857142858,0.0,0.0,0.0,0.0,0.0,0.0,0.0,0.0,0.0,0.0,0.0,0.0,0.0,5935.29,10974.0,0.5408501913613997,0.0,0.0,0.0,0.0,462.69,0.0
real_ramya_user,2020-10-11,0.0,0.0,0.0,0.0,0.0,6,11,10,1,20,499.20428571428573,669.7916666666666,1567.7142857142858,0.0,0.0,0.0,0.0,0.0,0.0,0.0,0.0,0.0,0.0,0.0,0.0,0.0,5935.29,10974.0,0.5408501913613997,0.0,0.0,0.0,0.0,0.0,0.0
real_ramya_user,2020-10-12,1279.36,0.0,0.0,0.0,0.0,0,12,10,0,19,681.97,712.437,1567.7142857142858,0.0,0.0,0.0,0.0,0.0,0.0,0.0,0.0,0.0,0.0,0.0,0.0,0.0,7214.65,10974.0,0.657431201020594,0.0,0.0,0.0,0.0,0.0,1279.36
real_ramya_user,2020-10-13,0.0,0.0,0.0,0.0,0.0,1,13,10,0,18,681.97,712.437,1567.7142857142858,0.0,0.0,0.0,0.0,0.0,0.0,0.0,0.0,0.0,0.0,0.0,0.0,0.0,7214.65,10974.0,0.657431201020594,0.0,0.0,0.0,0.0,0.0,0.0
real_ramya_user,2020-10-14,1746.71,0.0,0.0,0.0,0.0,2,14,10,0,17,858.6014285714285,770.6606666666667,831.5714285714286,0.0,0.0,0.0,0.0,0.0,0.0,0.0,0.0,0.0,0.0,0.0,0.0,0.0,8961.36,10974.0,0.8165992345544013,0.0,0.0,1746.71,0.0,0.0,0.0
real_ramya_user,2020-10-15,962.64,0.0,0.0,0.0,0.0,3,15,10,0,16,635.9142857142858,802.7486666666666,831.5714285714286,0.0,0.0,0.0,0.0,0.0,0.0,0.0,0.0,0.0,962.64,0.0,0.0,0.0,9924.0,10974.0,0.9043193001640241,0.0,0.0,0.0,0.0,0.0,0.0
real_ramya_user,2020-10-16,3316.71,0.0,0.0,0.0,0.0,4,16,10,0,15,1109.73,856.617,831.5714285714286,0.0,0.0,0.0,512.43,0.0,0.0,0.0,0.0,0.0,0.0,0.0,0.0,0.0,13240.71,10974.0,1.2065527610716238,0.0,0.0,2804.2799999999997,0.0,0.0,0.0
real_ramya_user,2020-10-17,0.0,0.0,0.0,0.0,0.0,5,17,10,1,14,1043.6314285714286,780.2753333333333,0.0,0.0,0.0,0.0,0.0,0.0,0.0,0.0,0.0,0.0,0.0,0.0,0.0,0.0,13240.71,10974.0,1.2065527610716238,0.0,0.0,0.0,0.0,0.0,0.0
real_ramya_user,2020-10-18,306.9,0.0,0.0,0.0,0.0,6,18,10,1,13,1087.4742857142858,718.1463333333334,0.0,0.0,0.0,0.0,0.0,0.0,0.0,0.0,0.0,0.0,0.0,0.0,0.0,0.0,13547.61,10974.0,1.234518862766539,0.0,0.0,0.0,0.0,0.0,306.9
real_ramya_user,2020-10-19,179.51,0.0,0.0,0.0,0.0,0,19,10,0,12,930.3528571428571,724.1299999999999,0.0,0.0,0.0,0.0,0.0,0.0,0.0,0.0,0.0,0.0,0.0,0.0,0.0,0.0,13727.12,10974.0,1.2508766174594497,0.0,0.0,0.0,0.0,179.51,0.0
real_ramya_user,2020-10-20,0.0,0.0,0.0,0.0,0.0,1,20,10,0,11,930.3528571428571,724.1299999999999,0.0,0.0,0.0,0.0,0.0,0.0,0.0,0.0,0.0,0.0,0.0,0.0,0.0,0.0,13727.12,10974.0,1.2508766174594497,0.0,0.0,0.0,0.0,0.0,0.0
real_ramya_user,2020-10-21,0.0,0.0,0.0,0.0,0.0,2,21,10,0,10,680.8228571428572,724.1299999999999,0.0,0.0,0.0,0.0,0.0,0.0,0.0,0.0,0.0,0.0,0.0,0.0,0.0,0.0,13727.12,10974.0,1.2508766174594497,0.0,0.0,0.0,0.0,0.0,0.0
real_ramya_user,2020-10-22,0.0,0.0,0.0,0.0,0.0,3,22,10,0,9,543.3028571428572,645.448,0.0,0.0,0.0,0.0,0.0,0.0,0.0,0.0,0.0,0.0,0.0,0.0,0.0,0.0,13727.12,10974.0,1.2508766174594497,0.0,0.0,0.0,0.0,0.0,0.0
real_ramya_user,2020-10-23,1216.57,0.0,0.0,0.0,0.0,4,23,10,0,8,243.2828571428572,651.0893333333333,0.0,0.0,0.0,0.0,0.0,0.0,0.0,0.0,0.0,0.0,0.0,0.0,0.0,0.0,14943.69,10974.0,1.3617359212684528,0.0,0.0,0.0,1216.57,0.0,0.0
real_ramya_user,2020-10-24,1553.63,0.0,0.0,0.0,0.0,5,24,10,1,7,465.2300000000001,702.877,0.0,0.0,0.0,0.0,0.0,0.0,0.0,0.0,0.0,0.0,0.0,0.0,0.0,0.0,16497.32,10974.0,1.5033096409695643,1553.63,0.0,0.0,0.0,0.0,0.0
real_ramya_user,2020-10-25,0.0,0.0,0.0,0.0,0.0,6,25,10,1,6,421.3871428571429,679.9680000000001,0.0,0.0,0.0,0.0,0.0,0.0,0.0,0.0,0.0,0.0,0.0,0.0,0.0,0.0,16497.32,10974.0,1.5033096409695643,0.0,0.0,0.0,0.0,0.0,0.0
real_ramya_user,2020-10-26,601.73,0.0,0.0,0.0,0.0,0,26,10,0,5,481.70428571428585,700.0256666666667,0.0,0.0,0.0,0.0,0.0,0.0,0.0,0.0,0.0,0.0,601.73,0.0,0.0,0.0,17099.05,10974.0,1.5581419719336613,0.0,0.0,0.0,0.0,0.0,0.0
real_ramya_user,2020-10-27,3050.06,0.0,0.0,0.0,0.0,1,27,10,0,4,917.4271428571429,721.3213333333333,0.0,0.0,0.0,0.0,0.0,0.0,0.0,0.0,0.0,0.0,0.0,0.0,0.0,0.0,20149.11,10974.0,1.836077091306725,536.65,0.0,1895.7,617.71,0.0,0.0
real_ramya_user,2020-10-28,0.0,1923.0,0.0,0.0,0.0,2,28,10,0,3,917.4271428571429,721.3213333333333,274.7142857142857,0.0,0.0,0.0,0.0,0.0,0.0,0.0,0.0,0.0,0.0,0.0,0.0,0.0,20149.11,12897.0,1.5623098394975576,0.0,0.0,0.0,0.0,0.0,0.0
real_ramya_user,2020-10-29,15.32,0.0,0.0,0.0,0.0,3,29,10,0,2,919.6157142857144,678.6536666666667,274.7142857142857,0.0,0.0,0.0,0.0,0.0,0.0,0.0,0.0,0.0,0.0,0.0,0.0,0.0,20164.43,12897.0,1.5634977126463518,0.0,0.0,0.0,0.0,0.0,15.32
real_ramya_user,2020-10-30,589.61,0.0,0.0,0.0,0.0,4,30,10,0,1,830.0500000000001,691.8013333333333,274.7142857142857,0.0,0.0,0.0,0.0,0.0,0.0,0.0,0.0,0.0,589.61,0.0,0.0,0.0,20754.04,12897.0,1.609214546018454,0.0,0.0,0.0,0.0,0.0,0.0
real_ramya_user,2020-10-31,1408.95,0.0,0.0,0.0,0.0,5,31,10,1,0,809.3814285714287,718.1213333333333,274.7142857142857,0.0,0.0,0.0,0.0,0.0,0.0,0.0,0.0,0.0,0.0,0.0,0.0,0.0,22162.99,12897.0,1.7184608823757463,0.0,0.0,0.0,0.0,1408.95,0.0
real_ramya_user,2020-11-01,2704.6099999999997,0.0,0.0,0.0,0.0,6,1,11,1,29,1195.7542857142855,808.275,274.7142857142857,0.0,0.0,0.0,0.0,0.0,0.0,0.0,0.0,0.0,0.0,0.0,0.0,0.0,2704.6099999999997,0.0,0.0,2704.6099999999997,0.0,0.0,0.0,0.0,0.0
real_ramya_user,2020-11-02,1817.74,0.0,0.0,0.0,0.0,0,2,11,0,28,1369.47,831.8193333333332,274.7142857142857,0.0,0.0,0.0,0.0,0.0,0.0,0.0,0.0,0.0,0.0,0.0,0.0,0.0,4522.349999999999,0.0,0.0,0.0,0.0,0.0,0.0,0.0,1817.74
real_ramya_user,2020-11-03,0.0,0.0,0.0,0.0,0.0,1,3,11,0,27,933.7471428571429,808.1493333333333,274.7142857142857,0.0,0.0,0.0,0.0,0.0,0.0,0.0,0.0,0.0,0.0,0.0,0.0,0.0,4522.349999999999,0.0,0.0,0.0,0.0,0.0,0.0,0.0,0.0
real_ramya_user,2020-11-04,128.68,0.0,0.0,0.0,0.0,2,4,11,0,26,952.13,812.4386666666667,0.0,0.0,0.0,0.0,0.0,0.0,0.0,0.0,0.0,0.0,0.0,0.0,0.0,0.0,4651.03,0.0,0.0,0.0,0.0,128.68,0.0,0.0,0.0
real_ramya_user,2020-11-05,0.0,0.0,0.0,0.0,0.0,3,5,11,0,25,949.9414285714286,812.4386666666667,0.0,0.0,0.0,0.0,0.0,0.0,0.0,0.0,0.0,0.0,0.0,0.0,0.0,0.0,4651.03,0.0,0.0,0.0,0.0,0.0,0.0,0.0,0.0
real_ramya_user,2020-11-06,883.92,0.0,0.0,0.0,0.0,4,6,11,0,24,991.9857142857144,824.8929999999999,0.0,0.0,0.0,0.0,0.0,0.0,0.0,0.0,0.0,0.0,0.0,0.0,0.0,0.0,5534.95,0.0,0.0,0.0,0.0,0.0,0.0,883.92,0.0
real_ramya_user,2020-11-07,1402.47,0.0,0.0,0.0,0.0,5,7,11,1,23,991.0600000000001,787.5936666666665,0.0,0.0,0.0,0.0,0.0,0.0,0.0,0.0,0.0,0.0,0.0,0.0,0.0,0.0,6937.42,0.0,0.0,0.0,0.0,0.0,0.0,1402.47,0.0
real_ramya_user,2020-11-08,0.0,0.0,0.0,0.0,0.0,6,8,11,1,22,604.6871428571428,787.5936666666665,0.0,0.0,0.0,0.0,0.0,0.0,0.0,0.0,0.0,0.0,0.0,0.0,0.0,0.0,6937.42,0.0,0.0,0.0,0.0,0.0,0.0,0.0,0.0
real_ramya_user,2020-11-09,881.14,0.0,0.0,0.0,0.0,0,9,11,0,21,470.88714285714286,801.5419999999999,0.0,0.0,0.0,0.0,0.0,0.0,0.0,0.0,0.0,0.0,881.14,0.0,0.0,0.0,7818.5599999999995,0.0,0.0,0.0,0.0,0.0,0.0,0.0,0.0
real_ramya_user,2020-11-10,1663.46,0.0,0.0,0.0,0.0,1,10,11,0,20,708.5242857142857,856.9906666666667,0.0,0.0,0.0,0.0,191.74,0.0,0.0,0.0,0.0,0.0,0.0,0.0,0.0,0.0,9482.02,0.0,0.0,0.0,0.0,0.0,1471.72,0.0,0.0
real_ramya_user,2020-11-11,0.0,0.0,0.0,0.0,0.0,2,11,11,0,19,690.1414285714287,814.3453333333333,0.0,0.0,0.0,0.0,0.0,0.0,0.0,0.0,0.0,0.0,0.0,0.0,0.0,0.0,9482.02,0.0,0.0,0.0,0.0,0.0,0.0,0.0,0.0
real_ramya_user,2020-11-12,3155.88,0.0,0.0,0.0,0.0,3,12,11,0,18,1140.9814285714288,919.5413333333332,0.0,0.0,0.0,0.0,1999.15,0.0,0.0,0.0,0.0,0.0,0.0,0.0,0.0,0.0,12637.9,0.0,0.0,0.0,0.0,0.0,0.0,1156.73,0.0
real_ramya_user,2020-11-13,0.0,0.0,0.0,0.0,0.0,4,13,11,0,17,1014.7071428571429,861.3176666666666,0.0,0.0,0.0,0.0,0.0,0.0,0.0,0.0,0.0,0.0,0.0,0.0,0.0,0.0,12637.9,0.0,0.0,0.0,0.0,0.0,0.0,0.0,0.0
real_ramya_user,2020-11-14,3929.16,0.0,0.0,0.0,0.0,5,14,11,1,16,1375.662857142857,960.2016666666666,0.0,0.0,0.0,0.0,0.0,0.0,0.0,0.0,0.0,0.0,1938.42,0.0,0.0,0.0,16567.059999999998,0.0,0.0,0.0,0.0,0.0,673.28,371.16,946.3
real_ramya_user,2020-11-15,1994.85,0.0,0.0,0.0,0.0,6,15,11,1,15,1660.6414285714286,916.1396666666667,0.0,0.0,0.0,0.0,0.0,0.0,0.0,0.0,0.0,0.0,0.0,0.0,0.0,0.0,18561.91,0.0,0.0,0.0,0.0,0.0,0.0,1328.54,666.31
real_ramya_user,2020-11-16,1155.78,0.0,0.0,0.0,0.0,0,16,11,0,14,1699.8757142857144,954.6656666666667,0.0,0.0,0.0,0.0,915.1,0.0,0.0,0.0,0.0,0.0,0.0,0.0,0.0,0.0,19717.69,0.0,0.0,0.0,240.68,0.0,0.0,0.0,0.0
real_ramya_user,2020-11-17,1318.74,0.0,0.0,0.0,0.0,1,17,11,0,13,1650.6299999999999,988.3936666666666,0.0,0.0,0.0,0.0,1318.74,0.0,0.0,0.0,0.0,0.0,0.0,0.0,0.0,0.0,21036.43,0.0,0.0,0.0,0.0,0.0,0.0,0.0,0.0
real_ramya_user,2020-11-18,0.0,0.0,0.0,0.0,0.0,2,18,11,0,12,1650.6299999999999,982.4100000000001,0.0,0.0,0.0,0.0,0.0,0.0,0.0,0.0,0.0,0.0,0.0,0.0,0.0,0.0,21036.43,0.0,0.0,0.0,0.0,0.0,0.0,0.0,0.0
real_ramya_user,2020-11-19,0.0,0.0,0.0,0.0,0.0,3,19,11,0,11,1199.7900000000002,982.4100000000001,0.0,0.0,0.0,0.0,0.0,0.0,0.0,0.0,0.0,0.0,0.0,0.0,0.0,0.0,21036.43,0.0,0.0,0.0,0.0,0.0,0.0,0.0,0.0
real_ramya_user,2020-11-20,117.87,0.0,0.0,0.0,0.0,4,20,11,0,10,1216.6285714285716,986.339,0.0,0.0,0.0,0.0,0.0,0.0,0.0,0.0,0.0,0.0,0.0,0.0,0.0,0.0,21154.3,0.0,0.0,0.0,0.0,0.0,117.87,0.0,0.0
real_ramya_user,2020-11-21,0.0,0.0,0.0,0.0,0.0,5,21,11,1,9,655.32,986.339,0.0,0.0,0.0,0.0,0.0,0.0,0.0,0.0,0.0,0.0,0.0,0.0,0.0,0.0,21154.3,0.0,0.0,0.0,0.0,0.0,0.0,0.0,0.0
real_ramya_user,2020-11-22,1254.56,0.0,0.0,0.0,0.0,6,22,11,1,8,549.5642857142858,987.6053333333332,0.0,0.0,0.0,0.0,0.0,0.0,0.0,0.0,0.0,0.0,1254.56,0.0,0.0,0.0,22408.86,0.0,0.0,0.0,0.0,0.0,0.0,0.0,0.0
real_ramya_user,2020-11-23,541.44,0.0,0.0,0.0,0.0,0,23,11,0,7,461.8014285714286,953.8656666666667,0.0,0.0,0.0,0.0,0.0,0.0,0.0,0.0,0.0,0.0,0.0,0.0,0.0,0.0,22950.3,0.0,0.0,541.44,0.0,0.0,0.0,0.0,0.0
real_ramya_user,2020-11-24,0.0,0.0,0.0,0.0,0.0,1,24,11,0,6,273.41,953.8656666666667,0.0,0.0,0.0,0.0,0.0,0.0,0.0,0.0,0.0,0.0,0.0,0.0,0.0,0.0,22950.3,0.0,0.0,0.0,0.0,0.0,0.0,0.0,0.0
real_ramya_user,2020-11-25,251.64,4089.0,0.0,0.0,0.0,2,25,11,0,5,309.35857142857145,942.196,584.1428571428571,0.0,0.0,0.0,0.0,0.0,0.0,0.0,0.0,0.0,251.64,0.0,0.0,0.0,23201.94,4089.0,5.0,0.0,0.0,0.0,0.0,0.0,0.0
real_ramya_user,2020-11-26,1422.47,0.0,0.0,0.0,0.0,3,26,11,0,4,512.5685714285715,887.943,584.1428571428571,0.0,0.0,0.0,0.0,0.0,0.0,0.0,0.0,0.0,0.0,0.0,0.0,0.0,24624.41,4089.0,5.0,1422.47,0.0,0.0,0.0,0.0,0.0
real_ramya_user,2020-11-27,1108.98,4280.0,0.0,0.0,0.0,4,27,11,0,3,654.1557142857143,924.909,1195.5714285714287,0.0,0.0,0.0,1108.98,0.0,0.0,0.0,0.0,0.0,0.0,0.0,0.0,0.0,25733.39,8369.0,3.074846457163341,0.0,0.0,0.0,0.0,0.0,0.0
real_ramya_user,2020-11-28,0.0,0.0,0.0,0.0,0.0,5,28,11,1,2,654.1557142857143,924.3983333333333,1195.5714285714287,0.0,0.0,0.0,0.0,0.0,0.0,0.0,0.0,0.0,0.0,0.0,0.0,0.0,25733.39,8369.0,3.074846457163341,0.0,0.0,0.0,0.0,0.0,0.0
real_ramya_user,2020-11-29,1001.77,0.0,0.0,0.0,0.0,6,29,11,1,1,618.0428571428573,938.1370000000001,1195.5714285714287,0.0,0.0,0.0,0.0,0.0,0.0,0.0,0.0,0.0,0.0,0.0,0.0,0.0,26735.16,8369.0,3.1945465408053533,0.0,0.0,0.0,0.0,0.0,1001.77
real_ramya_user,2020-11-30,0.0,0.0,0.0,0.0,0.0,0,30,11,0,0,540.6942857142858,891.172,1195.5714285714287,0.0,0.0,0.0,0.0,0.0,0.0,0.0,0.0,0.0,0.0,0.0,0.0,0.0,26735.16,8369.0,3.1945465408053533,0.0,0.0,0.0,0.0,0.0,0.0
real_ramya_user,2020-12-01,836.83,0.0,0.0,0.0,0.0,1,1,12,0,30,660.2414285714286,828.9126666666667,1195.5714285714287,0.0,0.0,0.0,0.0,0.0,0.0,0.0,0.0,0.0,0.0,0.0,0.0,0.0,836.83,0.0,0.0,0.0,0.0,0.0,0.0,836.83,0.0
real_ramya_user,2020-12-02,0.0,0.0,0.0,0.0,0.0,2,2,12,0,29,624.2928571428572,768.3213333333333,611.4285714285714,0.0,0.0,0.0,0.0,0.0,0.0,0.0,0.0,0.0,0.0,0.0,0.0,0.0,836.83,0.0,0.0,0.0,0.0,0.0,0.0,0.0,0.0
real_ramya_user,2020-12-03,0.0,0.0,0.0,0.0,0.0,3,3,12,0,28,421.0828571428572,768.3213333333333,611.4285714285714,0.0,0.0,0.0,0.0,0.0,0.0,0.0,0.0,0.0,0.0,0.0,0.0,0.0,836.83,0.0,0.0,0.0,0.0,0.0,0.0,0.0,0.0
real_ramya_user,2020-12-04,0.0,0.0,0.0,0.0,0.0,4,4,12,0,27,262.6571428571429,764.0319999999999,0.0,0.0,0.0,0.0,0.0,0.0,0.0,0.0,0.0,0.0,0.0,0.0,0.0,0.0,836.83,0.0,0.0,0.0,0.0,0.0,0.0,0.0,0.0
real_ramya_user,2020-12-05,884.3299999999999,0.0,0.0,0.0,0.0,5,5,12,1,26,388.99000000000007,793.5096666666667,0.0,0.0,0.0,0.0,0.0,0.0,0.0,0.0,0.0,0.0,495.02,0.0,0.0,0.0,1721.1599999999999,0.0,0.0,0.0,0.0,0.0,389.31,0.0,0.0
real_ramya_user,2020-12-06,1729.41,0.0,0.0,0.0,0.0,6,6,12,1,25,492.9385714285715,821.6926666666667,0.0,0.0,0.0,0.0,0.0,0.0,0.0,0.0,0.0,0.0,0.0,0.0,0.0,0.0,3450.57,0.0,0.0,0.0,0.0,0.0,0.0,0.0,1729.41
real_ramya_user,2020-12-07,0.0,0.0,0.0,0.0,0.0,0,7,12,0,24,492.9385714285715,774.9436666666667,0.0,0.0,0.0,0.0,0.0,0.0,0.0,0.0,0.0,0.0,0.0,0.0,0.0,0.0,3450.57,0.0,0.0,0.0,0.0,0.0,0.0,0.0,0.0
real_ramya_user,2020-12-08,0.0,0.0,0.0,0.0,0.0,1,8,12,0,23,373.39142857142866,774.9436666666667,0.0,0.0,0.0,0.0,0.0,0.0,0.0,0.0,0.0,0.0,0.0,0.0,0.0,0.0,3450.57,0.0,0.0,0.0,0.0,0.0,0.0,0.0,0.0
real_ramya_user,2020-12-09,0.0,0.0,0.0,0.0,0.0,2,9,12,0,22,373.39142857142866,745.5723333333334,0.0,0.0,0.0,0.0,0.0,0.0,0.0,0.0,0.0,0.0,0.0,0.0,0.0,0.0,3450.57,0.0,0.0,0.0,0.0,0.0,0.0,0.0,0.0
real_ramya_user,2020-12-10,2329.2400000000002,0.0,0.0,0.0,0.0,3,10,12,0,21,706.1400000000002,767.7649999999999,0.0,0.0,0.0,0.0,0.0,0.0,0.0,0.0,0.0,0.0,0.0,0.0,0.0,0.0,5779.81,0.0,0.0,0.0,0.0,0.0,686.35,1642.89,0.0
real_ramya_user,2020-12-11,1676.58,0.0,0.0,0.0,0.0,4,11,12,0,20,945.6514285714287,823.651,0.0,0.0,0.0,0.0,0.0,0.0,0.0,0.0,0.0,0.0,0.0,0.0,0.0,0.0,7456.39,0.0,0.0,0.0,0.0,0.0,0.0,1676.58,0.0
real_ramya_user,2020-12-12,1731.87,0.0,0.0,0.0,0.0,5,12,12,1,19,1066.7285714285715,776.184,0.0,0.0,0.0,0.0,0.0,0.0,0.0,0.0,0.0,0.0,1731.87,0.0,0.0,0.0,9188.26,0.0,0.0,0.0,0.0,0.0,0.0,0.0,0.0
real_ramya_user,2020-12-13,696.8,0.0,0.0,0.0,0.0,6,13,12,1,18,919.2128571428573,799.4106666666667,0.0,0.0,0.0,0.0,0.0,0.0,0.0,0.0,0.0,0.0,696.8,0.0,0.0,0.0,9885.06,0.0,0.0,0.0,0.0,0.0,0.0,0.0,0.0
real_ramya_user,2020-12-14,2877.88,0.0,0.0,0.0,0.0,0,14,12,0,17,1330.3385714285712,764.368,0.0,0.0,0.0,0.0,0.0,0.0,0.0,0.0,0.0,0.0,0.0,0.0,0.0,0.0,12762.94,0.0,0.0,1961.74,0.0,0.0,916.14,0.0,0.0
real_ramya_user,2020-12-15,0.0,0.0,0.0,0.0,0.0,1,15,12,0,16,1330.3385714285712,697.8729999999999,0.0,0.0,0.0,0.0,0.0,0.0,0.0,0.0,0.0,0.0,0.0,0.0,0.0,0.0,12762.94,0.0,0.0,0.0,0.0,0.0,0.0,0.0,0.0
real_ramya_user,2020-12-16,1896.2599999999998,0.0,0.0,0.0,0.0,2,16,12,0,15,1601.232857142857,722.5556666666666,0.0,0.0,0.0,0.0,643.17,0.0,0.0,0.0,0.0,0.0,0.0,0.0,0.0,0.0,14659.2,0.0,0.0,0.0,0.0,0.0,1253.09,0.0,0.0
real_ramya_user,2020-12-17,0.0,0.0,0.0,0.0,0.0,3,17,12,0,14,1268.4842857142855,678.5976666666667,0.0,0.0,0.0,0.0,0.0,0.0,0.0,0.0,0.0,0.0,0.0,0.0,0.0,0.0,14659.2,0.0,0.0,0.0,0.0,0.0,0.0,0.0,0.0
real_ramya_user,2020-12-18,995.7,1322.0,0.0,0.0,0.0,4,18,12,0,13,1171.2157142857143,711.7876666666667,188.85714285714286,0.0,0.0,0.0,0.0,0.0,0.0,0.0,0.0,0.0,0.0,0.0,0.0,0.0,15654.9,1322.0,5.0,0.0,0.0,0.0,0.0,0.0,995.7
real_ramya_user,2020-12-19,0.0,0.0,0.0,0.0,0.0,5,19,12,1,12,923.8057142857143,711.7876666666666,188.85714285714286,0.0,0.0,0.0,0.0,0.0,0.0,0.0,0.0,0.0,0.0,0.0,0.0,0.0,15654.9,1322.0,5.0,0.0,0.0,0.0,0.0,0.0,0.0
real_ramya_user,2020-12-20,1656.0900000000001,0.0,0.0,0.0,0.0,6,20,12,1,11,1060.847142857143,763.0616666666666,188.85714285714286,0.0,0.0,0.0,1447.66,0.0,0.0,0.0,0.0,0.0,208.43,0.0,0.0,0.0,17310.99,1322.0,5.0,0.0,0.0,0.0,0.0,0.0,0.0
real_ramya_user,2020-12-21,0.0,0.0,0.0,0.0,0.0,0,21,12,0,10,649.7214285714286,763.0616666666666,188.85714285714286,0.0,0.0,0.0,0.0,0.0,0.0,0.0,0.0,0.0,0.0,0.0,0.0,0.0,17310.99,1322.0,5.0,0.0,0.0,0.0,0.0,0.0,0.0
real_ramya_user,2020-12-22,158.91,0.0,0.0,0.0,0.0,1,22,12,0,9,672.4228571428572,726.5400000000001,188.85714285714286,0.0,0.0,0.0,0.0,0.0,0.0,0.0,0.0,0.0,0.0,0.0,0.0,0.0,17469.9,1322.0,5.0,0.0,0.0,0.0,0.0,0.0,158.91
real_ramya_user,2020-12-23,2388.75,0.0,0.0,0.0,0.0,2,23,12,0,8,742.7785714285716,788.117,188.85714285714286,0.0,0.0,0.0,0.0,0.0,0.0,0.0,0.0,0.0,0.0,0.0,0.0,0.0,19858.65,1322.0,5.0,0.0,0.0,1705.01,0.0,683.74,0.0
real_ramya_user,2020-12-24,1908.74,0.0,0.0,0.0,0.0,3,24,12,0,7,1015.4557142857144,851.7416666666667,188.85714285714286,0.0,0.0,0.0,0.0,0.0,0.0,0.0,0.0,0.0,0.0,0.0,0.0,0.0,21767.39,1322.0,5.0,0.0,0.0,0.0,1908.74,0.0,0.0
real_ramya_user,2020-12-25,1746.04,0.0,0.0,0.0,0.0,4,25,12,0,6,1122.6471428571429,901.5550000000001,0.0,0.0,0.0,0.0,0.0,0.0,0.0,0.0,0.0,0.0,1746.04,0.0,0.0,0.0,23513.43,1322.0,5.0,0.0,0.0,0.0,0.0,0.0,0.0
real_ramya_user,2020-12-26,0.0,2423.0,0.0,0.0,0.0,5,26,12,1,5,1122.6471428571429,854.1393333333333,346.14285714285717,0.0,0.0,0.0,0.0,0.0,0.0,0.0,0.0,0.0,0.0,0.0,0.0,0.0,23513.43,3745.0,5.0,0.0,0.0,0.0,0.0,0.0,0.0
real_ramya_user,2020-12-27,0.0,0.0,0.0,0.0,0.0,6,27,12,1,4,886.0628571428572,817.1733333333334,346.14285714285717,0.0,0.0,0.0,0.0,0.0,0.0,0.0,0.0,0.0,0.0,0.0,0.0,0.0,23513.43,3745.0,5.0,0.0,0.0,0.0,0.0,0.0,0.0
real_ramya_user,2020-12-28,1994.88,0.0,0.0,0.0,0.0,0,28,12,0,3,1171.0457142857142,883.6693333333333,346.14285714285717,0.0,0.0,0.0,0.0,0.0,0.0,0.0,0.0,0.0,0.0,0.0,0.0,0.0,25508.31,3745.0,5.0,0.0,0.0,0.0,0.0,1994.88,0.0
real_ramya_user,2020-12-29,0.0,0.0,0.0,0.0,0.0,1,29,12,0,2,1148.344285714286,850.2769999999999,346.14285714285717,0.0,0.0,0.0,0.0,0.0,0.0,0.0,0.0,0.0,0.0,0.0,0.0,0.0,25508.31,3745.0,5.0,0.0,0.0,0.0,0.0,0.0,0.0
real_ramya_user,2020-12-30,1956.89,0.0,0.0,0.0,0.0,2,30,12,0,1,1086.6499999999999,915.5066666666665,346.14285714285717,0.0,0.0,0.0,0.0,0.0,0.0,0.0,0.0,0.0,0.0,0.0,0.0,0.0,27465.2,3745.0,5.0,0.0,0.0,0.0,1956.89,0.0,0.0
real_ramya_user,2020-12-31,892.92,0.0,0.0,0.0,0.0,3,31,12,0,0,941.5328571428571,917.3763333333334,346.14285714285717,0.0,0.0,0.0,0.0,0.0,0.0,0.0,0.0,0.0,0.0,0.0,0.0,0.0,28358.12,3745.0,5.0,0.0,0.0,892.92,0.0,0.0,0.0
real_ramya_user,2021-01-01,101.52,0.0,0.0,0.0,0.0,4,1,1,0,30,706.6014285714285,920.7603333333334,346.14285714285717,0.0,0.0,0.0,101.52,0.0,0.0,0.0,0.0,0.0,0.0,0.0,0.0,0.0,101.52,0.0,0.0,0.0,0.0,0.0,0.0,0.0,0.0
real_ramya_user,2021-01-02,0.0,0.0,0.0,0.0,0.0,5,2,1,1,29,706.6014285714285,920.7603333333334,0.0,0.0,0.0,0.0,0.0,0.0,0.0,0.0,0.0,0.0,0.0,0.0,0.0,0.0,101.52,0.0,0.0,0.0,0.0,0.0,0.0,0.0,0.0
real_ramya_user,2021-01-03,0.0,0.0,0.0,0.0,0.0,6,3,1,1,28,706.6014285714285,920.7603333333334,0.0,0.0,0.0,0.0,0.0,0.0,0.0,0.0,0.0,0.0,0.0,0.0,0.0,0.0,101.52,0.0,0.0,0.0,0.0,0.0,0.0,0.0,0.0
real_ramya_user,2021-01-04,0.0,0.0,0.0,0.0,0.0,0,4,1,0,27,421.61857142857144,891.2826666666666,0.0,0.0,0.0,0.0,0.0,0.0,0.0,0.0,0.0,0.0,0.0,0.0,0.0,0.0,101.52,0.0,0.0,0.0,0.0,0.0,0.0,0.0,0.0
real_ramya_user,2021-01-05,0.0,0.0,0.0,0.0,0.0,1,5,1,0,26,421.61857142857144,833.6356666666667,0.0,0.0,0.0,0.0,0.0,0.0,0.0,0.0,0.0,0.0,0.0,0.0,0.0,0.0,101.52,0.0,0.0,0.0,0.0,0.0,0.0,0.0,0.0
real_ramya_user,2021-01-06,1790.3600000000001,0.0,0.0,0.0,0.0,2,6,1,0,25,397.8285714285715,893.3143333333334,0.0,0.0,0.0,0.0,0.0,0.0,0.0,0.0,0.0,0.0,0.0,0.0,0.0,0.0,1891.88,0.0,0.0,1067.02,0.0,0.0,0.0,723.34,0.0
real_ramya_user,2021-01-07,0.0,0.0,0.0,0.0,0.0,3,7,1,0,24,270.2685714285714,893.3143333333334,0.0,0.0,0.0,0.0,0.0,0.0,0.0,0.0,0.0,0.0,0.0,0.0,0.0,0.0,1891.88,0.0,0.0,0.0,0.0,0.0,0.0,0.0,0.0
real_ramya_user,2021-01-08,348.27,0.0,0.0,0.0,0.0,4,8,1,0,23,305.5185714285714,904.9233333333334,0.0,0.0,0.0,0.0,0.0,0.0,0.0,0.0,0.0,0.0,0.0,0.0,0.0,0.0,2240.15,0.0,0.0,0.0,0.0,0.0,0.0,0.0,348.27
real_ramya_user,2021-01-09,0.0,0.0,0.0,0.0,0.0,5,9,1,1,22,305.5185714285714,827.282,0.0,0.0,0.0,0.0,0.0,0.0,0.0,0.0,0.0,0.0,0.0,0.0,0.0,0.0,2240.15,0.0,0.0,0.0,0.0,0.0,0.0,0.0,0.0
real_ramya_user,2021-01-10,472.06,2472.0,0.0,0.0,0.0,6,10,1,1,21,372.9557142857143,787.1313333333333,353.14285714285717,0.0,0.0,0.0,0.0,0.0,0.0,0.0,0.0,0.0,0.0,0.0,0.0,0.0,2712.21,2472.0,1.0971723300970875,0.0,0.0,0.0,0.0,0.0,472.06
real_ramya_user,2021-01-11,518.1,0.0,0.0,0.0,0.0,0,11,1,0,20,446.96999999999997,746.6723333333334,353.14285714285717,0.0,0.0,0.0,0.0,0.0,0.0,0.0,0.0,0.0,518.1,0.0,0.0,0.0,3230.3100000000004,2472.0,1.3067597087378642,0.0,0.0,0.0,0.0,0.0,0.0
real_ramya_user,2021-01-12,0.0,2856.0,0.0,0.0,0.0,1,12,1,0,19,446.96999999999997,723.4456666666667,761.1428571428571,0.0,0.0,0.0,0.0,0.0,0.0,0.0,0.0,0.0,0.0,0.0,0.0,0.0,3230.3100000000004,5328.0,0.6062894144144145,0.0,0.0,0.0,0.0,0.0,0.0
real_ramya_user,2021-01-13,1438.48,0.0,0.0,0.0,0.0,2,13,1,0,18,396.70142857142855,675.4656666666667,761.1428571428571,0.0,0.0,0.0,0.0,0.0,0.0,0.0,0.0,0.0,0.0,0.0,0.0,0.0,4668.79,5328.0,0.8762743993993994,0.0,0.0,0.0,0.0,1281.49,156.99
real_ramya_user,2021-01-14,2627.2400000000002,0.0,0.0,0.0,0.0,3,14,1,0,17,772.0214285714286,763.0403333333333,761.1428571428571,0.0,0.0,0.0,0.0,0.0,0.0,0.0,0.0,0.0,0.0,0.0,0.0,0.0,7296.030000000001,5328.0,1.3693750000000002,0.0,0.0,0.0,1708.14,919.1,0.0
real_ramya_user,2021-01-15,53.66,3440.0,0.0,0.0,0.0,4,15,1,0,16,729.9342857142858,701.6203333333335,1252.5714285714287,0.0,0.0,0.0,0.0,0.0,0.0,0.0,0.0,0.0,0.0,0.0,0.0,0.0,7349.6900000000005,8768.0,0.8382401916058395,0.0,0.0,0.0,0.0,53.66,0.0
real_ramya_user,2021-01-16,0.0,0.0,0.0,0.0,0.0,5,16,1,1,15,729.9342857142858,701.6203333333335,1252.5714285714287,0.0,0.0,0.0,0.0,0.0,0.0,0.0,0.0,0.0,0.0,0.0,0.0,0.0,7349.6900000000005,8768.0,0.8382401916058395,0.0,0.0,0.0,0.0,0.0,0.0
real_ramya_user,2021-01-17,2378.3500000000004,0.0,0.0,0.0,0.0,6,17,1,1,14,1002.2614285714287,747.7086666666668,899.4285714285714,0.0,0.0,0.0,1822.13,0.0,0.0,0.0,0.0,0.0,0.0,0.0,0.0,0.0,9728.04,8768.0,1.1094936131386863,0.0,0.0,0.0,556.22,0.0,0.0
real_ramya_user,2021-01-18,0.0,0.0,0.0,0.0,0.0,0,18,1,0,13,928.2471428571429,747.7086666666668,899.4285714285714,0.0,0.0,0.0,0.0,0.0,0.0,0.0,0.0,0.0,0.0,0.0,0.0,0.0,9728.04,8768.0,1.1094936131386863,0.0,0.0,0.0,0.0,0.0,0.0
real_ramya_user,2021-01-19,1553.72,0.0,0.0,0.0,0.0,1,19,1,0,12,1150.207142857143,744.2963333333335,491.42857142857144,0.0,0.0,0.0,0.0,0.0,0.0,0.0,0.0,0.0,0.0,0.0,0.0,0.0,11281.76,8768.0,1.2866970802919708,0.0,0.0,0.0,0.0,1553.72,0.0
real_ramya_user,2021-01-20,445.82,0.0,0.0,0.0,0.0,2,20,1,0,11,1008.3985714285716,759.157,491.42857142857144,0.0,0.0,0.0,0.0,0.0,0.0,0.0,0.0,0.0,0.0,0.0,0.0,0.0,11727.580000000002,8768.0,1.3375433394160585,0.0,445.82,0.0,0.0,0.0,0.0
real_ramya_user,2021-01-21,0.0,0.0,0.0,0.0,0.0,3,21,1,0,10,633.0785714285714,753.8600000000001,491.42857142857144,0.0,0.0,0.0,0.0,0.0,0.0,0.0,0.0,0.0,0.0,0.0,0.0,0.0,11727.580000000002,8768.0,1.3375433394160585,0.0,0.0,0.0,0.0,0.0,0.0
real_ramya_user,2021-01-22,0.0,0.0,0.0,0.0,0.0,4,22,1,0,9,625.4128571428572,674.2350000000001,0.0,0.0,0.0,0.0,0.0,0.0,0.0,0.0,0.0,0.0,0.0,0.0,0.0,0.0,11727.580000000002,8768.0,1.3375433394160585,0.0,0.0,0.0,0.0,0.0,0.0
real_ramya_user,2021-01-23,0.0,0.0,0.0,0.0,0.0,5,23,1,1,8,625.4128571428572,610.6103333333334,0.0,0.0,0.0,0.0,0.0,0.0,0.0,0.0,0.0,0.0,0.0,0.0,0.0,0.0,11727.580000000002,8768.0,1.3375433394160585,0.0,0.0,0.0,0.0,0.0,0.0
real_ramya_user,2021-01-24,0.0,1620.0,0.0,0.0,0.0,6,24,1,1,7,285.6485714285714,552.409,231.42857142857142,0.0,0.0,0.0,0.0,0.0,0.0,0.0,0.0,0.0,0.0,0.0,0.0,0.0,11727.580000000002,10388.0,1.1289545629572586,0.0,0.0,0.0,0.0,0.0,0.0
real_ramya_user,2021-01-25,0.0,0.0,0.0,0.0,0.0,0,25,1,0,6,285.6485714285714,552.409,231.42857142857142,0.0,0.0,0.0,0.0,0.0,0.0,0.0,0.0,0.0,0.0,0.0,0.0,0.0,11727.580000000002,10388.0,1.1289545629572586,0.0,0.0,0.0,0.0,0.0,0.0
real_ramya_user,2021-01-26,624.78,0.0,0.0,0.0,0.0,1,26,1,0,5,152.94285714285712,573.235,231.42857142857142,0.0,0.0,0.0,624.78,0.0,0.0,0.0,0.0,0.0,0.0,0.0,0.0,0.0,12352.36,10388.0,1.1890989603388527,0.0,0.0,0.0,0.0,0.0,0.0
real_ramya_user,2021-01-27,2943.38,3176.0,0.0,0.0,0.0,2,27,1,0,4,509.7371428571428,604.8516666666667,685.1428571428571,0.0,0.0,0.0,0.0,0.0,0.0,0.0,0.0,0.0,0.0,0.0,0.0,0.0,15295.740000000002,13564.0,1.1276717782365084,0.0,2533.8,0.0,0.0,0.0,409.58
real_ramya_user,2021-01-28,0.0,0.0,0.0,0.0,0.0,3,28,1,0,3,509.7371428571428,604.8516666666667,685.1428571428571,0.0,0.0,0.0,0.0,0.0,0.0,0.0,0.0,0.0,0.0,0.0,0.0,0.0,15295.740000000002,13564.0,1.1276717782365084,0.0,0.0,0.0,0.0,0.0,0.0
real_ramya_user,2021-01-29,521.37,0.0,0.0,0.0,0.0,4,29,1,0,2,584.2185714285714,557.0010000000001,685.1428571428571,0.0,0.0,0.0,0.0,0.0,0.0,0.0,0.0,0.0,0.0,0.0,0.0,0.0,15817.11,13564.0,1.1661095547036273,0.0,0.0,0.0,0.0,0.0,521.37
real_ramya_user,2021-01-30,0.0,0.0,0.0,0.0,0.0,5,30,1,1,1,584.2185714285714,527.237,685.1428571428571,0.0,0.0,0.0,0.0,0.0,0.0,0.0,0.0,0.0,0.0,0.0,0.0,0.0,15817.11,13564.0,1.1661095547036273,0.0,0.0,0.0,0.0,0.0,0.0
real_ramya_user,2021-01-31,0.0,0.0,0.0,0.0,0.0,6,31,1,1,0,584.2185714285714,523.853,453.7142857142857,0.0,0.0,0.0,0.0,0.0,0.0,0.0,0.0,0.0,0.0,0.0,0.0,0.0,15817.11,13564.0,1.1661095547036273,0.0,0.0,0.0,0.0,0.0,0.0
real_ramya_user,2021-02-01,0.0,0.0,0.0,0.0,0.0,0,1,2,0,27,584.2185714285714,523.853,453.7142857142857,0.0,0.0,0.0,0.0,0.0,0.0,0.0,0.0,0.0,0.0,0.0,0.0,0.0,0.0,0.0,0.0,0.0,0.0,0.0,0.0,0.0,0.0
real_ramya_user,2021-02-02,1935.09,0.0,0.0,0.0,0.0,1,2,2,0,26,771.4057142857143,588.356,453.7142857142857,0.0,0.0,0.0,0.0,0.0,0.0,0.0,0.0,0.0,1935.09,0.0,0.0,0.0,1935.09,0.0,0.0,0.0,0.0,0.0,0.0,0.0,0.0
real_ramya_user,2021-02-03,0.0,0.0,0.0,0.0,0.0,2,3,2,0,25,350.92285714285714,588.356,0.0,0.0,0.0,0.0,0.0,0.0,0.0,0.0,0.0,0.0,0.0,0.0,0.0,0.0,1935.09,0.0,0.0,0.0,0.0,0.0,0.0,0.0,0.0
real_ramya_user,2021-02-04,0.0,0.0,0.0,0.0,0.0,3,4,2,0,24,350.92285714285714,588.356,0.0,0.0,0.0,0.0,0.0,0.0,0.0,0.0,0.0,0.0,0.0,0.0,0.0,0.0,1935.09,0.0,0.0,0.0,0.0,0.0,0.0,0.0,0.0
real_ramya_user,2021-02-05,1900.5300000000002,0.0,0.0,0.0,0.0,4,5,2,0,23,547.9457142857143,592.0283333333333,0.0,0.0,0.0,0.0,0.0,0.0,0.0,0.0,0.0,0.0,0.0,0.0,0.0,0.0,3835.62,0.0,0.0,0.0,1610.42,290.11,0.0,0.0,0.0
real_ramya_user,2021-02-06,0.0,0.0,0.0,0.0,0.0,5,6,2,1,22,547.9457142857143,592.0283333333333,0.0,0.0,0.0,0.0,0.0,0.0,0.0,0.0,0.0,0.0,0.0,0.0,0.0,0.0,3835.62,0.0,0.0,0.0,0.0,0.0,0.0,0.0,0.0
real_ramya_user,2021-02-07,0.0,0.0,0.0,0.0,0.0,6,7,2,1,21,547.9457142857143,580.4193333333333,0.0,0.0,0.0,0.0,0.0,0.0,0.0,0.0,0.0,0.0,0.0,0.0,0.0,0.0,3835.62,0.0,0.0,0.0,0.0,0.0,0.0,0.0,0.0
real_ramya_user,2021-02-08,2124.5699999999997,0.0,0.0,0.0,0.0,0,8,2,0,20,851.4557142857144,651.2383333333332,0.0,0.0,0.0,0.0,0.0,0.0,0.0,0.0,0.0,0.0,0.0,0.0,0.0,0.0,5960.19,0.0,0.0,0.0,189.7,0.0,1934.87,0.0,0.0
real_ramya_user,2021-02-09,2251.05,0.0,0.0,0.0,0.0,1,9,2,0,19,896.592857142857,710.5380000000001,0.0,0.0,0.0,0.0,0.0,0.0,0.0,0.0,0.0,0.0,0.0,0.0,0.0,0.0,8211.24,0.0,0.0,0.0,0.0,0.0,0.0,2251.05,0.0
real_ramya_user,2021-02-10,0.0,0.0,0.0,0.0,0.0,2,10,2,0,18,896.592857142857,693.268,0.0,0.0,0.0,0.0,0.0,0.0,0.0,0.0,0.0,0.0,0.0,0.0,0.0,0.0,8211.24,0.0,0.0,0.0,0.0,0.0,0.0,0.0,0.0
real_ramya_user,2021-02-11,1468.5100000000002,0.0,0.0,0.0,0.0,3,11,2,0,17,1106.3799999999999,742.2183333333334,0.0,0.0,0.0,0.0,1242.9,0.0,0.0,0.0,0.0,0.0,0.0,0.0,0.0,0.0,9679.75,0.0,0.0,0.0,225.61,0.0,0.0,0.0,0.0
real_ramya_user,2021-02-12,0.0,0.0,0.0,0.0,0.0,4,12,2,0,16,834.8757142857141,694.269,0.0,0.0,0.0,0.0,0.0,0.0,0.0,0.0,0.0,0.0,0.0,0.0,0.0,0.0,9679.75,0.0,0.0,0.0,0.0,0.0,0.0,0.0,0.0
real_ramya_user,2021-02-13,1831.36,0.0,0.0,0.0,0.0,5,13,2,1,15,1096.4985714285715,667.7396666666667,0.0,0.0,0.0,0.0,0.0,0.0,0.0,0.0,0.0,0.0,0.0,0.0,0.0,0.0,11511.11,0.0,0.0,0.0,1831.36,0.0,0.0,0.0,0.0
real_ramya_user,2021-02-14,0.0,0.0,0.0,0.0,0.0,6,14,2,1,14,1096.4985714285715,665.9509999999999,0.0,0.0,0.0,0.0,0.0,0.0,0.0,0.0,0.0,0.0,0.0,0.0,0.0,0.0,11511.11,0.0,0.0,0.0,0.0,0.0,0.0,0.0,0.0
real_ramya_user,2021-02-15,0.0,0.0,0.0,0.0,0.0,0,15,2,0,13,792.9885714285714,665.9509999999999,0.0,0.0,0.0,0.0,0.0,0.0,0.0,0.0,0.0,0.0,0.0,0.0,0.0,0.0,11511.11,0.0,0.0,0.0,0.0,0.0,0.0,0.0,0.0
real_ramya_user,2021-02-16,1274.45,0.0,0.0,0.0,0.0,1,16,2,0,12,653.4742857142857,629.1543333333334,0.0,0.0,0.0,0.0,0.0,0.0,0.0,0.0,0.0,0.0,0.0,0.0,0.0,0.0,12785.56,0.0,0.0,0.0,0.0,1274.45,0.0,0.0,0.0
real_ramya_user,2021-02-17,0.0,0.0,0.0,0.0,0.0,2,17,2,0,11,653.4742857142857,629.1543333333334,0.0,0.0,0.0,0.0,0.0,0.0,0.0,0.0,0.0,0.0,0.0,0.0,0.0,0.0,12785.56,0.0,0.0,0.0,0.0,0.0,0.0,0.0,0.0
real_ramya_user,2021-02-18,1301.99,0.0,0.0,0.0,0.0,3,18,2,0,10,629.6857142857143,620.7633333333332,0.0,0.0,0.0,0.0,0.0,0.0,0.0,0.0,0.0,0.0,0.0,0.0,0.0,0.0,14087.55,0.0,0.0,0.0,0.0,0.0,0.0,1301.99,0.0
real_ramya_user,2021-02-19,0.0,804.0,0.0,0.0,0.0,4,19,2,0,9,629.6857142857143,605.9026666666666,114.85714285714286,0.0,0.0,0.0,0.0,0.0,0.0,0.0,0.0,0.0,0.0,0.0,0.0,0.0,14087.55,804.0,5.0,0.0,0.0,0.0,0.0,0.0,0.0
real_ramya_user,2021-02-20,241.08,0.0,0.0,0.0,0.0,5,20,2,1,8,402.5028571428572,613.9386666666667,114.85714285714286,0.0,0.0,0.0,0.0,0.0,0.0,0.0,0.0,0.0,241.08,0.0,0.0,0.0,14328.63,804.0,5.0,0.0,0.0,0.0,0.0,0.0,0.0
real_ramya_user,2021-02-21,783.41,0.0,0.0,0.0,0.0,6,21,2,1,7,514.4185714285715,640.0523333333333,114.85714285714286,0.0,0.0,0.0,0.0,0.0,0.0,0.0,0.0,0.0,0.0,0.0,0.0,0.0,15112.04,804.0,5.0,0.0,0.0,0.0,0.0,0.0,783.41
real_ramya_user,2021-02-22,0.0,0.0,0.0,0.0,0.0,0,22,2,0,6,514.4185714285715,640.0523333333333,114.85714285714286,0.0,0.0,0.0,0.0,0.0,0.0,0.0,0.0,0.0,0.0,0.0,0.0,0.0,15112.04,804.0,5.0,0.0,0.0,0.0,0.0,0.0,0.0
real_ramya_user,2021-02-23,1178.81,0.0,0.0,0.0,0.0,1,23,2,0,5,500.7557142857143,679.3459999999999,114.85714285714286,0.0,0.0,0.0,0.0,0.0,0.0,0.0,0.0,0.0,0.0,0.0,0.0,0.0,16290.85,804.0,5.0,0.0,0.0,0.0,1178.81,0.0,0.0
real_ramya_user,2021-02-24,1313.29,0.0,0.0,0.0,0.0,2,24,2,0,4,688.3685714285714,723.1223333333332,114.85714285714286,0.0,0.0,0.0,0.0,0.0,0.0,0.0,0.0,0.0,0.0,0.0,0.0,0.0,17604.14,804.0,5.0,0.0,0.0,0.0,1313.29,0.0,0.0
real_ramya_user,2021-02-25,0.0,0.0,0.0,0.0,0.0,3,25,2,0,3,502.37,702.2963333333333,114.85714285714286,0.0,0.0,0.0,0.0,0.0,0.0,0.0,0.0,0.0,0.0,0.0,0.0,0.0,17604.14,804.0,5.0,0.0,0.0,0.0,0.0,0.0,0.0
real_ramya_user,2021-02-26,0.0,0.0,0.0,0.0,0.0,4,26,2,0,2,502.37,604.1836666666666,0.0,0.0,0.0,0.0,0.0,0.0,0.0,0.0,0.0,0.0,0.0,0.0,0.0,0.0,17604.14,804.0,5.0,0.0,0.0,0.0,0.0,0.0,0.0
real_ramya_user,2021-02-27,1878.72,0.0,0.0,0.0,0.0,5,27,2,1,1,736.3185714285713,666.8076666666667,0.0,0.0,0.0,0.0,0.0,0.0,0.0,0.0,0.0,0.0,0.0,0.0,0.0,0.0,19482.86,804.0,5.0,0.0,0.0,0.0,1878.72,0.0,0.0
real_ramya_user,2021-02-28,442.37,0.0,0.0,0.0,0.0,6,28,2,1,0,687.5985714285714,664.1743333333333,0.0,0.0,0.0,0.0,0.0,0.0,0.0,0.0,0.0,0.0,0.0,0.0,0.0,0.0,19925.23,804.0,5.0,0.0,442.37,0.0,0.0,0.0,0.0
real_ramya_user,2021-03-01,0.0,0.0,0.0,0.0,0.0,0,1,3,0,30,687.5985714285714,664.1743333333333,0.0,0.0,0.0,0.0,0.0,0.0,0.0,0.0,0.0,0.0,0.0,0.0,0.0,0.0,0.0,0.0,0.0,0.0,0.0,0.0,0.0,0.0,0.0
real_ramya_user,2021-03-02,1842.84,4960.0,0.0,0.0,0.0,1,2,3,0,29,782.4599999999999,725.6023333333334,708.5714285714286,0.0,0.0,0.0,0.0,0.0,0.0,0.0,0.0,0.0,0.0,0.0,0.0,0.0,1842.84,4960.0,0.3715403225806451,1712.35,130.49,0.0,0.0,0.0,0.0
real_ramya_user,2021-03-03,0.0,0.0,0.0,0.0,0.0,2,3,3,0,28,594.8471428571429,725.6023333333334,708.5714285714286,0.0,0.0,0.0,0.0,0.0,0.0,0.0,0.0,0.0,0.0,0.0,0.0,0.0,1842.84,4960.0,0.3715403225806451,0.0,0.0,0.0,0.0,0.0,0.0
real_ramya_user,2021-03-04,1898.53,0.0,0.0,0.0,0.0,3,4,3,0,27,866.0657142857143,724.3836666666666,708.5714285714286,0.0,0.0,0.0,0.0,0.0,0.0,0.0,0.0,0.0,0.0,0.0,0.0,0.0,3741.37,4960.0,0.7543084677419355,0.0,0.0,1898.53,0.0,0.0,0.0
real_ramya_user,2021-03-05,1439.5600000000002,0.0,0.0,0.0,0.0,4,5,3,0,26,1071.717142857143,772.369,708.5714285714286,0.0,0.0,0.0,110.65,0.0,0.0,0.0,0.0,0.0,0.0,0.0,0.0,0.0,5180.93,4960.0,1.0445423387096775,0.0,0.0,1328.91,0.0,0.0,0.0
real_ramya_user,2021-03-06,0.0,0.0,0.0,0.0,0.0,5,6,3,1,25,803.3285714285713,772.369,708.5714285714286,0.0,0.0,0.0,0.0,0.0,0.0,0.0,0.0,0.0,0.0,0.0,0.0,0.0,5180.93,4960.0,1.0445423387096775,0.0,0.0,0.0,0.0,0.0,0.0
real_ramya_user,2021-03-07,2752.99,0.0,0.0,0.0,0.0,6,7,3,1,24,1133.4171428571428,800.7843333333334,708.5714285714286,0.0,0.0,0.0,0.0,0.0,0.0,0.0,0.0,0.0,0.0,0.0,0.0,0.0,7933.92,4960.0,1.5995806451612904,1176.9,0.0,0.0,0.0,0.0,1576.09
real_ramya_user,2021-03-08,663.83,0.0,0.0,0.0,0.0,0,8,3,0,23,1228.25,822.912,708.5714285714286,0.0,0.0,0.0,0.0,0.0,0.0,0.0,0.0,0.0,0.0,0.0,0.0,0.0,8597.75,4960.0,1.7334173387096774,663.83,0.0,0.0,0.0,0.0,0.0
real_ramya_user,2021-03-09,1975.18,2771.0,0.0,0.0,0.0,1,9,3,0,22,1247.1557142857143,888.7513333333334,395.85714285714283,0.0,0.0,0.0,0.0,0.0,0.0,0.0,0.0,0.0,0.0,0.0,0.0,0.0,10572.93,7731.0,1.3676018626309663,0.0,0.0,0.0,0.0,0.0,1975.18
real_ramya_user,2021-03-10,228.75,0.0,0.0,0.0,0.0,2,10,3,0,21,1279.8342857142857,825.5573333333334,395.85714285714283,0.0,0.0,0.0,0.0,0.0,0.0,0.0,0.0,0.0,0.0,0.0,0.0,0.0,10801.68,7731.0,1.3971905316259217,0.0,0.0,0.0,0.0,0.0,228.75
real_ramya_user,2021-03-11,0.0,0.0,0.0,0.0,0.0,3,11,3,0,20,1008.6157142857143,750.5223333333332,395.85714285714283,0.0,0.0,0.0,0.0,0.0,0.0,0.0,0.0,0.0,0.0,0.0,0.0,0.0,10801.68,7731.0,1.3971905316259217,0.0,0.0,0.0,0.0,0.0,0.0
real_ramya_user,2021-03-12,39.57,0.0,0.0,0.0,0.0,4,12,3,0,19,808.617142857143,751.8413333333333,395.85714285714283,0.0,0.0,0.0,0.0,0.0,0.0,0.0,0.0,0.0,0.0,0.0,0.0,0.0,10841.25,7731.0,1.4023088863019015,0.0,0.0,0.0,0.0,0.0,39.57
real_ramya_user,2021-03-13,0.0,0.0,0.0,0.0,0.0,5,13,3,1,18,808.6171428571428,702.891,395.85714285714283,0.0,0.0,0.0,0.0,0.0,0.0,0.0,0.0,0.0,0.0,0.0,0.0,0.0,10841.25,7731.0,1.4023088863019015,0.0,0.0,0.0,0.0,0.0,0.0
real_ramya_user,2021-03-14,0.0,0.0,0.0,0.0,0.0,6,14,3,1,17,415.3328571428572,702.891,395.85714285714283,0.0,0.0,0.0,0.0,0.0,0.0,0.0,0.0,0.0,0.0,0.0,0.0,0.0,10841.25,7731.0,1.4023088863019015,0.0,0.0,0.0,0.0,0.0,0.0
real_ramya_user,2021-03-15,1181.82,929.0,0.0,0.0,0.0,0,15,3,0,16,489.3314285714286,681.2396666666666,528.5714285714286,0.0,0.0,0.0,0.0,0.0,0.0,0.0,0.0,0.0,0.0,0.0,0.0,0.0,12023.07,8660.0,1.3883452655889146,1181.82,0.0,0.0,0.0,0.0,0.0
real_ramya_user,2021-03-16,0.0,9210.0,0.0,0.0,0.0,1,16,3,0,15,207.16285714285712,681.2396666666666,1448.4285714285713,0.0,0.0,0.0,0.0,0.0,0.0,0.0,0.0,0.0,0.0,0.0,0.0,0.0,12023.07,17870.0,0.6728074986010073,0.0,0.0,0.0,0.0,0.0,0.0
real_ramya_user,2021-03-17,1031.34,855.0,0.0,0.0,0.0,2,17,3,0,14,321.8185714285714,715.6176666666667,1570.5714285714287,0.0,0.0,0.0,0.0,0.0,0.0,0.0,0.0,0.0,0.0,0.0,0.0,0.0,13054.41,18725.0,0.6971647530040054,0.0,1031.34,0.0,0.0,0.0,0.0
real_ramya_user,2021-03-18,921.5,0.0,0.0,0.0,0.0,3,18,3,0,13,453.4614285714285,703.8526666666666,1570.5714285714287,0.0,0.0,0.0,0.0,0.0,0.0,0.0,0.0,0.0,0.0,0.0,0.0,0.0,13975.91,18725.0,0.746377036048064,0.0,0.0,0.0,0.0,921.5,0.0
real_ramya_user,2021-03-19,1997.19,0.0,0.0,0.0,0.0,4,19,3,0,12,733.1214285714285,770.4256666666666,1570.5714285714287,0.0,0.0,0.0,1997.19,0.0,0.0,0.0,0.0,0.0,0.0,0.0,0.0,0.0,15973.1,18725.0,0.8530360480640855,0.0,0.0,0.0,0.0,0.0,0.0
real_ramya_user,2021-03-20,1375.33,0.0,0.0,0.0,0.0,5,20,3,1,11,929.5971428571428,772.8703333333334,1570.5714285714287,0.0,0.0,0.0,0.0,0.0,0.0,0.0,0.0,0.0,0.0,0.0,0.0,0.0,17348.43,18725.0,0.9264849132176235,0.0,0.0,0.0,1375.33,0.0,0.0
real_ramya_user,2021-03-21,156.25,0.0,0.0,0.0,0.0,6,21,3,1,10,951.9185714285713,778.0786666666667,1570.5714285714287,0.0,0.0,0.0,0.0,0.0,0.0,0.0,0.0,0.0,156.25,0.0,0.0,0.0,17504.68,18725.0,0.9348293724966622,0.0,0.0,0.0,0.0,0.0,0.0
real_ramya_user,2021-03-22,912.89,4658.0,0.0,0.0,0.0,0,22,3,0,9,913.5,800.4723333333333,2103.285714285714,0.0,0.0,0.0,0.0,0.0,0.0,0.0,0.0,0.0,0.0,0.0,0.0,0.0,18417.57,23383.0,0.7876478638326989,0.0,0.0,0.0,0.0,912.89,0.0
real_ramya_user,2021-03-23,1588.26,4023.0,0.0,0.0,0.0,1,23,3,0,8,1140.3942857142858,827.3006666666666,1362.2857142857142,0.0,0.0,0.0,0.0,0.0,0.0,0.0,0.0,0.0,0.0,0.0,0.0,0.0,20005.83,27406.0,0.7299799314018829,0.0,0.0,1588.26,0.0,0.0,0.0
real_ramya_user,2021-03-24,833.49,0.0,0.0,0.0,0.0,2,24,3,0,7,1112.1299999999999,855.0836666666667,1240.142857142857,0.0,0.0,0.0,0.0,0.0,0.0,0.0,0.0,0.0,0.0,0.0,0.0,0.0,20839.32,27406.0,0.7603926147558928,833.49,0.0,0.0,0.0,0.0,0.0
real_ramya_user,2021-03-25,837.82,0.0,0.0,0.0,0.0,3,25,3,0,6,1100.1757142857143,843.7173333333333,1240.142857142857,0.0,0.0,0.0,0.0,0.0,0.0,0.0,0.0,0.0,0.0,0.0,0.0,0.0,21677.14,27406.0,0.7909632927096256,0.0,0.0,0.0,837.82,0.0,0.0
real_ramya_user,2021-03-26,0.0,3060.0,0.0,0.0,0.0,4,26,3,0,5,814.8628571428571,799.941,1677.2857142857142,0.0,0.0,0.0,0.0,0.0,0.0,0.0,0.0,0.0,0.0,0.0,0.0,0.0,21677.14,30466.0,0.7115190704391781,0.0,0.0,0.0,0.0,0.0,0.0
real_ramya_user,2021-03-27,1907.65,0.0,0.0,0.0,0.0,5,27,3,1,4,890.9085714285715,863.5293333333334,1677.2857142857142,0.0,0.0,0.0,0.0,0.0,0.0,0.0,0.0,0.0,0.0,0.0,0.0,0.0,23584.79,30466.0,0.7741347731897854,0.0,1907.65,0.0,0.0,0.0,0.0
real_ramya_user,2021-03-28,143.6,0.0,0.0,0.0,0.0,6,28,3,1,3,889.1014285714285,868.316,1677.2857142857142,0.0,0.0,0.0,0.0,0.0,0.0,0.0,0.0,0.0,143.6,0.0,0.0,0.0,23728.39,30466.0,0.7788482242499836,0.0,0.0,0.0,0.0,0.0,0.0
real_ramya_user,2021-03-29,869.43,0.0,0.0,0.0,0.0,0,29,3,0,2,882.8928571428571,834.673,1011.8571428571429,0.0,0.0,0.0,0.0,0.0,0.0,0.0,0.0,0.0,0.0,0.0,0.0,0.0,24597.82,30466.0,0.8073859384231602,0.0,0.0,869.43,0.0,0.0,0.0
real_ramya_user,2021-03-30,1625.42,0.0,0.0,0.0,0.0,1,30,3,0,1,888.2014285714286,874.1080000000001,437.14285714285717,0.0,0.0,0.0,0.0,0.0,0.0,0.0,0.0,0.0,0.0,0.0,0.0,0.0,26223.24,30466.0,0.8607378717258584,0.0,1625.42,0.0,0.0,0.0,0.0
real_ramya_user,2021-03-31,0.0,0.0,0.0,0.0,0.0,2,31,3,0,0,769.1314285714286,874.1080000000001,437.14285714285717,0.0,0.0,0.0,0.0,0.0,0.0,0.0,0.0,0.0,0.0,0.0,0.0,0.0,26223.24,30466.0,0.8607378717258584,0.0,0.0,0.0,0.0,0.0,0.0
real_ramya_user,2021-04-01,1343.33,0.0,0.0,0.0,0.0,3,1,4,0,29,841.3471428571429,857.4576666666667,437.14285714285717,0.0,0.0,0.0,0.0,0.0,0.0,0.0,0.0,0.0,0.0,0.0,0.0,0.0,1343.33,0.0,0.0,0.0,1343.33,0.0,0.0,0.0,0.0
real_ramya_user,2021-04-02,1737.5,0.0,0.0,0.0,0.0,4,2,4,0,28,1089.5614285714287,915.3743333333333,0.0,0.0,0.0,0.0,0.0,0.0,0.0,0.0,0.0,0.0,0.0,0.0,0.0,0.0,3080.83,0.0,0.0,0.0,0.0,0.0,1737.5,0.0,0.0
real_ramya_user,2021-04-03,2229.46,0.0,0.0,0.0,0.0,5,3,4,1,27,1135.5342857142857,926.4053333333335,0.0,0.0,0.0,0.0,0.0,0.0,0.0,0.0,0.0,0.0,0.0,0.0,0.0,0.0,5310.29,0.0,0.0,317.91,0.0,706.73,0.0,1204.82,0.0
real_ramya_user,2021-04-04,0.0,0.0,0.0,0.0,0.0,6,4,4,1,26,1115.02,878.42,0.0,0.0,0.0,0.0,0.0,0.0,0.0,0.0,0.0,0.0,0.0,0.0,0.0,0.0,5310.29,0.0,0.0,0.0,0.0,0.0,0.0,0.0,0.0
real_ramya_user,2021-04-05,0.0,0.0,0.0,0.0,0.0,0,5,4,0,25,990.8157142857143,878.42,0.0,0.0,0.0,0.0,0.0,0.0,0.0,0.0,0.0,0.0,0.0,0.0,0.0,0.0,5310.29,0.0,0.0,0.0,0.0,0.0,0.0,0.0,0.0
real_ramya_user,2021-04-06,0.0,0.0,0.0,0.0,0.0,1,6,4,0,24,758.6128571428571,786.6536666666667,0.0,0.0,0.0,0.0,0.0,0.0,0.0,0.0,0.0,0.0,0.0,0.0,0.0,0.0,5310.29,0.0,0.0,0.0,0.0,0.0,0.0,0.0,0.0
real_ramya_user,2021-04-07,0.0,0.0,0.0,0.0,0.0,2,7,4,0,23,758.6128571428571,764.526,0.0,0.0,0.0,0.0,0.0,0.0,0.0,0.0,0.0,0.0,0.0,0.0,0.0,0.0,5310.29,0.0,0.0,0.0,0.0,0.0,0.0,0.0,0.0
real_ramya_user,2021-04-08,3219.45,0.0,0.0,0.0,0.0,3,8,4,0,22,1026.6299999999999,806.0016666666667,0.0,0.0,0.0,0.0,0.0,0.0,0.0,0.0,0.0,0.0,0.0,0.0,0.0,0.0,8529.74,0.0,0.0,0.0,0.0,1527.59,1691.86,0.0,0.0
real_ramya_user,2021-04-09,1221.9,0.0,0.0,0.0,0.0,4,9,4,0,21,952.972857142857,839.1066666666667,0.0,0.0,0.0,0.0,1221.9,0.0,0.0,0.0,0.0,0.0,0.0,0.0,0.0,0.0,9751.64,0.0,0.0,0.0,0.0,0.0,0.0,0.0,0.0
real_ramya_user,2021-04-10,0.0,0.0,0.0,0.0,0.0,5,10,4,1,20,634.4785714285715,839.1066666666667,0.0,0.0,0.0,0.0,0.0,0.0,0.0,0.0,0.0,0.0,0.0,0.0,0.0,0.0,9751.64,0.0,0.0,0.0,0.0,0.0,0.0,0.0,0.0
real_ramya_user,2021-04-11,1911.48,0.0,0.0,0.0,0.0,6,11,4,1,19,907.5471428571428,901.5036666666667,0.0,0.0,0.0,0.0,0.0,0.0,0.0,0.0,0.0,0.0,0.0,0.0,0.0,0.0,11663.119999999999,0.0,0.0,0.0,0.0,0.0,0.0,1911.48,0.0
real_ramya_user,2021-04-12,1741.03,0.0,0.0,0.0,0.0,0,12,4,0,18,1156.2657142857142,959.538,0.0,0.0,0.0,0.0,0.0,0.0,0.0,0.0,0.0,0.0,0.0,0.0,0.0,0.0,13404.15,0.0,0.0,0.0,0.0,0.0,0.0,0.0,1741.03
real_ramya_user,2021-04-13,148.47,0.0,0.0,0.0,0.0,1,13,4,0,17,1177.4757142857143,964.487,0.0,0.0,0.0,0.0,0.0,0.0,0.0,0.0,0.0,0.0,0.0,0.0,0.0,0.0,13552.619999999999,0.0,0.0,0.0,0.0,0.0,148.47,0.0,0.0
real_ramya_user,2021-04-14,0.0,0.0,0.0,0.0,0.0,2,14,4,0,16,1177.4757142857143,925.0930000000001,0.0,0.0,0.0,0.0,0.0,0.0,0.0,0.0,0.0,0.0,0.0,0.0,0.0,0.0,13552.619999999999,0.0,0.0,0.0,0.0,0.0,0.0,0.0,0.0
real_ramya_user,2021-04-15,0.0,0.0,0.0,0.0,0.0,3,15,4,0,15,717.5542857142857,925.0930000000001,0.0,0.0,0.0,0.0,0.0,0.0,0.0,0.0,0.0,0.0,0.0,0.0,0.0,0.0,13552.619999999999,0.0,0.0,0.0,0.0,0.0,0.0,0.0,0.0
real_ramya_user,2021-04-16,0.0,0.0,0.0,0.0,0.0,4,16,4,0,14,542.9971428571429,890.715,0.0,0.0,0.0,0.0,0.0,0.0,0.0,0.0,0.0,0.0,0.0,0.0,0.0,0.0,13552.619999999999,0.0,0.0,0.0,0.0,0.0,0.0,0.0,0.0
real_ramya_user,2021-04-17,0.0,0.0,0.0,0.0,0.0,5,17,4,1,13,542.9971428571429,859.9983333333333,0.0,0.0,0.0,0.0,0.0,0.0,0.0,0.0,0.0,0.0,0.0,0.0,0.0,0.0,13552.619999999999,0.0,0.0,0.0,0.0,0.0,0.0,0.0,0.0
real_ramya_user,2021-04-18,192.6,0.0,0.0,0.0,0.0,6,18,4,1,12,297.4428571428571,799.8453333333332,0.0,0.0,0.0,0.0,192.6,0.0,0.0,0.0,0.0,0.0,0.0,0.0,0.0,0.0,13745.22,0.0,0.0,0.0,0.0,0.0,0.0,0.0,0.0
real_ramya_user,2021-04-19,3243.48,1168.0,0.0,0.0,0.0,0,19,4,0,11,512.0785714285714,862.1170000000001,166.85714285714286,0.0,0.0,0.0,0.0,0.0,0.0,0.0,0.0,0.0,0.0,0.0,0.0,0.0,16988.7,1168.0,5.0,0.0,630.16,1767.85,845.47,0.0,0.0
real_ramya_user,2021-04-20,0.0,0.0,0.0,0.0,0.0,1,20,4,0,10,490.86857142857144,856.9086666666667,166.85714285714286,0.0,0.0,0.0,0.0,0.0,0.0,0.0,0.0,0.0,0.0,0.0,0.0,0.0,16988.7,1168.0,5.0,0.0,0.0,0.0,0.0,0.0,0.0
real_ramya_user,2021-04-21,976.47,0.0,0.0,0.0,0.0,2,21,4,0,9,630.3642857142858,859.028,166.85714285714286,0.0,0.0,0.0,0.0,0.0,0.0,0.0,0.0,0.0,0.0,0.0,0.0,0.0,17965.17,1168.0,5.0,0.0,0.0,0.0,976.47,0.0,0.0
real_ramya_user,2021-04-22,0.0,0.0,0.0,0.0,0.0,3,22,4,0,8,630.3642857142858,806.0859999999999,166.85714285714286,0.0,0.0,0.0,0.0,0.0,0.0,0.0,0.0,0.0,0.0,0.0,0.0,0.0,17965.17,1168.0,5.0,0.0,0.0,0.0,0.0,0.0,0.0
real_ramya_user,2021-04-23,1304.51,0.0,0.0,0.0,0.0,4,23,4,0,7,816.722857142857,821.7866666666667,166.85714285714286,0.0,0.0,0.0,0.0,0.0,0.0,0.0,0.0,0.0,0.0,0.0,0.0,0.0,19269.68,1168.0,5.0,0.0,865.53,0.0,0.0,438.98,0.0
real_ramya_user,2021-04-24,1058.6,0.0,0.0,0.0,0.0,5,24,4,1,6,967.9514285714286,829.1460000000001,166.85714285714286,0.0,0.0,0.0,0.0,0.0,0.0,0.0,0.0,0.0,1058.6,0.0,0.0,0.0,20328.28,1168.0,5.0,0.0,0.0,0.0,0.0,0.0,0.0
real_ramya_user,2021-04-25,0.0,0.0,0.0,0.0,0.0,6,25,4,1,5,940.4371428571428,829.1460000000001,166.85714285714286,0.0,0.0,0.0,0.0,0.0,0.0,0.0,0.0,0.0,0.0,0.0,0.0,0.0,20328.28,1168.0,5.0,0.0,0.0,0.0,0.0,0.0,0.0
real_ramya_user,2021-04-26,0.0,0.0,0.0,0.0,0.0,0,26,4,0,4,477.08285714285705,765.5576666666667,0.0,0.0,0.0,0.0,0.0,0.0,0.0,0.0,0.0,0.0,0.0,0.0,0.0,0.0,20328.28,1168.0,5.0,0.0,0.0,0.0,0.0,0.0,0.0
real_ramya_user,2021-04-27,2744.05,0.0,0.0,0.0,0.0,1,27,4,0,3,869.0899999999999,852.2393333333333,0.0,0.0,0.0,0.0,416.8,0.0,0.0,0.0,0.0,0.0,0.0,0.0,0.0,0.0,23072.33,1168.0,5.0,796.57,0.0,0.0,0.0,0.0,1530.68
real_ramya_user,2021-04-28,0.0,0.0,0.0,0.0,0.0,2,28,4,0,2,729.5942857142857,823.2583333333333,0.0,0.0,0.0,0.0,0.0,0.0,0.0,0.0,0.0,0.0,0.0,0.0,0.0,0.0,23072.33,1168.0,5.0,0.0,0.0,0.0,0.0,0.0,0.0
real_ramya_user,2021-04-29,0.0,0.0,0.0,0.0,0.0,3,29,4,0,1,729.5942857142857,769.0776666666666,0.0,0.0,0.0,0.0,0.0,0.0,0.0,0.0,0.0,0.0,0.0,0.0,0.0,0.0,23072.33,1168.0,5.0,0.0,0.0,0.0,0.0,0.0,0.0
real_ramya_user,2021-04-30,25.38,0.0,0.0,0.0,0.0,4,30,4,0,0,546.8614285714285,769.9236666666667,0.0,0.0,0.0,0.0,0.0,0.0,0.0,0.0,0.0,0.0,0.0,0.0,0.0,0.0,23097.71,1168.0,5.0,0.0,0.0,25.38,0.0,0.0,0.0
real_ramya_user,2021-05-01,0.0,0.0,0.0,0.0,0.0,5,1,5,1,30,395.6328571428571,725.1460000000001,0.0,0.0,0.0,0.0,0.0,0.0,0.0,0.0,0.0,0.0,0.0,0.0,0.0,0.0,0.0,0.0,0.0,0.0,0.0,0.0,0.0,0.0,0.0
real_ramya_user,2021-05-02,267.08,0.0,0.0,0.0,0.0,6,2,5,1,29,433.78714285714284,676.132,0.0,0.0,0.0,0.0,0.0,0.0,0.0,0.0,0.0,0.0,0.0,0.0,0.0,0.0,267.08,0.0,0.0,0.0,0.0,0.0,0.0,0.0,267.08
real_ramya_user,2021-05-03,0.0,0.0,0.0,0.0,0.0,0,3,5,0,28,433.78714285714284,601.8166666666667,0.0,0.0,0.0,0.0,0.0,0.0,0.0,0.0,0.0,0.0,0.0,0.0,0.0,0.0,267.08,0.0,0.0,0.0,0.0,0.0,0.0,0.0,0.0
real_ramya_user,2021-05-04,1158.95,0.0,0.0,0.0,0.0,1,4,5,0,27,207.34428571428566,640.4483333333334,0.0,0.0,0.0,0.0,0.0,0.0,0.0,0.0,0.0,0.0,0.0,0.0,0.0,0.0,1426.03,0.0,0.0,1005.52,153.43,0.0,0.0,0.0,0.0
real_ramya_user,2021-05-05,0.0,0.0,0.0,0.0,0.0,2,5,5,0,26,207.34428571428566,640.4483333333333,0.0,0.0,0.0,0.0,0.0,0.0,0.0,0.0,0.0,0.0,0.0,0.0,0.0,0.0,1426.03,0.0,0.0,0.0,0.0,0.0,0.0,0.0,0.0
real_ramya_user,2021-05-06,878.08,0.0,0.0,0.0,0.0,3,6,5,0,25,332.78428571428566,669.7176666666667,0.0,0.0,0.0,0.0,878.08,0.0,0.0,0.0,0.0,0.0,0.0,0.0,0.0,0.0,2304.11,0.0,0.0,0.0,0.0,0.0,0.0,0.0,0.0
real_ramya_user,2021-05-07,3963.51,0.0,0.0,0.0,0.0,4,7,5,0,24,895.3742857142857,801.8346666666665,0.0,0.0,0.0,0.0,0.0,0.0,0.0,0.0,0.0,0.0,0.0,0.0,0.0,0.0,6267.620000000001,0.0,0.0,0.0,0.0,2541.6099999999997,1421.9,0.0,0.0
real_ramya_user,2021-05-08,0.0,0.0,0.0,0.0,0.0,5,8,5,1,23,895.3742857142857,694.5196666666667,0.0,0.0,0.0,0.0,0.0,0.0,0.0,0.0,0.0,0.0,0.0,0.0,0.0,0.0,6267.620000000001,0.0,0.0,0.0,0.0,0.0,0.0,0.0,0.0
real_ramya_user,2021-05-09,0.0,0.0,0.0,0.0,0.0,6,9,5,1,22,857.22,653.7896666666667,0.0,0.0,0.0,0.0,0.0,0.0,0.0,0.0,0.0,0.0,0.0,0.0,0.0,0.0,6267.620000000001,0.0,0.0,0.0,0.0,0.0,0.0,0.0,0.0
real_ramya_user,2021-05-10,1604.63,0.0,0.0,0.0,0.0,0,10,5,0,21,1086.452857142857,707.2773333333333,0.0,0.0,0.0,0.0,0.0,0.0,0.0,0.0,0.0,0.0,0.0,0.0,0.0,0.0,7872.25,0.0,0.0,0.0,0.0,0.0,0.0,0.0,1604.63
real_ramya_user,2021-05-11,1062.38,0.0,0.0,0.0,0.0,1,11,5,0,20,1072.6571428571428,678.974,0.0,0.0,0.0,0.0,0.0,0.0,0.0,0.0,0.0,0.0,0.0,0.0,0.0,0.0,8934.630000000001,0.0,0.0,877.0,185.38,0.0,0.0,0.0,0.0
real_ramya_user,2021-05-12,797.58,0.0,0.0,0.0,0.0,2,12,5,0,19,1186.597142857143,647.5256666666667,0.0,0.0,0.0,0.0,0.0,0.0,0.0,0.0,0.0,0.0,0.0,0.0,0.0,0.0,9732.210000000001,0.0,0.0,0.0,0.0,797.58,0.0,0.0,0.0
real_ramya_user,2021-05-13,0.0,0.0,0.0,0.0,0.0,3,13,5,0,18,1061.1571428571428,642.5766666666666,0.0,0.0,0.0,0.0,0.0,0.0,0.0,0.0,0.0,0.0,0.0,0.0,0.0,0.0,9732.210000000001,0.0,0.0,0.0,0.0,0.0,0.0,0.0,0.0
real_ramya_user,2021-05-14,1476.79,0.0,0.0,0.0,0.0,4,14,5,0,17,705.9114285714285,691.803,0.0,0.0,0.0,0.0,0.0,0.0,0.0,0.0,0.0,0.0,0.0,0.0,0.0,0.0,11209.0,0.0,0.0,0.0,450.93,1025.86,0.0,0.0,0.0
real_ramya_user,2021-05-15,0.0,3362.0,0.0,0.0,0.0,5,15,5,1,16,705.9114285714285,691.803,480.2857142857143,0.0,0.0,0.0,0.0,0.0,0.0,0.0,0.0,0.0,0.0,0.0,0.0,0.0,11209.0,3362.0,3.3340273646638905,0.0,0.0,0.0,0.0,0.0,0.0
real_ramya_user,2021-05-16,0.0,0.0,0.0,0.0,0.0,6,16,5,1,15,705.9114285714285,691.803,480.2857142857143,0.0,0.0,0.0,0.0,0.0,0.0,0.0,0.0,0.0,0.0,0.0,0.0,0.0,11209.0,3362.0,3.3340273646638905,0.0,0.0,0.0,0.0,0.0,0.0
real_ramya_user,2021-05-17,480.18,0.0,0.0,0.0,0.0,0,17,5,0,14,545.2757142857142,707.809,480.2857142857143,0.0,0.0,0.0,0.0,0.0,0.0,0.0,0.0,0.0,0.0,0.0,0.0,0.0,11689.18,3362.0,3.476853063652588,0.0,0.0,0.0,0.0,0.0,480.18
real_ramya_user,2021-05-18,0.0,0.0,0.0,0.0,0.0,1,18,5,0,13,393.50714285714275,701.389,480.2857142857143,0.0,0.0,0.0,0.0,0.0,0.0,0.0,0.0,0.0,0.0,0.0,0.0,0.0,11689.18,3362.0,3.476853063652588,0.0,0.0,0.0,0.0,0.0,0.0
real_ramya_user,2021-05-19,0.0,1921.0,0.0,0.0,0.0,2,19,5,0,12,279.5671428571428,593.273,754.7142857142857,0.0,0.0,0.0,0.0,0.0,0.0,0.0,0.0,0.0,0.0,0.0,0.0,0.0,11689.18,5283.0,2.2126026878667426,0.0,0.0,0.0,0.0,0.0,0.0
real_ramya_user,2021-05-20,0.0,0.0,0.0,0.0,0.0,3,20,5,0,11,279.56714285714276,593.273,754.7142857142857,0.0,0.0,0.0,0.0,0.0,0.0,0.0,0.0,0.0,0.0,0.0,0.0,0.0,11689.18,5283.0,2.2126026878667426,0.0,0.0,0.0,0.0,0.0,0.0
real_ramya_user,2021-05-21,0.0,0.0,0.0,0.0,0.0,4,21,5,0,10,68.59714285714276,560.724,754.7142857142857,0.0,0.0,0.0,0.0,0.0,0.0,0.0,0.0,0.0,0.0,0.0,0.0,0.0,11689.18,5283.0,2.2126026878667426,0.0,0.0,0.0,0.0,0.0,0.0
real_ramya_user,2021-05-22,362.52,0.0,0.0,0.0,0.0,5,22,5,1,9,120.3857142857142,572.8080000000001,274.42857142857144,0.0,0.0,0.0,0.0,0.0,0.0,0.0,0.0,0.0,0.0,0.0,0.0,0.0,12051.7,5283.0,2.2812227900813933,0.0,0.0,362.52,0.0,0.0,0.0
real_ramya_user,2021-05-23,933.27,0.0,0.0,0.0,0.0,6,23,5,1,8,253.7099999999999,560.4333333333333,274.42857142857144,0.0,0.0,0.0,0.0,0.0,0.0,0.0,0.0,0.0,933.27,0.0,0.0,0.0,12984.970000000001,5283.0,2.4578780995646414,0.0,0.0,0.0,0.0,0.0,0.0
real_ramya_user,2021-05-24,3980.44,0.0,0.0,0.0,0.0,0,24,5,0,7,753.7471428571428,657.828,274.42857142857144,0.0,0.0,0.0,0.0,0.0,0.0,0.0,0.0,0.0,1365.46,0.0,0.0,0.0,16965.41,5283.0,3.2113212190043536,0.0,1729.85,0.0,0.0,0.0,885.13
real_ramya_user,2021-05-25,2614.3,0.0,0.0,0.0,0.0,1,25,5,0,6,1127.2185714285713,744.9713333333333,274.42857142857144,0.0,0.0,0.0,0.0,0.0,0.0,0.0,0.0,0.0,0.0,0.0,0.0,0.0,19579.71,5283.0,3.7061726291879613,0.0,1019.6,0.0,0.0,1594.7,0.0
real_ramya_user,2021-05-26,0.0,0.0,0.0,0.0,0.0,2,26,5,0,5,1127.2185714285713,744.9713333333333,0.0,0.0,0.0,0.0,0.0,0.0,0.0,0.0,0.0,0.0,0.0,0.0,0.0,0.0,19579.71,5283.0,3.7061726291879613,0.0,0.0,0.0,0.0,0.0,0.0
real_ramya_user,2021-05-27,247.53,0.0,0.0,0.0,0.0,3,27,5,0,4,1162.58,661.7540000000001,0.0,0.0,0.0,0.0,0.0,0.0,0.0,0.0,0.0,0.0,84.84,0.0,0.0,0.0,19827.24,5283.0,3.753026689381034,0.0,0.0,0.0,0.0,162.69,0.0
real_ramya_user,2021-05-28,0.0,0.0,0.0,0.0,0.0,4,28,5,0,3,1162.58,661.7540000000001,0.0,0.0,0.0,0.0,0.0,0.0,0.0,0.0,0.0,0.0,0.0,0.0,0.0,0.0,19827.24,5283.0,3.753026689381034,0.0,0.0,0.0,0.0,0.0,0.0
real_ramya_user,2021-05-29,1233.87,0.0,0.0,0.0,0.0,5,29,5,1,2,1287.0585714285714,702.883,0.0,0.0,0.0,0.0,0.0,0.0,0.0,0.0,0.0,0.0,0.0,0.0,0.0,0.0,21061.11,5283.0,3.9865814877910277,0.0,0.0,1233.87,0.0,0.0,0.0
real_ramya_user,2021-05-30,1164.86,0.0,0.0,0.0,0.0,6,30,5,1,1,1320.142857142857,740.8656666666667,0.0,0.0,0.0,0.0,0.0,0.0,0.0,0.0,0.0,0.0,1164.86,0.0,0.0,0.0,22225.97,5283.0,4.20707363240583,0.0,0.0,0.0,0.0,0.0,0.0
real_ramya_user,2021-05-31,1554.81,0.0,0.0,0.0,0.0,0,31,5,0,0,973.6242857142855,792.6926666666666,0.0,0.0,0.0,0.0,904.97,0.0,0.0,0.0,0.0,0.0,0.0,0.0,0.0,0.0,23780.78,5283.0,4.501378004921446,649.84,0.0,0.0,0.0,0.0,0.0
real_ramya_user,2021-06-01,0.0,0.0,0.0,0.0,0.0,1,1,6,0,29,600.1528571428571,783.7900000000002,0.0,0.0,0.0,0.0,0.0,0.0,0.0,0.0,0.0,0.0,0.0,0.0,0.0,0.0,0.0,0.0,0.0,0.0,0.0,0.0,0.0,0.0,0.0
real_ramya_user,2021-06-02,3880.8199999999997,0.0,0.0,0.0,0.0,2,2,6,0,28,1154.5557142857142,913.1506666666668,0.0,0.0,0.0,0.0,0.0,0.0,0.0,0.0,0.0,0.0,0.0,0.0,0.0,0.0,3880.8199999999997,0.0,0.0,0.0,1964.95,0.0,0.0,0.0,1915.87
real_ramya_user,2021-06-03,0.0,820.0,0.0,0.0,0.0,3,3,6,0,27,1119.1942857142856,874.519,117.14285714285714,0.0,0.0,0.0,0.0,0.0,0.0,0.0,0.0,0.0,0.0,0.0,0.0,0.0,3880.8199999999997,820.0,4.73270731707317,0.0,0.0,0.0,0.0,0.0,0.0
real_ramya_user,2021-06-04,0.0,0.0,0.0,0.0,0.0,4,4,6,0,26,1119.1942857142856,874.519,117.14285714285714,0.0,0.0,0.0,0.0,0.0,0.0,0.0,0.0,0.0,0.0,0.0,0.0,0.0,3880.8199999999997,820.0,4.73270731707317,0.0,0.0,0.0,0.0,0.0,0.0
real_ramya_user,2021-06-05,0.0,0.0,0.0,0.0,0.0,5,5,6,1,25,942.9271428571426,845.2496666666666,117.14285714285714,0.0,0.0,0.0,0.0,0.0,0.0,0.0,0.0,0.0,0.0,0.0,0.0,0.0,3880.8199999999997,820.0,4.73270731707317,0.0,0.0,0.0,0.0,0.0,0.0
real_ramya_user,2021-06-06,3539.67,0.0,0.0,0.0,0.0,6,6,6,1,24,1282.185714285714,831.1216666666667,117.14285714285714,0.0,0.0,0.0,0.0,0.0,0.0,0.0,0.0,0.0,1982.06,0.0,0.0,0.0,7420.49,820.0,5.0,0.0,0.0,0.0,823.45,0.0,734.16
real_ramya_user,2021-06-07,0.0,0.0,0.0,0.0,0.0,0,7,6,0,23,1060.07,831.1216666666667,117.14285714285714,0.0,0.0,0.0,0.0,0.0,0.0,0.0,0.0,0.0,0.0,0.0,0.0,0.0,7420.49,820.0,5.0,0.0,0.0,0.0,0.0,0.0,0.0
real_ramya_user,2021-06-08,0.0,0.0,0.0,0.0,0.0,1,8,6,0,22,1060.07,831.1216666666667,117.14285714285714,0.0,0.0,0.0,0.0,0.0,0.0,0.0,0.0,0.0,0.0,0.0,0.0,0.0,7420.49,820.0,5.0,0.0,0.0,0.0,0.0,0.0,0.0
real_ramya_user,2021-06-09,1580.56,0.0,0.0,0.0,0.0,2,9,6,0,21,731.4614285714285,830.3193333333334,117.14285714285714,0.0,0.0,0.0,1580.56,0.0,0.0,0.0,0.0,0.0,0.0,0.0,0.0,0.0,9001.05,820.0,5.0,0.0,0.0,0.0,0.0,0.0,0.0
real_ramya_user,2021-06-10,0.0,0.0,0.0,0.0,0.0,3,10,6,0,20,731.4614285714285,794.9066666666666,0.0,0.0,0.0,0.0,0.0,0.0,0.0,0.0,0.0,0.0,0.0,0.0,0.0,0.0,9001.05,820.0,5.0,0.0,0.0,0.0,0.0,0.0,0.0
real_ramya_user,2021-06-11,1241.5300000000002,0.0,0.0,0.0,0.0,4,11,6,0,19,908.8228571428571,809.705,0.0,0.0,0.0,0.0,0.0,0.0,0.0,0.0,0.0,0.0,0.0,0.0,0.0,0.0,10242.58,820.0,5.0,0.0,0.0,666.08,575.45,0.0,0.0
real_ramya_user,2021-06-12,0.0,0.0,0.0,0.0,0.0,5,12,6,1,18,908.8228571428571,809.705,0.0,0.0,0.0,0.0,0.0,0.0,0.0,0.0,0.0,0.0,0.0,0.0,0.0,0.0,10242.58,820.0,5.0,0.0,0.0,0.0,0.0,0.0,0.0
real_ramya_user,2021-06-13,0.0,0.0,0.0,0.0,0.0,6,13,6,1,17,403.15571428571417,760.4786666666666,0.0,0.0,0.0,0.0,0.0,0.0,0.0,0.0,0.0,0.0,0.0,0.0,0.0,0.0,10242.58,820.0,5.0,0.0,0.0,0.0,0.0,0.0,0.0
real_ramya_user,2021-06-14,673.39,0.0,0.0,0.0,0.0,0,14,6,0,16,499.3542857142856,782.925,0.0,0.0,0.0,0.0,0.0,0.0,0.0,0.0,0.0,0.0,0.0,0.0,0.0,0.0,10915.97,820.0,5.0,0.0,0.0,0.0,0.0,0.0,673.39
real_ramya_user,2021-06-15,1834.33,0.0,0.0,0.0,0.0,1,15,6,0,15,761.4014285714285,844.0693333333334,0.0,0.0,0.0,0.0,0.0,0.0,0.0,0.0,0.0,0.0,0.0,0.0,0.0,0.0,12750.3,820.0,5.0,0.0,0.0,0.0,0.0,0.0,1834.33
real_ramya_user,2021-06-16,266.61,0.0,0.0,0.0,0.0,2,16,6,0,14,573.6942857142856,836.9503333333333,0.0,0.0,0.0,0.0,0.0,0.0,0.0,0.0,0.0,0.0,0.0,0.0,0.0,0.0,13016.91,820.0,5.0,0.0,0.0,0.0,266.61,0.0,0.0
real_ramya_user,2021-06-17,0.0,0.0,0.0,0.0,0.0,3,17,6,0,13,573.6942857142856,836.9503333333333,0.0,0.0,0.0,0.0,0.0,0.0,0.0,0.0,0.0,0.0,0.0,0.0,0.0,0.0,13016.91,820.0,5.0,0.0,0.0,0.0,0.0,0.0,0.0
real_ramya_user,2021-06-18,0.0,0.0,0.0,0.0,0.0,4,18,6,0,12,396.332857142857,836.9503333333333,0.0,0.0,0.0,0.0,0.0,0.0,0.0,0.0,0.0,0.0,0.0,0.0,0.0,0.0,13016.91,820.0,5.0,0.0,0.0,0.0,0.0,0.0,0.0
real_ramya_user,2021-06-19,0.0,0.0,0.0,0.0,0.0,5,19,6,1,11,396.332857142857,836.9503333333333,0.0,0.0,0.0,0.0,0.0,0.0,0.0,0.0,0.0,0.0,0.0,0.0,0.0,0.0,13016.91,820.0,5.0,0.0,0.0,0.0,0.0,0.0,0.0
real_ramya_user,2021-06-20,2254.31,0.0,0.0,0.0,0.0,6,20,6,1,10,718.3771428571428,912.0939999999999,0.0,0.0,0.0,0.0,0.0,0.0,0.0,0.0,0.0,0.0,0.0,0.0,0.0,0.0,15271.22,820.0,5.0,0.0,1628.24,626.07,0.0,0.0,0.0
real_ramya_user,2021-06-21,0.0,0.0,0.0,0.0,0.0,0,21,6,0,9,622.1785714285712,900.01,0.0,0.0,0.0,0.0,0.0,0.0,0.0,0.0,0.0,0.0,0.0,0.0,0.0,0.0,15271.22,820.0,5.0,0.0,0.0,0.0,0.0,0.0,0.0
real_ramya_user,2021-06-22,1295.59,0.0,0.0,0.0,0.0,1,22,6,0,8,545.2157142857142,912.0873333333333,0.0,0.0,0.0,0.0,0.0,0.0,0.0,0.0,0.0,0.0,0.0,0.0,0.0,0.0,16566.81,820.0,5.0,0.0,0.0,1295.59,0.0,0.0,0.0
real_ramya_user,2021-06-23,46.28,0.0,0.0,0.0,0.0,2,23,6,0,7,513.7399999999999,780.9486666666667,0.0,0.0,0.0,0.0,0.0,0.0,0.0,0.0,0.0,0.0,0.0,0.0,0.0,0.0,16613.09,820.0,5.0,0.0,46.28,0.0,0.0,0.0,0.0
real_ramya_user,2021-06-24,690.05,0.0,0.0,0.0,0.0,3,24,6,0,6,612.3185714285712,716.807,0.0,0.0,0.0,0.0,0.0,0.0,0.0,0.0,0.0,0.0,0.0,0.0,0.0,0.0,17303.14,820.0,5.0,690.05,0.0,0.0,0.0,0.0,0.0
real_ramya_user,2021-06-25,0.0,0.0,0.0,0.0,0.0,4,25,6,0,5,612.3185714285712,716.807,0.0,0.0,0.0,0.0,0.0,0.0,0.0,0.0,0.0,0.0,0.0,0.0,0.0,0.0,17303.14,820.0,5.0,0.0,0.0,0.0,0.0,0.0,0.0
real_ramya_user,2021-06-26,460.82,0.0,0.0,0.0,0.0,5,26,6,1,4,678.1499999999999,723.9166666666666,0.0,0.0,0.0,0.0,0.0,0.0,0.0,0.0,0.0,0.0,0.0,0.0,0.0,0.0,17763.96,820.0,5.0,460.82,0.0,0.0,0.0,0.0,0.0
real_ramya_user,2021-06-27,0.0,2923.0,0.0,0.0,0.0,6,27,6,1,3,356.1057142857141,723.9166666666666,417.57142857142856,0.0,0.0,0.0,0.0,0.0,0.0,0.0,0.0,0.0,0.0,0.0,0.0,0.0,17763.96,3743.0,4.745915041410633,0.0,0.0,0.0,0.0,0.0,0.0
real_ramya_user,2021-06-28,3546.06,1856.0,0.0,0.0,0.0,0,28,6,0,2,862.6857142857142,800.9896666666666,682.7142857142857,0.0,0.0,0.0,1327.24,0.0,0.0,0.0,0.0,0.0,0.0,0.0,0.0,0.0,21310.02,5599.0,3.806040364350777,0.0,0.0,1020.3,0.0,0.0,1198.52
real_ramya_user,2021-06-29,827.61,0.0,0.0,0.0,0.0,1,29,6,0,1,795.8314285714284,789.7479999999999,682.7142857142857,0.0,0.0,0.0,827.61,0.0,0.0,0.0,0.0,0.0,0.0,0.0,0.0,0.0,22137.63,5599.0,3.9538542596892303,0.0,0.0,0.0,0.0,0.0,0.0
real_ramya_user,2021-06-30,0.0,0.0,0.0,0.0,0.0,2,30,6,0,0,789.2199999999999,737.9209999999999,682.7142857142857,0.0,0.0,0.0,0.0,0.0,0.0,0.0,0.0,0.0,0.0,0.0,0.0,0.0,22137.63,5599.0,3.9538542596892303,0.0,0.0,0.0,0.0,0.0,0.0
real_ramya_user,2021-07-01,0.0,0.0,0.0,0.0,0.0,3,1,7,0,30,690.6414285714284,737.9209999999999,682.7142857142857,0.0,0.0,0.0,0.0,0.0,0.0,0.0,0.0,0.0,0.0,0.0,0.0,0.0,0.0,0.0,0.0,0.0,0.0,0.0,0.0,0.0,0.0
real_ramya_user,2021-07-02,0.0,0.0,0.0,0.0,0.0,4,2,7,0,29,690.6414285714284,608.5603333333332,682.7142857142857,0.0,0.0,0.0,0.0,0.0,0.0,0.0,0.0,0.0,0.0,0.0,0.0,0.0,0.0,0.0,0.0,0.0,0.0,0.0,0.0,0.0,0.0
real_ramya_user,2021-07-03,0.0,0.0,0.0,0.0,0.0,5,3,7,1,28,624.8099999999998,608.5603333333332,682.7142857142857,0.0,0.0,0.0,0.0,0.0,0.0,0.0,0.0,0.0,0.0,0.0,0.0,0.0,0.0,0.0,0.0,0.0,0.0,0.0,0.0,0.0,0.0
real_ramya_user,2021-07-04,4224.06,0.0,0.0,0.0,0.0,6,4,7,1,27,1228.2471428571428,749.3623333333333,265.14285714285717,0.0,0.0,0.0,0.0,0.0,0.0,0.0,0.0,0.0,2284.58,0.0,0.0,0.0,4224.06,0.0,0.0,1939.48,0.0,0.0,0.0,0.0,0.0
real_ramya_user,2021-07-05,0.0,0.0,0.0,0.0,0.0,0,5,7,0,26,721.6671428571428,749.3623333333334,0.0,0.0,0.0,0.0,0.0,0.0,0.0,0.0,0.0,0.0,0.0,0.0,0.0,0.0,4224.06,0.0,0.0,0.0,0.0,0.0,0.0,0.0,0.0
real_ramya_user,2021-07-06,0.0,4282.0,0.0,0.0,0.0,1,6,7,0,25,603.4371428571428,631.3733333333333,611.7142857142857,0.0,0.0,0.0,0.0,0.0,0.0,0.0,0.0,0.0,0.0,0.0,0.0,0.0,4224.06,4282.0,0.9864689397477815,0.0,0.0,0.0,0.0,0.0,0.0
real_ramya_user,2021-07-07,1010.78,0.0,0.0,0.0,0.0,2,7,7,0,24,747.8342857142856,665.066,611.7142857142857,0.0,0.0,0.0,0.0,0.0,0.0,0.0,0.0,0.0,0.0,0.0,0.0,0.0,5234.84,4282.0,1.222522185894442,0.0,0.0,0.0,1010.78,0.0,0.0
real_ramya_user,2021-07-08,0.0,0.0,0.0,0.0,0.0,3,8,7,0,23,747.8342857142856,665.066,611.7142857142857,0.0,0.0,0.0,0.0,0.0,0.0,0.0,0.0,0.0,0.0,0.0,0.0,0.0,5234.84,4282.0,1.222522185894442,0.0,0.0,0.0,0.0,0.0,0.0
real_ramya_user,2021-07-09,3382.88,0.0,0.0,0.0,0.0,4,9,7,0,22,1231.1028571428571,725.1433333333333,611.7142857142857,0.0,0.0,0.0,0.0,0.0,0.0,0.0,0.0,0.0,0.0,0.0,0.0,0.0,8617.720000000001,4282.0,2.012545539467539,0.0,0.0,0.0,0.0,0.0,3382.88
real_ramya_user,2021-07-10,1425.69,3540.0,0.0,0.0,0.0,5,10,7,1,21,1434.7728571428572,772.6663333333332,1117.4285714285713,0.0,0.0,0.0,0.0,0.0,0.0,0.0,0.0,0.0,0.0,0.0,0.0,0.0,10043.41,7822.0,1.2839951419074405,0.0,0.0,1425.69,0.0,0.0,0.0
real_ramya_user,2021-07-11,1673.94,0.0,0.0,0.0,0.0,6,11,7,1,20,1070.4699999999998,787.08,1117.4285714285713,0.0,0.0,0.0,0.0,0.0,0.0,0.0,0.0,0.0,0.0,0.0,0.0,0.0,11717.35,7822.0,1.4979992329327538,0.0,0.0,577.28,192.51,904.15,0.0
real_ramya_user,2021-07-12,1770.41,0.0,0.0,0.0,0.0,0,12,7,0,19,1323.3857142857141,846.0936666666668,1117.4285714285713,0.0,0.0,0.0,0.0,0.0,0.0,0.0,0.0,0.0,1770.41,0.0,0.0,0.0,13487.76,7822.0,1.7243364868320123,0.0,0.0,0.0,0.0,0.0,0.0
real_ramya_user,2021-07-13,115.98,0.0,0.0,0.0,0.0,1,13,7,0,18,1339.9542857142856,849.9596666666667,505.7142857142857,0.0,0.0,0.0,0.0,0.0,0.0,0.0,0.0,0.0,0.0,0.0,0.0,0.0,13603.74,7822.0,1.7391638967016108,0.0,0.0,0.0,115.98,0.0,0.0
real_ramya_user,2021-07-14,778.47,0.0,0.0,0.0,0.0,2,14,7,0,17,1306.7671428571427,853.4623333333333,505.7142857142857,0.0,0.0,0.0,0.0,0.0,0.0,0.0,0.0,0.0,0.0,0.0,0.0,0.0,14382.210000000001,7822.0,1.8386870365635388,778.47,0.0,0.0,0.0,0.0,0.0
real_ramya_user,2021-07-15,0.0,730.0,0.0,0.0,0.0,3,15,7,0,16,1306.7671428571427,792.3179999999999,610.0,0.0,0.0,0.0,0.0,0.0,0.0,0.0,0.0,0.0,0.0,0.0,0.0,0.0,14382.210000000001,8552.0,1.681736435921422,0.0,0.0,0.0,0.0,0.0,0.0
real_ramya_user,2021-07-16,0.0,0.0,0.0,0.0,0.0,4,16,7,0,15,823.4985714285714,783.431,610.0,0.0,0.0,0.0,0.0,0.0,0.0,0.0,0.0,0.0,0.0,0.0,0.0,0.0,14382.210000000001,8552.0,1.681736435921422,0.0,0.0,0.0,0.0,0.0,0.0
real_ramya_user,2021-07-17,0.0,0.0,0.0,0.0,0.0,5,17,7,1,14,619.8285714285713,783.431,104.28571428571429,0.0,0.0,0.0,0.0,0.0,0.0,0.0,0.0,0.0,0.0,0.0,0.0,0.0,14382.210000000001,8552.0,1.681736435921422,0.0,0.0,0.0,0.0,0.0,0.0
real_ramya_user,2021-07-18,0.0,0.0,0.0,0.0,0.0,6,18,7,1,13,380.6942857142856,783.431,104.28571428571429,0.0,0.0,0.0,0.0,0.0,0.0,0.0,0.0,0.0,0.0,0.0,0.0,0.0,14382.210000000001,8552.0,1.681736435921422,0.0,0.0,0.0,0.0,0.0,0.0
real_ramya_user,2021-07-19,1963.78,0.0,0.0,0.0,0.0,0,19,7,0,12,408.3185714285713,848.8903333333334,104.28571428571429,0.0,0.0,0.0,0.0,0.0,0.0,0.0,0.0,0.0,0.0,0.0,0.0,0.0,16345.99,8552.0,1.9113645930776426,0.0,0.0,1679.96,0.0,0.0,283.82
real_ramya_user,2021-07-20,0.0,0.0,0.0,0.0,0.0,1,20,7,0,11,391.7499999999999,773.7466666666667,104.28571428571429,0.0,0.0,0.0,0.0,0.0,0.0,0.0,0.0,0.0,0.0,0.0,0.0,0.0,16345.99,8552.0,1.9113645930776426,0.0,0.0,0.0,0.0,0.0,0.0
real_ramya_user,2021-07-21,0.0,0.0,0.0,0.0,0.0,2,21,7,0,10,280.53999999999985,773.7466666666667,104.28571428571429,0.0,0.0,0.0,0.0,0.0,0.0,0.0,0.0,0.0,0.0,0.0,0.0,0.0,16345.99,8552.0,1.9113645930776426,0.0,0.0,0.0,0.0,0.0,0.0
real_ramya_user,2021-07-22,0.0,0.0,0.0,0.0,0.0,3,22,7,0,9,280.53999999999985,730.5603333333333,0.0,0.0,0.0,0.0,0.0,0.0,0.0,0.0,0.0,0.0,0.0,0.0,0.0,0.0,16345.99,8552.0,1.9113645930776426,0.0,0.0,0.0,0.0,0.0,0.0
real_ramya_user,2021-07-23,1395.18,4174.0,0.0,0.0,0.0,4,23,7,0,8,479.85142857142847,775.5236666666667,596.2857142857143,0.0,0.0,0.0,0.0,0.0,0.0,0.0,0.0,0.0,1395.18,0.0,0.0,0.0,17741.170000000002,12726.0,1.3940884802765992,0.0,0.0,0.0,0.0,0.0,0.0
real_ramya_user,2021-07-24,47.82,0.0,0.0,0.0,0.0,5,24,7,1,7,486.682857142857,754.116,596.2857142857143,0.0,0.0,0.0,0.0,0.0,0.0,0.0,0.0,0.0,0.0,0.0,0.0,0.0,17788.99,12726.0,1.397846141757033,0.0,0.0,47.82,0.0,0.0,0.0
real_ramya_user,2021-07-25,0.0,0.0,0.0,0.0,0.0,6,25,7,1,6,486.682857142857,754.116,596.2857142857143,0.0,0.0,0.0,0.0,0.0,0.0,0.0,0.0,0.0,0.0,0.0,0.0,0.0,17788.99,12726.0,1.397846141757033,0.0,0.0,0.0,0.0,0.0,0.0
real_ramya_user,2021-07-26,0.0,0.0,0.0,0.0,0.0,0,26,7,0,5,206.14285714285703,738.7553333333333,596.2857142857143,0.0,0.0,0.0,0.0,0.0,0.0,0.0,0.0,0.0,0.0,0.0,0.0,0.0,17788.99,12726.0,1.397846141757033,0.0,0.0,0.0,0.0,0.0,0.0
real_ramya_user,2021-07-27,0.0,0.0,0.0,0.0,0.0,1,27,7,0,4,206.14285714285703,738.7553333333333,596.2857142857143,0.0,0.0,0.0,0.0,0.0,0.0,0.0,0.0,0.0,0.0,0.0,0.0,0.0,17788.99,12726.0,1.397846141757033,0.0,0.0,0.0,0.0,0.0,0.0
real_ramya_user,2021-07-28,1102.12,0.0,0.0,0.0,0.0,2,28,7,0,3,363.5885714285713,657.2906666666667,596.2857142857143,0.0,0.0,0.0,0.0,0.0,0.0,0.0,0.0,0.0,0.0,0.0,0.0,0.0,18891.11,12726.0,1.4844499449944994,0.0,0.0,0.0,0.0,0.0,1102.12
real_ramya_user,2021-07-29,231.26,0.0,0.0,0.0,0.0,3,29,7,0,2,396.6257142857142,637.4123333333333,596.2857142857143,0.0,0.0,0.0,0.0,0.0,0.0,0.0,0.0,0.0,0.0,0.0,0.0,0.0,19122.37,12726.0,1.5026221907905075,0.0,0.0,0.0,231.26,0.0,0.0
real_ramya_user,2021-07-30,0.0,0.0,0.0,0.0,0.0,4,30,7,0,1,197.31428571428555,637.4123333333333,0.0,0.0,0.0,0.0,0.0,0.0,0.0,0.0,0.0,0.0,0.0,0.0,0.0,0.0,19122.37,12726.0,1.5026221907905075,0.0,0.0,0.0,0.0,0.0,0.0
real_ramya_user,2021-07-31,0.0,0.0,0.0,0.0,0.0,5,31,7,1,0,190.482857142857,637.4123333333333,0.0,0.0,0.0,0.0,0.0,0.0,0.0,0.0,0.0,0.0,0.0,0.0,0.0,0.0,19122.37,12726.0,1.5026221907905075,0.0,0.0,0.0,0.0,0.0,0.0
real_ramya_user,2021-08-01,0.0,0.0,0.0,0.0,0.0,6,1,8,1,30,190.482857142857,637.4123333333333,0.0,0.0,0.0,0.0,0.0,0.0,0.0,0.0,0.0,0.0,0.0,0.0,0.0,0.0,0.0,0.0,0.0,0.0,0.0,0.0,0.0,0.0,0.0
real_ramya_user,2021-08-02,252.48,0.0,0.0,0.0,0.0,0,2,8,0,29,226.55142857142843,645.8283333333333,0.0,0.0,0.0,0.0,0.0,0.0,0.0,0.0,0.0,0.0,0.0,0.0,0.0,0.0,252.48,0.0,0.0,0.0,0.0,0.0,0.0,252.48,0.0
real_ramya_user,2021-08-03,0.0,0.0,0.0,0.0,0.0,1,3,8,0,28,226.55142857142843,505.0263333333333,0.0,0.0,0.0,0.0,0.0,0.0,0.0,0.0,0.0,0.0,0.0,0.0,0.0,0.0,252.48,0.0,0.0,0.0,0.0,0.0,0.0,0.0,0.0
real_ramya_user,2021-08-04,0.0,0.0,0.0,0.0,0.0,2,4,8,0,27,69.10571428571416,505.02633333333335,0.0,0.0,0.0,0.0,0.0,0.0,0.0,0.0,0.0,0.0,0.0,0.0,0.0,0.0,252.48,0.0,0.0,0.0,0.0,0.0,0.0,0.0,0.0
real_ramya_user,2021-08-05,0.0,0.0,0.0,0.0,0.0,3,5,8,0,26,36.068571428571296,505.02633333333335,0.0,0.0,0.0,0.0,0.0,0.0,0.0,0.0,0.0,0.0,0.0,0.0,0.0,0.0,252.48,0.0,0.0,0.0,0.0,0.0,0.0,0.0,0.0
real_ramya_user,2021-08-06,134.99,0.0,0.0,0.0,0.0,4,6,8,0,25,55.35285714285702,475.8333333333333,0.0,0.0,0.0,0.0,0.0,0.0,0.0,0.0,0.0,0.0,134.99,0.0,0.0,0.0,387.47,0.0,0.0,0.0,0.0,0.0,0.0,0.0,0.0
real_ramya_user,2021-08-07,1197.51,1676.0,0.0,0.0,0.0,5,7,8,1,24,226.42571428571415,515.7503333333333,239.42857142857142,0.0,0.0,0.0,0.0,0.0,0.0,0.0,0.0,0.0,1197.51,0.0,0.0,0.0,1584.98,1676.0,0.9456921241050119,0.0,0.0,0.0,0.0,0.0,0.0
real_ramya_user,2021-08-08,1233.47,0.0,0.0,0.0,0.0,6,8,8,1,23,402.63571428571413,444.10333333333335,239.42857142857142,0.0,0.0,0.0,1233.47,0.0,0.0,0.0,0.0,0.0,0.0,0.0,0.0,0.0,2818.45,1676.0,1.6816527446300715,0.0,0.0,0.0,0.0,0.0,0.0
real_ramya_user,2021-08-09,382.75,0.0,0.0,0.0,0.0,0,9,8,0,22,421.2457142857142,409.33866666666665,239.42857142857142,0.0,0.0,0.0,0.0,0.0,0.0,0.0,0.0,0.0,0.0,0.0,0.0,0.0,3201.2,1676.0,1.9100238663484486,0.0,0.0,0.0,382.75,0.0,0.0
real_ramya_user,2021-08-10,0.0,0.0,0.0,0.0,0.0,1,10,8,0,21,421.2457142857142,353.54066666666665,239.42857142857142,0.0,0.0,0.0,0.0,0.0,0.0,0.0,0.0,0.0,0.0,0.0,0.0,0.0,3201.2,1676.0,1.9100238663484486,0.0,0.0,0.0,0.0,0.0,0.0
real_ramya_user,2021-08-11,144.68,0.0,0.0,0.0,0.0,2,11,8,0,20,441.9142857142856,299.3496666666667,239.42857142857142,0.0,0.0,0.0,0.0,0.0,0.0,0.0,0.0,0.0,0.0,0.0,0.0,0.0,3345.88,1676.0,1.9963484486873508,0.0,144.68,0.0,0.0,0.0,0.0
real_ramya_user,2021-08-12,0.0,0.0,0.0,0.0,0.0,3,12,8,0,19,441.9142857142856,295.4836666666667,239.42857142857142,0.0,0.0,0.0,0.0,0.0,0.0,0.0,0.0,0.0,0.0,0.0,0.0,0.0,3345.88,1676.0,1.9963484486873508,0.0,0.0,0.0,0.0,0.0,0.0
real_ramya_user,2021-08-13,2749.27,0.0,0.0,0.0,0.0,4,13,8,0,18,815.382857142857,361.17699999999996,239.42857142857142,0.0,0.0,0.0,787.0,0.0,0.0,0.0,0.0,0.0,0.0,0.0,0.0,0.0,6095.15,1676.0,3.6367243436754175,0.0,0.0,0.0,1962.27,0.0,0.0
real_ramya_user,2021-08-14,0.0,0.0,0.0,0.0,0.0,5,14,8,1,17,644.3099999999998,361.17699999999996,0.0,0.0,0.0,0.0,0.0,0.0,0.0,0.0,0.0,0.0,0.0,0.0,0.0,0.0,6095.15,1676.0,3.6367243436754175,0.0,0.0,0.0,0.0,0.0,0.0
real_ramya_user,2021-08-15,720.62,0.0,0.0,0.0,0.0,6,15,8,1,16,571.0457142857141,385.1976666666667,0.0,0.0,0.0,0.0,720.62,0.0,0.0,0.0,0.0,0.0,0.0,0.0,0.0,0.0,6815.77,1676.0,4.066688544152745,0.0,0.0,0.0,0.0,0.0,0.0
real_ramya_user,2021-08-16,0.0,1349.0,0.0,0.0,0.0,0,16,8,0,15,516.3671428571427,385.1976666666667,192.71428571428572,0.0,0.0,0.0,0.0,0.0,0.0,0.0,0.0,0.0,0.0,0.0,0.0,0.0,6815.77,3025.0,2.2531471074380165,0.0,0.0,0.0,0.0,0.0,0.0
real_ramya_user,2021-08-17,0.0,0.0,0.0,0.0,0.0,1,17,8,0,14,516.3671428571427,385.1976666666667,192.71428571428572,0.0,0.0,0.0,0.0,0.0,0.0,0.0,0.0,0.0,0.0,0.0,0.0,0.0,6815.77,3025.0,2.2531471074380165,0.0,0.0,0.0,0.0,0.0,0.0
real_ramya_user,2021-08-18,275.49,0.0,0.0,0.0,0.0,2,18,8,0,13,535.0542857142856,328.9213333333334,192.71428571428572,0.0,0.0,0.0,0.0,0.0,0.0,0.0,0.0,0.0,0.0,0.0,0.0,0.0,7091.26,3025.0,2.344218181818182,0.0,275.49,0.0,0.0,0.0,0.0
real_ramya_user,2021-08-19,0.0,0.0,0.0,0.0,0.0,3,19,8,0,12,535.0542857142856,328.9213333333334,192.71428571428572,0.0,0.0,0.0,0.0,0.0,0.0,0.0,0.0,0.0,0.0,0.0,0.0,0.0,7091.26,3025.0,2.344218181818182,0.0,0.0,0.0,0.0,0.0,0.0
real_ramya_user,2021-08-20,1628.88,0.0,0.0,0.0,0.0,4,20,8,0,11,374.9985714285713,383.21733333333333,192.71428571428572,0.0,0.0,0.0,0.0,0.0,0.0,0.0,0.0,0.0,0.0,0.0,0.0,0.0,8720.14,3025.0,2.882690909090909,0.0,1628.88,0.0,0.0,0.0,0.0
real_ramya_user,2021-08-21,135.57,4420.0,0.0,0.0,0.0,5,21,8,1,10,394.3657142857142,387.73633333333333,824.1428571428571,0.0,0.0,0.0,0.0,0.0,0.0,0.0,0.0,0.0,0.0,0.0,0.0,0.0,8855.710000000001,7445.0,1.1894842175957019,0.0,0.0,0.0,0.0,0.0,135.57
real_ramya_user,2021-08-22,83.6,0.0,0.0,0.0,0.0,6,22,8,1,9,303.3628571428571,344.017,824.1428571428571,0.0,0.0,0.0,0.0,0.0,0.0,0.0,0.0,0.0,83.6,0.0,0.0,0.0,8939.31,7445.0,1.2007132303559436,0.0,0.0,0.0,0.0,0.0,0.0
real_ramya_user,2021-08-23,1772.72,0.0,0.0,0.0,0.0,0,23,8,0,8,556.6085714285713,401.5136666666667,631.4285714285714,0.0,0.0,0.0,0.0,0.0,0.0,0.0,0.0,0.0,0.0,0.0,0.0,0.0,10712.03,7445.0,1.4388220282068502,1772.72,0.0,0.0,0.0,0.0,0.0
real_ramya_user,2021-08-24,1035.61,0.0,0.0,0.0,0.0,1,24,8,0,7,704.552857142857,436.034,631.4285714285714,0.0,0.0,0.0,0.0,0.0,0.0,0.0,0.0,0.0,0.0,0.0,0.0,0.0,11747.64,7445.0,1.577923438549362,0.0,0.0,0.0,0.0,1035.61,0.0
real_ramya_user,2021-08-25,514.09,0.0,0.0,0.0,0.0,2,25,8,0,6,738.6385714285714,453.17033333333336,631.4285714285714,0.0,0.0,0.0,0.0,0.0,0.0,0.0,0.0,0.0,514.09,0.0,0.0,0.0,12261.73,7445.0,1.646975151108126,0.0,0.0,0.0,0.0,0.0,0.0
real_ramya_user,2021-08-26,0.0,0.0,0.0,0.0,0.0,3,26,8,0,5,738.6385714285714,453.17033333333336,631.4285714285714,0.0,0.0,0.0,0.0,0.0,0.0,0.0,0.0,0.0,0.0,0.0,0.0,0.0,12261.73,7445.0,1.646975151108126,0.0,0.0,0.0,0.0,0.0,0.0
real_ramya_user,2021-08-27,579.36,0.0,0.0,0.0,0.0,4,27,8,0,4,588.7071428571427,435.745,631.4285714285714,0.0,0.0,0.0,0.0,0.0,0.0,0.0,0.0,0.0,0.0,0.0,0.0,0.0,12841.09,7445.0,1.7247938213566152,579.36,0.0,0.0,0.0,0.0,0.0
real_ramya_user,2021-08-28,0.0,0.0,0.0,0.0,0.0,5,28,8,1,3,569.3399999999999,428.03633333333335,0.0,0.0,0.0,0.0,0.0,0.0,0.0,0.0,0.0,0.0,0.0,0.0,0.0,0.0,12841.09,7445.0,1.7247938213566152,0.0,0.0,0.0,0.0,0.0,0.0
real_ramya_user,2021-08-29,1732.94,0.0,0.0,0.0,0.0,6,29,8,1,2,804.9599999999999,485.80100000000004,0.0,0.0,0.0,0.0,1732.94,0.0,0.0,0.0,0.0,0.0,0.0,0.0,0.0,0.0,14574.03,7445.0,1.9575594358629953,0.0,0.0,0.0,0.0,0.0,0.0
real_ramya_user,2021-08-30,0.0,0.0,0.0,0.0,0.0,0,30,8,0,1,551.7142857142856,485.80100000000004,0.0,0.0,0.0,0.0,0.0,0.0,0.0,0.0,0.0,0.0,0.0,0.0,0.0,0.0,14574.03,7445.0,1.9575594358629953,0.0,0.0,0.0,0.0,0.0,0.0
real_ramya_user,2021-08-31,0.0,0.0,0.0,0.0,0.0,1,31,8,0,0,403.7699999999999,485.80100000000004,0.0,0.0,0.0,0.0,0.0,0.0,0.0,0.0,0.0,0.0,0.0,0.0,0.0,0.0,14574.03,7445.0,1.9575594358629953,0.0,0.0,0.0,0.0,0.0,0.0
real_ramya_user,2021-09-01,0.0,0.0,0.0,0.0,0.0,2,1,9,0,29,330.3285714285713,477.38500000000005,0.0,0.0,0.0,0.0,0.0,0.0,0.0,0.0,0.0,0.0,0.0,0.0,0.0,0.0,0.0,0.0,0.0,0.0,0.0,0.0,0.0,0.0,0.0
real_ramya_user,2021-09-02,0.0,0.0,0.0,0.0,0.0,3,2,9,0,28,330.3285714285713,477.38500000000005,0.0,0.0,0.0,0.0,0.0,0.0,0.0,0.0,0.0,0.0,0.0,0.0,0.0,0.0,0.0,0.0,0.0,0.0,0.0,0.0,0.0,0.0,0.0
real_ramya_user,2021-09-03,0.0,0.0,0.0,0.0,0.0,4,3,9,0,27,247.562857142857,477.38500000000005,0.0,0.0,0.0,0.0,0.0,0.0,0.0,0.0,0.0,0.0,0.0,0.0,0.0,0.0,0.0,0.0,0.0,0.0,0.0,0.0,0.0,0.0,0.0
real_ramya_user,2021-09-04,0.0,0.0,0.0,0.0,0.0,5,4,9,1,26,247.562857142857,477.38500000000005,0.0,0.0,0.0,0.0,0.0,0.0,0.0,0.0,0.0,0.0,0.0,0.0,0.0,0.0,0.0,0.0,0.0,0.0,0.0,0.0,0.0,0.0,0.0
real_ramya_user,2021-09-05,1600.69,0.0,0.0,0.0,0.0,6,5,9,1,25,228.66999999999987,526.2416666666667,0.0,0.0,0.0,0.0,0.0,0.0,0.0,0.0,0.0,0.0,0.0,0.0,0.0,0.0,1600.69,0.0,0.0,0.0,0.0,1600.69,0.0,0.0,0.0
real_ramya_user,2021-09-06,1489.18,0.0,0.0,0.0,0.0,0,6,9,0,24,441.40999999999985,535.964,0.0,0.0,0.0,0.0,0.0,0.0,0.0,0.0,0.0,0.0,0.0,0.0,0.0,0.0,3089.87,0.0,0.0,0.0,0.0,0.0,1489.18,0.0,0.0
real_ramya_user,2021-09-07,0.0,0.0,0.0,0.0,0.0,1,7,9,0,23,441.40999999999985,494.84833333333336,0.0,0.0,0.0,0.0,0.0,0.0,0.0,0.0,0.0,0.0,0.0,0.0,0.0,0.0,3089.87,0.0,0.0,0.0,0.0,0.0,0.0,0.0,0.0
real_ramya_user,2021-09-08,0.0,0.0,0.0,0.0,0.0,2,8,9,0,22,441.40999999999985,482.09000000000003,0.0,0.0,0.0,0.0,0.0,0.0,0.0,0.0,0.0,0.0,0.0,0.0,0.0,0.0,3089.87,0.0,0.0,0.0,0.0,0.0,0.0,0.0,0.0
real_ramya_user,2021-09-09,2288.96,3509.0,0.0,0.0,0.0,3,9,9,0,21,768.4042857142856,558.3886666666666,501.2857142857143,0.0,0.0,0.0,0.0,0.0,0.0,0.0,0.0,0.0,0.0,0.0,0.0,0.0,5378.83,3509.0,1.5328669136506128,0.0,0.0,0.0,684.68,1604.28,0.0
real_ramya_user,2021-09-10,866.91,0.0,0.0,0.0,0.0,4,10,9,0,20,892.2485714285713,582.463,501.2857142857143,0.0,0.0,0.0,0.0,0.0,0.0,0.0,0.0,0.0,0.0,0.0,0.0,0.0,6245.74,3509.0,1.7799202051866627,0.0,0.0,866.91,0.0,0.0,0.0
real_ramya_user,2021-09-11,3676.85,0.0,0.0,0.0,0.0,5,11,9,1,19,1417.512857142857,705.0246666666667,501.2857142857143,0.0,0.0,0.0,0.0,0.0,0.0,0.0,0.0,0.0,1918.8000000000002,0.0,0.0,0.0,9922.59,3509.0,2.827754345967512,0.0,0.0,662.56,0.0,0.0,1095.49
real_ramya_user,2021-09-12,0.0,0.0,0.0,0.0,0.0,6,12,9,1,18,1188.842857142857,613.3823333333333,501.2857142857143,0.0,0.0,0.0,0.0,0.0,0.0,0.0,0.0,0.0,0.0,0.0,0.0,0.0,9922.59,3509.0,2.827754345967512,0.0,0.0,0.0,0.0,0.0,0.0
real_ramya_user,2021-09-13,0.0,0.0,0.0,0.0,0.0,0,13,9,0,17,976.102857142857,613.3823333333333,501.2857142857143,0.0,0.0,0.0,0.0,0.0,0.0,0.0,0.0,0.0,0.0,0.0,0.0,0.0,9922.59,3509.0,2.827754345967512,0.0,0.0,0.0,0.0,0.0,0.0
real_ramya_user,2021-09-14,0.0,0.0,0.0,0.0,0.0,1,14,9,0,16,976.102857142857,589.3616666666668,501.2857142857143,0.0,0.0,0.0,0.0,0.0,0.0,0.0,0.0,0.0,0.0,0.0,0.0,0.0,9922.59,3509.0,2.827754345967512,0.0,0.0,0.0,0.0,0.0,0.0
real_ramya_user,2021-09-15,0.0,4063.0,0.0,0.0,0.0,2,15,9,0,15,976.102857142857,589.3616666666668,1081.7142857142858,0.0,0.0,0.0,0.0,0.0,0.0,0.0,0.0,0.0,0.0,0.0,0.0,0.0,9922.59,7572.0,1.310431854199683,0.0,0.0,0.0,0.0,0.0,0.0
real_ramya_user,2021-09-16,1190.37,0.0,0.0,0.0,0.0,3,16,9,0,14,819.1614285714285,629.0406666666667,580.4285714285714,0.0,0.0,0.0,159.33,0.0,0.0,0.0,0.0,0.0,0.0,0.0,0.0,0.0,11112.96,7572.0,1.4676386687797147,0.0,1031.04,0.0,0.0,0.0,0.0
real_ramya_user,2021-09-17,1906.05,785.0,0.0,0.0,0.0,4,17,9,0,13,967.6099999999998,683.3926666666666,692.5714285714286,0.0,0.0,0.0,0.0,0.0,0.0,0.0,0.0,0.0,0.0,0.0,0.0,0.0,13019.01,8357.0,1.5578568864425033,0.0,0.0,0.0,0.0,0.0,1906.05
real_ramya_user,2021-09-18,0.0,0.0,0.0,0.0,0.0,5,18,9,1,12,442.34571428571417,683.3926666666666,692.5714285714286,0.0,0.0,0.0,0.0,0.0,0.0,0.0,0.0,0.0,0.0,0.0,0.0,0.0,13019.01,8357.0,1.5578568864425033,0.0,0.0,0.0,0.0,0.0,0.0
real_ramya_user,2021-09-19,3028.08,3500.0,0.0,0.0,0.0,6,19,9,1,11,874.9285714285713,730.0326666666666,1192.5714285714287,0.0,0.0,0.0,1214.14,0.0,0.0,0.0,0.0,0.0,0.0,0.0,0.0,0.0,16047.09,11857.0,1.3533853419920723,0.0,750.31,0.0,0.0,0.0,1063.63
real_ramya_user,2021-09-20,506.73,0.0,0.0,0.0,0.0,0,20,9,0,10,947.3185714285713,742.4046666666667,1192.5714285714287,0.0,0.0,0.0,0.0,0.0,0.0,0.0,0.0,0.0,0.0,0.0,0.0,0.0,16553.82,11857.0,1.3961221219532765,0.0,0.0,0.0,0.0,506.73,0.0
real_ramya_user,2021-09-21,0.0,4588.0,0.0,0.0,0.0,1,21,9,0,9,947.3185714285713,739.618,1848.0,0.0,0.0,0.0,0.0,0.0,0.0,0.0,0.0,0.0,0.0,0.0,0.0,0.0,16553.82,16445.0,1.0066172088780785,0.0,0.0,0.0,0.0,0.0,0.0
real_ramya_user,2021-09-22,0.0,0.0,0.0,0.0,0.0,2,22,9,0,8,947.3185714285713,680.5273333333333,1267.5714285714287,0.0,0.0,0.0,0.0,0.0,0.0,0.0,0.0,0.0,0.0,0.0,0.0,0.0,16553.82,16445.0,1.0066172088780785,0.0,0.0,0.0,0.0,0.0,0.0
real_ramya_user,2021-09-23,0.0,0.0,0.0,0.0,0.0,3,23,9,0,7,777.2657142857141,646.007,1267.5714285714287,0.0,0.0,0.0,0.0,0.0,0.0,0.0,0.0,0.0,0.0,0.0,0.0,0.0,16553.82,16445.0,1.0066172088780785,0.0,0.0,0.0,0.0,0.0,0.0
real_ramya_user,2021-09-24,0.0,0.0,0.0,0.0,0.0,4,24,9,0,6,504.972857142857,628.8706666666666,1155.4285714285713,0.0,0.0,0.0,0.0,0.0,0.0,0.0,0.0,0.0,0.0,0.0,0.0,0.0,16553.82,16445.0,1.0066172088780785,0.0,0.0,0.0,0.0,0.0,0.0
real_ramya_user,2021-09-25,0.0,0.0,0.0,0.0,0.0,5,25,9,1,5,504.9728571428571,628.8706666666666,1155.4285714285713,0.0,0.0,0.0,0.0,0.0,0.0,0.0,0.0,0.0,0.0,0.0,0.0,0.0,16553.82,16445.0,1.0066172088780785,0.0,0.0,0.0,0.0,0.0,0.0
real_ramya_user,2021-09-26,0.0,0.0,0.0,0.0,0.0,6,26,9,1,4,72.38999999999994,609.5586666666667,655.4285714285714,0.0,0.0,0.0,0.0,0.0,0.0,0.0,0.0,0.0,0.0,0.0,0.0,0.0,16553.82,16445.0,1.0066172088780785,0.0,0.0,0.0,0.0,0.0,0.0
real_ramya_user,2021-09-27,0.0,0.0,0.0,0.0,0.0,0,27,9,0,3,0.0,609.5586666666667,655.4285714285714,0.0,0.0,0.0,0.0,0.0,0.0,0.0,0.0,0.0,0.0,0.0,0.0,0.0,16553.82,16445.0,1.0066172088780785,0.0,0.0,0.0,0.0,0.0,0.0
real_ramya_user,2021-09-28,530.94,0.0,0.0,0.0,0.0,1,28,9,0,2,75.84857142857138,569.492,0.0,0.0,0.0,0.0,0.0,0.0,0.0,0.0,0.0,0.0,0.0,0.0,0.0,0.0,17084.76,16445.0,1.0389030100334447,0.0,0.0,530.94,0.0,0.0,0.0
real_ramya_user,2021-09-29,0.0,0.0,0.0,0.0,0.0,2,29,9,0,1,75.84857142857138,569.492,0.0,0.0,0.0,0.0,0.0,0.0,0.0,0.0,0.0,0.0,0.0,0.0,0.0,0.0,17084.76,16445.0,1.0389030100334447,0.0,0.0,0.0,0.0,0.0,0.0
real_ramya_user,2021-09-30,0.0,0.0,0.0,0.0,0.0,3,30,9,0,0,75.84857142857138,569.492,0.0,0.0,0.0,0.0,0.0,0.0,0.0,0.0,0.0,0.0,0.0,0.0,0.0,0.0,17084.76,16445.0,1.0389030100334447,0.0,0.0,0.0,0.0,0.0,0.0
real_ramya_user,2021-10-01,437.0,0.0,0.0,0.0,0.0,4,1,10,0,30,138.2771428571428,584.0586666666666,0.0,0.0,0.0,0.0,0.0,0.0,0.0,0.0,0.0,0.0,437.0,0.0,0.0,0.0,437.0,0.0,0.0,0.0,0.0,0.0,0.0,0.0,0.0
real_ramya_user,2021-10-02,0.0,0.0,0.0,0.0,0.0,5,2,10,1,29,138.2771428571428,584.0586666666666,0.0,0.0,0.0,0.0,0.0,0.0,0.0,0.0,0.0,0.0,0.0,0.0,0.0,0.0,437.0,0.0,0.0,0.0,0.0,0.0,0.0,0.0,0.0
real_ramya_user,2021-10-03,0.0,0.0,0.0,0.0,0.0,6,3,10,1,28,138.2771428571428,584.0586666666666,0.0,0.0,0.0,0.0,0.0,0.0,0.0,0.0,0.0,0.0,0.0,0.0,0.0,0.0,437.0,0.0,0.0,0.0,0.0,0.0,0.0,0.0,0.0
real_ramya_user,2021-10-04,0.0,0.0,0.0,0.0,0.0,0,4,10,0,27,138.2771428571428,584.0586666666666,0.0,0.0,0.0,0.0,0.0,0.0,0.0,0.0,0.0,0.0,0.0,0.0,0.0,0.0,437.0,0.0,0.0,0.0,0.0,0.0,0.0,0.0,0.0
real_ramya_user,2021-10-05,0.0,0.0,0.0,0.0,0.0,1,5,10,0,26,62.42857142857137,530.7023333333333,0.0,0.0,0.0,0.0,0.0,0.0,0.0,0.0,0.0,0.0,0.0,0.0,0.0,0.0,437.0,0.0,0.0,0.0,0.0,0.0,0.0,0.0,0.0
real_ramya_user,2021-10-06,0.0,0.0,0.0,0.0,0.0,2,6,10,0,25,62.42857142857137,481.063,0.0,0.0,0.0,0.0,0.0,0.0,0.0,0.0,0.0,0.0,0.0,0.0,0.0,0.0,437.0,0.0,0.0,0.0,0.0,0.0,0.0,0.0,0.0
real_ramya_user,2021-10-07,408.35,0.0,0.0,0.0,0.0,3,7,10,0,24,120.76428571428565,494.67466666666667,0.0,0.0,0.0,0.0,0.0,0.0,0.0,0.0,0.0,0.0,408.35,0.0,0.0,0.0,845.35,0.0,0.0,0.0,0.0,0.0,0.0,0.0,0.0
real_ramya_user,2021-10-08,0.0,4203.0,0.0,0.0,0.0,4,8,10,0,23,58.335714285714225,494.67466666666667,600.4285714285714,0.0,0.0,0.0,0.0,0.0,0.0,0.0,0.0,0.0,0.0,0.0,0.0,0.0,845.35,4203.0,0.20113014513442778,0.0,0.0,0.0,0.0,0.0,0.0
real_ramya_user,2021-10-09,0.0,0.0,0.0,0.0,0.0,5,9,10,1,22,58.335714285714225,418.376,600.4285714285714,0.0,0.0,0.0,0.0,0.0,0.0,0.0,0.0,0.0,0.0,0.0,0.0,0.0,845.35,4203.0,0.20113014513442778,0.0,0.0,0.0,0.0,0.0,0.0
real_ramya_user,2021-10-10,0.0,0.0,0.0,0.0,0.0,6,10,10,1,21,58.335714285714225,389.479,600.4285714285714,0.0,0.0,0.0,0.0,0.0,0.0,0.0,0.0,0.0,0.0,0.0,0.0,0.0,845.35,4203.0,0.20113014513442778,0.0,0.0,0.0,0.0,0.0,0.0
real_ramya_user,2021-10-11,0.0,0.0,0.0,0.0,0.0,0,11,10,0,20,58.335714285714225,266.9173333333334,600.4285714285714,0.0,0.0,0.0,0.0,0.0,0.0,0.0,0.0,0.0,0.0,0.0,0.0,0.0,845.35,4203.0,0.20113014513442778,0.0,0.0,0.0,0.0,0.0,0.0
real_ramya_user,2021-10-12,0.0,0.0,0.0,0.0,0.0,1,12,10,0,19,58.335714285714225,266.9173333333334,600.4285714285714,0.0,0.0,0.0,0.0,0.0,0.0,0.0,0.0,0.0,0.0,0.0,0.0,0.0,845.35,4203.0,0.20113014513442778,0.0,0.0,0.0,0.0,0.0,0.0
real_ramya_user,2021-10-13,3122.75,1219.0,0.0,0.0,0.0,2,13,10,0,18,504.44285714285706,371.009,774.5714285714286,0.0,0.0,0.0,0.0,0.0,0.0,0.0,0.0,0.0,0.0,0.0,0.0,0.0,3968.1,5422.0,0.7318517152342309,0.0,1339.0,0.0,0.0,1783.75,0.0
real_ramya_user,2021-10-14,0.0,0.0,0.0,0.0,0.0,3,14,10,0,17,446.1071428571428,371.009,774.5714285714286,0.0,0.0,0.0,0.0,0.0,0.0,0.0,0.0,0.0,0.0,0.0,0.0,0.0,3968.1,5422.0,0.7318517152342309,0.0,0.0,0.0,0.0,0.0,0.0
real_ramya_user,2021-10-15,0.0,0.0,0.0,0.0,0.0,4,15,10,0,16,446.1071428571428,371.009,174.14285714285714,0.0,0.0,0.0,0.0,0.0,0.0,0.0,0.0,0.0,0.0,0.0,0.0,0.0,3968.1,5422.0,0.7318517152342309,0.0,0.0,0.0,0.0,0.0,0.0
real_ramya_user,2021-10-16,1589.46,0.0,0.0,0.0,0.0,5,16,10,1,15,673.172857142857,384.312,174.14285714285714,0.0,0.0,0.0,0.0,0.0,0.0,0.0,0.0,0.0,0.0,0.0,0.0,0.0,5557.5599999999995,5422.0,1.0250018443378826,0.0,0.0,0.0,0.0,0.0,1589.46
real_ramya_user,2021-10-17,0.0,0.0,0.0,0.0,0.0,6,17,10,1,14,673.172857142857,320.777,174.14285714285714,0.0,0.0,0.0,0.0,0.0,0.0,0.0,0.0,0.0,0.0,0.0,0.0,0.0,5557.5599999999995,5422.0,1.0250018443378826,0.0,0.0,0.0,0.0,0.0,0.0
real_ramya_user,2021-10-18,0.0,0.0,0.0,0.0,0.0,0,18,10,0,13,673.172857142857,320.777,174.14285714285714,0.0,0.0,0.0,0.0,0.0,0.0,0.0,0.0,0.0,0.0,0.0,0.0,0.0,5557.5599999999995,5422.0,1.0250018443378826,0.0,0.0,0.0,0.0,0.0,0.0
real_ramya_user,2021-10-19,0.0,0.0,0.0,0.0,0.0,1,19,10,0,12,673.172857142857,219.84099999999998,174.14285714285714,0.0,0.0,0.0,0.0,0.0,0.0,0.0,0.0,0.0,0.0,0.0,0.0,0.0,5557.5599999999995,5422.0,1.0250018443378826,0.0,0.0,0.0,0.0,0.0,0.0
real_ramya_user,2021-10-20,1970.41,0.0,0.0,0.0,0.0,2,20,10,0,11,508.55285714285714,268.63033333333334,0.0,0.0,0.0,0.0,0.0,0.0,0.0,0.0,0.0,0.0,0.0,0.0,0.0,0.0,7527.97,5422.0,1.3884120250829952,0.0,0.0,1970.41,0.0,0.0,0.0
real_ramya_user,2021-10-21,1582.84,0.0,0.0,0.0,0.0,3,21,10,0,10,734.672857142857,321.39166666666665,0.0,0.0,0.0,0.0,0.0,0.0,0.0,0.0,0.0,0.0,0.0,0.0,0.0,0.0,9110.81,5422.0,1.6803412025082993,1582.84,0.0,0.0,0.0,0.0,0.0
real_ramya_user,2021-10-22,0.0,4328.0,0.0,0.0,0.0,4,22,10,0,9,734.672857142857,321.39166666666665,618.2857142857143,0.0,0.0,0.0,0.0,0.0,0.0,0.0,0.0,0.0,0.0,0.0,0.0,0.0,9110.81,9750.0,0.9344420512820513,0.0,0.0,0.0,0.0,0.0,0.0
real_ramya_user,2021-10-23,0.0,0.0,0.0,0.0,0.0,5,23,10,1,8,507.6071428571428,321.39166666666665,618.2857142857143,0.0,0.0,0.0,0.0,0.0,0.0,0.0,0.0,0.0,0.0,0.0,0.0,0.0,9110.81,9750.0,0.9344420512820513,0.0,0.0,0.0,0.0,0.0,0.0
real_ramya_user,2021-10-24,1227.78,3761.0,0.0,0.0,0.0,6,24,10,1,7,683.0042857142856,362.31766666666664,1155.5714285714287,0.0,0.0,0.0,0.0,0.0,0.0,0.0,0.0,0.0,0.0,0.0,0.0,0.0,10338.59,13511.0,0.7651979868255495,0.0,0.0,0.0,0.0,0.0,1227.78
real_ramya_user,2021-10-25,0.0,0.0,0.0,0.0,0.0,0,25,10,0,6,683.0042857142856,362.31766666666664,1155.5714285714287,0.0,0.0,0.0,0.0,0.0,0.0,0.0,0.0,0.0,0.0,0.0,0.0,0.0,10338.59,13511.0,0.7651979868255495,0.0,0.0,0.0,0.0,0.0,0.0
real_ramya_user,2021-10-26,0.0,0.0,0.0,0.0,0.0,1,26,10,0,5,683.0042857142856,362.31766666666664,1155.5714285714287,0.0,0.0,0.0,0.0,0.0,0.0,0.0,0.0,0.0,0.0,0.0,0.0,0.0,10338.59,13511.0,0.7651979868255495,0.0,0.0,0.0,0.0,0.0,0.0
real_ramya_user,2021-10-27,1315.5300000000002,0.0,0.0,0.0,0.0,2,27,10,0,4,589.4499999999999,406.16866666666664,1155.5714285714287,0.0,0.0,0.0,0.0,0.0,0.0,0.0,0.0,0.0,1056.13,0.0,0.0,0.0,11654.12,13511.0,0.8625653171489898,0.0,0.0,259.4,0.0,0.0,0.0
real_ramya_user,2021-10-28,0.0,0.0,0.0,0.0,0.0,3,28,10,0,3,363.3299999999999,388.47066666666666,1155.5714285714287,0.0,0.0,0.0,0.0,0.0,0.0,0.0,0.0,0.0,0.0,0.0,0.0,0.0,11654.12,13511.0,0.8625653171489898,0.0,0.0,0.0,0.0,0.0,0.0
real_ramya_user,2021-10-29,0.0,0.0,0.0,0.0,0.0,4,29,10,0,2,363.3299999999999,388.47066666666666,537.2857142857143,0.0,0.0,0.0,0.0,0.0,0.0,0.0,0.0,0.0,0.0,0.0,0.0,0.0,11654.12,13511.0,0.8625653171489898,0.0,0.0,0.0,0.0,0.0,0.0
real_ramya_user,2021-10-30,905.45,0.0,0.0,0.0,0.0,5,30,10,1,1,492.67999999999995,418.65233333333333,537.2857142857143,0.0,0.0,0.0,0.0,0.0,0.0,0.0,0.0,0.0,0.0,0.0,0.0,0.0,12559.57,13511.0,0.9295810820812671,0.0,0.0,905.45,0.0,0.0,0.0
real_ramya_user,2021-10-31,0.0,0.0,0.0,0.0,0.0,6,31,10,1,0,317.2828571428571,404.08566666666667,0.0,0.0,0.0,0.0,0.0,0.0,0.0,0.0,0.0,0.0,0.0,0.0,0.0,0.0,12559.57,13511.0,0.9295810820812671,0.0,0.0,0.0,0.0,0.0,0.0
real_ramya_user,2021-11-01,0.0,0.0,0.0,0.0,0.0,0,1,11,0,29,317.2828571428571,404.08566666666667,0.0,0.0,0.0,0.0,0.0,0.0,0.0,0.0,0.0,0.0,0.0,0.0,0.0,0.0,0.0,0.0,0.0,0.0,0.0,0.0,0.0,0.0,0.0
real_ramya_user,2021-11-02,0.0,0.0,0.0,0.0,0.0,1,2,11,0,28,317.2828571428571,404.08566666666667,0.0,0.0,0.0,0.0,0.0,0.0,0.0,0.0,0.0,0.0,0.0,0.0,0.0,0.0,0.0,0.0,0.0,0.0,0.0,0.0,0.0,0.0,0.0
real_ramya_user,2021-11-03,265.39,0.0,0.0,0.0,0.0,2,3,11,0,27,167.2628571428571,412.93199999999996,0.0,0.0,0.0,0.0,0.0,0.0,0.0,0.0,0.0,0.0,0.0,0.0,0.0,0.0,265.39,0.0,0.0,0.0,265.39,0.0,0.0,0.0,0.0
real_ramya_user,2021-11-04,1537.89,0.0,0.0,0.0,0.0,3,4,11,0,26,386.9614285714285,464.19499999999994,0.0,0.0,0.0,0.0,0.0,0.0,0.0,0.0,0.0,0.0,0.0,0.0,0.0,0.0,1803.2800000000002,0.0,0.0,0.0,0.0,0.0,0.0,0.0,1537.89
real_ramya_user,2021-11-05,337.67,1517.0,0.0,0.0,0.0,4,5,11,0,25,435.19999999999993,475.4506666666666,216.71428571428572,0.0,0.0,0.0,0.0,0.0,0.0,0.0,0.0,0.0,0.0,0.0,0.0,0.0,2140.95,1517.0,1.411305207646671,0.0,0.0,0.0,0.0,337.67,0.0
real_ramya_user,2021-11-06,698.59,0.0,0.0,0.0,0.0,5,6,11,1,24,405.6485714285714,485.12533333333334,216.71428571428572,0.0,0.0,0.0,0.0,0.0,0.0,0.0,0.0,0.0,0.0,0.0,0.0,0.0,2839.54,1517.0,1.8718127883981541,698.59,0.0,0.0,0.0,0.0,0.0
real_ramya_user,2021-11-07,1693.41,0.0,0.0,0.0,0.0,6,7,11,1,23,647.5642857142857,541.5723333333334,216.71428571428572,0.0,0.0,0.0,0.0,0.0,0.0,0.0,0.0,0.0,0.0,0.0,0.0,0.0,4532.95,1517.0,2.9881015161502966,0.0,0.0,0.0,0.0,1693.41,0.0
real_ramya_user,2021-11-08,0.0,0.0,0.0,0.0,0.0,0,8,11,0,22,647.5642857142857,541.5723333333334,216.71428571428572,0.0,0.0,0.0,0.0,0.0,0.0,0.0,0.0,0.0,0.0,0.0,0.0,0.0,4532.95,1517.0,2.9881015161502966,0.0,0.0,0.0,0.0,0.0,0.0
real_ramya_user,2021-11-09,0.0,0.0,0.0,0.0,0.0,1,9,11,0,21,647.5642857142857,541.5723333333334,216.71428571428572,0.0,0.0,0.0,0.0,0.0,0.0,0.0,0.0,0.0,0.0,0.0,0.0,0.0,4532.95,1517.0,2.9881015161502966,0.0,0.0,0.0,0.0,0.0,0.0
real_ramya_user,2021-11-10,259.09,0.0,0.0,0.0,0.0,2,10,11,0,20,646.6642857142857,550.2086666666668,216.71428571428572,0.0,0.0,0.0,0.0,0.0,0.0,0.0,0.0,0.0,0.0,0.0,0.0,0.0,4792.04,1517.0,3.158892551087673,0.0,0.0,0.0,0.0,259.09,0.0
real_ramya_user,2021-11-11,0.0,0.0,0.0,0.0,0.0,3,11,11,0,19,426.9657142857142,550.2086666666668,216.71428571428572,0.0,0.0,0.0,0.0,0.0,0.0,0.0,0.0,0.0,0.0,0.0,0.0,0.0,4792.04,1517.0,3.158892551087673,0.0,0.0,0.0,0.0,0.0,0.0
real_ramya_user,2021-11-12,0.0,0.0,0.0,0.0,0.0,4,12,11,0,18,378.72714285714284,446.117,0.0,0.0,0.0,0.0,0.0,0.0,0.0,0.0,0.0,0.0,0.0,0.0,0.0,0.0,4792.04,1517.0,3.158892551087673,0.0,0.0,0.0,0.0,0.0,0.0
real_ramya_user,2021-11-13,0.0,0.0,0.0,0.0,0.0,5,13,11,1,17,278.9285714285714,446.117,0.0,0.0,0.0,0.0,0.0,0.0,0.0,0.0,0.0,0.0,0.0,0.0,0.0,0.0,4792.04,1517.0,3.158892551087673,0.0,0.0,0.0,0.0,0.0,0.0
real_ramya_user,2021-11-14,0.0,0.0,0.0,0.0,0.0,6,14,11,1,16,37.01285714285707,446.117,0.0,0.0,0.0,0.0,0.0,0.0,0.0,0.0,0.0,0.0,0.0,0.0,0.0,0.0,4792.04,1517.0,3.158892551087673,0.0,0.0,0.0,0.0,0.0,0.0
real_ramya_user,2021-11-15,1010.12,0.0,0.0,0.0,0.0,0,15,11,0,15,181.31571428571422,426.8056666666667,0.0,0.0,0.0,0.0,0.0,0.0,0.0,0.0,0.0,0.0,0.0,0.0,0.0,0.0,5802.16,1517.0,3.8247593935398814,0.0,0.0,1010.12,0.0,0.0,0.0
real_ramya_user,2021-11-16,0.0,1902.0,0.0,0.0,0.0,1,16,11,0,14,181.31571428571422,426.8056666666667,271.7142857142857,0.0,0.0,0.0,0.0,0.0,0.0,0.0,0.0,0.0,0.0,0.0,0.0,0.0,5802.16,3419.0,1.6970342205323194,0.0,0.0,0.0,0.0,0.0,0.0
real_ramya_user,2021-11-17,1686.63,0.0,0.0,0.0,0.0,2,17,11,0,13,385.25,483.02666666666664,271.7142857142857,0.0,0.0,0.0,0.0,0.0,0.0,0.0,0.0,0.0,0.0,0.0,0.0,0.0,7488.79,3419.0,2.190345130155016,0.0,1686.63,0.0,0.0,0.0,0.0
real_ramya_user,2021-11-18,1477.38,0.0,0.0,0.0,0.0,3,18,11,0,12,596.3042857142857,532.2726666666666,271.7142857142857,0.0,0.0,0.0,171.63,0.0,0.0,0.0,0.0,0.0,0.0,0.0,0.0,0.0,8966.17,3419.0,2.6224539338988007,0.0,0.0,0.0,0.0,1305.75,0.0
real_ramya_user,2021-11-19,1240.04,0.0,0.0,0.0,0.0,4,19,11,0,11,773.4528571428572,507.927,271.7142857142857,0.0,0.0,0.0,0.0,0.0,0.0,0.0,0.0,0.0,0.0,0.0,0.0,0.0,10206.210000000001,3419.0,2.9851447791751977,0.0,0.0,0.0,1240.04,0.0,0.0
real_ramya_user,2021-11-20,0.0,0.0,0.0,0.0,0.0,5,20,11,1,10,773.4528571428572,455.1656666666667,271.7142857142857,0.0,0.0,0.0,0.0,0.0,0.0,0.0,0.0,0.0,0.0,0.0,0.0,0.0,10206.210000000001,3419.0,2.9851447791751977,0.0,0.0,0.0,0.0,0.0,0.0
real_ramya_user,2021-11-21,601.89,4768.0,0.0,0.0,0.0,6,21,11,1,9,859.4371428571428,475.2286666666667,952.8571428571429,0.0,0.0,0.0,0.0,0.0,0.0,0.0,0.0,0.0,0.0,0.0,0.0,0.0,10808.1,8187.0,1.3201539025283988,0.0,0.0,0.0,601.89,0.0,0.0
real_ramya_user,2021-11-22,0.0,0.0,0.0,0.0,0.0,0,22,11,0,8,715.1342857142856,475.2286666666667,952.8571428571429,0.0,0.0,0.0,0.0,0.0,0.0,0.0,0.0,0.0,0.0,0.0,0.0,0.0,10808.1,8187.0,1.3201539025283988,0.0,0.0,0.0,0.0,0.0,0.0
real_ramya_user,2021-11-23,934.24,0.0,0.0,0.0,0.0,1,23,11,0,7,848.5971428571429,465.4440000000001,681.1428571428571,0.0,0.0,0.0,0.0,0.0,0.0,0.0,0.0,0.0,934.24,0.0,0.0,0.0,11742.34,8187.0,1.4342665200928302,0.0,0.0,0.0,0.0,0.0,0.0
real_ramya_user,2021-11-24,0.0,0.0,0.0,0.0,0.0,2,24,11,0,6,607.65,465.4440000000001,681.1428571428571,0.0,0.0,0.0,0.0,0.0,0.0,0.0,0.0,0.0,0.0,0.0,0.0,0.0,11742.34,8187.0,1.4342665200928302,0.0,0.0,0.0,0.0,0.0,0.0
real_ramya_user,2021-11-25,0.0,0.0,0.0,0.0,0.0,3,25,11,0,5,396.5957142857142,465.4440000000001,681.1428571428571,0.0,0.0,0.0,0.0,0.0,0.0,0.0,0.0,0.0,0.0,0.0,0.0,0.0,11742.34,8187.0,1.4342665200928302,0.0,0.0,0.0,0.0,0.0,0.0
real_ramya_user,2021-11-26,632.04,0.0,0.0,0.0,0.0,4,26,11,0,4,309.7385714285714,442.661,681.1428571428571,0.0,0.0,0.0,0.0,0.0,0.0,0.0,0.0,0.0,0.0,0.0,0.0,0.0,12374.380000000001,8187.0,1.51146695981434,0.0,0.0,0.0,0.0,0.0,632.04
real_ramya_user,2021-11-27,1950.99,0.0,0.0,0.0,0.0,5,27,11,1,3,588.4514285714286,507.694,681.1428571428571,0.0,0.0,0.0,0.0,0.0,0.0,0.0,0.0,0.0,0.0,0.0,0.0,0.0,14325.37,8187.0,1.74977036765604,0.0,1950.99,0.0,0.0,0.0,0.0
real_ramya_user,2021-11-28,0.0,4718.0,0.0,0.0,0.0,6,28,11,1,2,502.4671428571428,507.694,674.0,0.0,0.0,0.0,0.0,0.0,0.0,0.0,0.0,0.0,0.0,0.0,0.0,0.0,14325.37,12905.0,1.1100635412630764,0.0,0.0,0.0,0.0,0.0,0.0
real_ramya_user,2021-11-29,0.0,0.0,0.0,0.0,0.0,0,29,11,0,1,502.4671428571428,477.5123333333333,674.0,0.0,0.0,0.0,0.0,0.0,0.0,0.0,0.0,0.0,0.0,0.0,0.0,0.0,14325.37,12905.0,1.1100635412630764,0.0,0.0,0.0,0.0,0.0,0.0
real_ramya_user,2021-11-30,0.0,0.0,0.0,0.0,0.0,1,30,11,0,0,369.00428571428563,477.5123333333333,674.0,0.0,0.0,0.0,0.0,0.0,0.0,0.0,0.0,0.0,0.0,0.0,0.0,0.0,14325.37,12905.0,1.1100635412630764,0.0,0.0,0.0,0.0,0.0,0.0
real_ramya_user,2021-12-01,491.06,0.0,0.0,0.0,0.0,2,1,12,0,30,439.15571428571417,493.88100000000003,674.0,0.0,0.0,0.0,0.0,0.0,0.0,0.0,0.0,0.0,0.0,0.0,0.0,0.0,491.06,0.0,0.0,0.0,491.06,0.0,0.0,0.0,0.0
real_ramya_user,2021-12-02,0.0,2530.0,0.0,0.0,0.0,3,2,12,0,29,439.15571428571417,493.88100000000003,1035.4285714285713,0.0,0.0,0.0,0.0,0.0,0.0,0.0,0.0,0.0,0.0,0.0,0.0,0.0,491.06,2530.0,0.19409486166007905,0.0,0.0,0.0,0.0,0.0,0.0
real_ramya_user,2021-12-03,504.06,2877.0,0.0,0.0,0.0,4,3,12,0,28,420.872857142857,501.8366666666667,1446.4285714285713,0.0,0.0,0.0,0.0,0.0,0.0,0.0,0.0,0.0,0.0,0.0,0.0,0.0,995.12,5407.0,0.184042907342334,0.0,0.0,0.0,504.06,0.0,0.0
real_ramya_user,2021-12-04,0.0,0.0,0.0,0.0,0.0,5,4,12,1,27,142.15999999999994,450.5736666666666,1446.4285714285713,0.0,0.0,0.0,0.0,0.0,0.0,0.0,0.0,0.0,0.0,0.0,0.0,0.0,995.12,5407.0,0.184042907342334,0.0,0.0,0.0,0.0,0.0,0.0
real_ramya_user,2021-12-05,0.0,0.0,0.0,0.0,0.0,6,5,12,1,26,142.15999999999994,439.31800000000004,772.4285714285714,0.0,0.0,0.0,0.0,0.0,0.0,0.0,0.0,0.0,0.0,0.0,0.0,0.0,995.12,5407.0,0.184042907342334,0.0,0.0,0.0,0.0,0.0,0.0
real_ramya_user,2021-12-06,0.0,0.0,0.0,0.0,0.0,0,6,12,0,25,142.15999999999994,416.0316666666667,772.4285714285714,0.0,0.0,0.0,0.0,0.0,0.0,0.0,0.0,0.0,0.0,0.0,0.0,0.0,995.12,5407.0,0.184042907342334,0.0,0.0,0.0,0.0,0.0,0.0
real_ramya_user,2021-12-07,0.0,0.0,0.0,0.0,0.0,1,7,12,0,24,142.15999999999994,359.5846666666667,772.4285714285714,0.0,0.0,0.0,0.0,0.0,0.0,0.0,0.0,0.0,0.0,0.0,0.0,0.0,995.12,5407.0,0.184042907342334,0.0,0.0,0.0,0.0,0.0,0.0
real_ramya_user,2021-12-08,1628.82,0.0,0.0,0.0,0.0,2,8,12,0,23,304.6971428571428,413.8786666666667,772.4285714285714,0.0,0.0,0.0,0.0,0.0,0.0,0.0,0.0,0.0,0.0,0.0,0.0,0.0,2623.94,5407.0,0.4852857407064916,0.0,0.0,0.0,0.0,0.0,1628.82
real_ramya_user,2021-12-09,387.77,4585.0,0.0,0.0,0.0,3,9,12,0,22,360.0928571428571,426.8043333333334,1066.0,0.0,0.0,0.0,0.0,0.0,0.0,0.0,0.0,0.0,0.0,0.0,0.0,0.0,3011.71,9992.0,0.301412129703763,0.0,387.77,0.0,0.0,0.0,0.0
real_ramya_user,2021-12-10,0.0,0.0,0.0,0.0,0.0,4,10,12,0,21,288.0842857142856,418.168,655.0,0.0,0.0,0.0,0.0,0.0,0.0,0.0,0.0,0.0,0.0,0.0,0.0,0.0,3011.71,9992.0,0.301412129703763,0.0,0.0,0.0,0.0,0.0,0.0
real_ramya_user,2021-12-11,56.12,0.0,0.0,0.0,0.0,5,11,12,1,20,296.1014285714285,420.0386666666667,655.0,0.0,0.0,0.0,0.0,0.0,0.0,0.0,0.0,0.0,56.12,0.0,0.0,0.0,3067.83,9992.0,0.30702862289831867,0.0,0.0,0.0,0.0,0.0,0.0
real_ramya_user,2021-12-12,1933.71,0.0,0.0,0.0,0.0,6,12,12,1,19,572.3457142857142,484.4956666666667,655.0,0.0,0.0,0.0,0.0,0.0,0.0,0.0,0.0,0.0,1933.71,0.0,0.0,0.0,5001.54,9992.0,0.5005544435548439,0.0,0.0,0.0,0.0,0.0,0.0
real_ramya_user,2021-12-13,685.47,0.0,0.0,0.0,0.0,0,13,12,0,18,670.2699999999999,507.3446666666667,655.0,0.0,0.0,0.0,0.0,0.0,0.0,0.0,0.0,0.0,578.64,0.0,0.0,0.0,5687.01,9992.0,0.5691563250600481,0.0,106.83,0.0,0.0,0.0,0.0
real_ramya_user,2021-12-14,0.0,0.0,0.0,0.0,0.0,1,14,12,0,17,670.2699999999999,507.3446666666667,655.0,0.0,0.0,0.0,0.0,0.0,0.0,0.0,0.0,0.0,0.0,0.0,0.0,0.0,5687.01,9992.0,0.5691563250600481,0.0,0.0,0.0,0.0,0.0,0.0
real_ramya_user,2021-12-15,0.0,7526.0,0.0,0.0,0.0,2,15,12,0,16,437.58142857142855,473.674,1730.142857142857,0.0,0.0,0.0,0.0,0.0,0.0,0.0,0.0,0.0,0.0,0.0,0.0,0.0,5687.01,17518.0,0.32463808653955933,0.0,0.0,0.0,0.0,0.0,0.0
real_ramya_user,2021-12-16,100.03,0.0,0.0,0.0,0.0,3,16,12,0,15,396.4757142857142,477.0083333333333,1075.142857142857,0.0,0.0,0.0,0.0,0.0,0.0,0.0,0.0,0.0,0.0,0.0,0.0,0.0,5787.04,17518.0,0.3303482132663546,0.0,100.03,0.0,0.0,0.0,0.0
real_ramya_user,2021-12-17,0.0,0.0,0.0,0.0,0.0,4,17,12,0,14,396.4757142857143,420.7873333333333,1075.142857142857,0.0,0.0,0.0,0.0,0.0,0.0,0.0,0.0,0.0,0.0,0.0,0.0,0.0,5787.04,17518.0,0.3303482132663546,0.0,0.0,0.0,0.0,0.0,0.0
real_ramya_user,2021-12-18,0.0,0.0,0.0,0.0,0.0,5,18,12,1,13,388.45857142857136,371.54133333333334,1075.142857142857,0.0,0.0,0.0,0.0,0.0,0.0,0.0,0.0,0.0,0.0,0.0,0.0,0.0,5787.04,17518.0,0.3303482132663546,0.0,0.0,0.0,0.0,0.0,0.0
real_ramya_user,2021-12-19,0.0,3469.0,0.0,0.0,0.0,6,19,12,1,12,112.21428571428565,330.2066666666667,1570.7142857142858,0.0,0.0,0.0,0.0,0.0,0.0,0.0,0.0,0.0,0.0,0.0,0.0,0.0,5787.04,20987.0,0.2757440320198218,0.0,0.0,0.0,0.0,0.0,0.0
real_ramya_user,2021-12-20,2431.2,0.0,0.0,0.0,0.0,0,20,12,0,11,361.60428571428565,411.2466666666667,1570.7142857142858,0.0,0.0,0.0,0.0,0.0,0.0,0.0,0.0,0.0,0.0,0.0,0.0,0.0,8218.24,20987.0,0.39158717301186446,0.0,0.0,778.83,0.0,1652.37,0.0
real_ramya_user,2021-12-21,0.0,0.0,0.0,0.0,0.0,1,21,12,0,10,361.60428571428565,391.1836666666666,1570.7142857142858,0.0,0.0,0.0,0.0,0.0,0.0,0.0,0.0,0.0,0.0,0.0,0.0,0.0,8218.24,20987.0,0.39158717301186446,0.0,0.0,0.0,0.0,0.0,0.0
real_ramya_user,2021-12-22,0.0,0.0,0.0,0.0,0.0,2,22,12,0,9,361.60428571428565,391.1836666666666,495.57142857142856,0.0,0.0,0.0,0.0,0.0,0.0,0.0,0.0,0.0,0.0,0.0,0.0,0.0,8218.24,20987.0,0.39158717301186446,0.0,0.0,0.0,0.0,0.0,0.0
real_ramya_user,2021-12-23,266.04,0.0,0.0,0.0,0.0,3,23,12,0,8,385.3199999999999,368.9103333333333,495.57142857142856,0.0,0.0,0.0,0.0,0.0,0.0,0.0,0.0,0.0,0.0,0.0,0.0,0.0,8484.28,20987.0,0.40426359174727217,0.0,0.0,266.04,0.0,0.0,0.0
real_ramya_user,2021-12-24,0.0,3277.0,0.0,0.0,0.0,4,24,12,0,7,385.3199999999999,368.9103333333333,963.7142857142857,0.0,0.0,0.0,0.0,0.0,0.0,0.0,0.0,0.0,0.0,0.0,0.0,0.0,8484.28,24264.0,0.349665347840422,0.0,0.0,0.0,0.0,0.0,0.0
real_ramya_user,2021-12-25,0.0,0.0,0.0,0.0,0.0,5,25,12,1,6,385.3199999999999,368.9103333333333,963.7142857142857,0.0,0.0,0.0,0.0,0.0,0.0,0.0,0.0,0.0,0.0,0.0,0.0,0.0,8484.28,24264.0,0.349665347840422,0.0,0.0,0.0,0.0,0.0,0.0
real_ramya_user,2021-12-26,1512.38,0.0,0.0,0.0,0.0,6,26,12,1,5,601.3742857142855,398.25500000000005,468.14285714285717,0.0,0.0,0.0,0.0,0.0,0.0,0.0,0.0,0.0,0.0,0.0,0.0,0.0,9996.66,24264.0,0.4119955489614243,0.0,1512.38,0.0,0.0,0.0,0.0
real_ramya_user,2021-12-27,0.0,0.0,0.0,0.0,0.0,0,27,12,0,4,254.05999999999995,333.222,468.14285714285717,0.0,0.0,0.0,0.0,0.0,0.0,0.0,0.0,0.0,0.0,0.0,0.0,0.0,9996.66,24264.0,0.4119955489614243,0.0,0.0,0.0,0.0,0.0,0.0
real_ramya_user,2021-12-28,0.0,4596.0,0.0,0.0,0.0,1,28,12,0,3,254.05999999999995,333.222,1124.7142857142858,0.0,0.0,0.0,0.0,0.0,0.0,0.0,0.0,0.0,0.0,0.0,0.0,0.0,9996.66,28860.0,0.3463846153846154,0.0,0.0,0.0,0.0,0.0,0.0
real_ramya_user,2021-12-29,0.0,0.0,0.0,0.0,0.0,2,29,12,0,2,254.05999999999995,333.222,1124.7142857142858,0.0,0.0,0.0,0.0,0.0,0.0,0.0,0.0,0.0,0.0,0.0,0.0,0.0,9996.66,28860.0,0.3463846153846154,0.0,0.0,0.0,0.0,0.0,0.0
real_ramya_user,2021-12-30,0.0,0.0,0.0,0.0,0.0,3,30,12,0,1,216.05428571428567,333.222,1124.7142857142858,0.0,0.0,0.0,0.0,0.0,0.0,0.0,0.0,0.0,0.0,0.0,0.0,0.0,9996.66,28860.0,0.3463846153846154,0.0,0.0,0.0,0.0,0.0,0.0
real_ramya_user,2021-12-31,0.0,1622.0,0.0,0.0,0.0,4,31,12,0,0,216.05428571428567,316.8533333333333,888.2857142857143,0.0,0.0,0.0,0.0,0.0,0.0,0.0,0.0,0.0,0.0,0.0,0.0,0.0,9996.66,30482.0,0.32795289023029983,0.0,0.0,0.0,0.0,0.0,0.0
real_ramya_user,2022-01-01,1043.47,0.0,0.0,0.0,0.0,5,1,1,1,30,365.1214285714285,351.6356666666667,888.2857142857143,0.0,0.0,0.0,0.0,0.0,0.0,0.0,0.0,0.0,1043.47,0.0,0.0,0.0,1043.47,0.0,0.0,0.0,0.0,0.0,0.0,0.0,0.0
real_ramya_user,2022-01-02,0.0,0.0,0.0,0.0,0.0,6,2,1,1,29,149.06714285714278,334.83366666666666,888.2857142857143,0.0,0.0,0.0,0.0,0.0,0.0,0.0,0.0,0.0,0.0,0.0,0.0,0.0,1043.47,0.0,0.0,0.0,0.0,0.0,0.0,0.0,0.0
real_ramya_user,2022-01-03,1524.8899999999999,3186.0,0.0,0.0,0.0,0,3,1,0,28,366.9085714285714,385.6633333333333,1343.4285714285713,0.0,0.0,0.0,0.0,0.0,0.0,0.0,0.0,0.0,0.0,0.0,0.0,0.0,2568.3599999999997,3186.0,0.8061393596986817,0.0,333.38,0.0,0.0,1191.51,0.0
real_ramya_user,2022-01-04,1420.39,0.0,0.0,0.0,0.0,1,4,1,0,27,569.8214285714286,433.0096666666667,686.8571428571429,0.0,0.0,0.0,0.0,0.0,0.0,0.0,0.0,0.0,1420.39,0.0,0.0,0.0,3988.75,3186.0,1.251961707470182,0.0,0.0,0.0,0.0,0.0,0.0
real_ramya_user,2022-01-05,743.03,0.0,0.0,0.0,0.0,2,5,1,0,26,675.9685714285714,457.77733333333333,686.8571428571429,0.0,0.0,0.0,743.03,0.0,0.0,0.0,0.0,0.0,0.0,0.0,0.0,0.0,4731.78,3186.0,1.4851789077212805,0.0,0.0,0.0,0.0,0.0,0.0
real_ramya_user,2022-01-06,1171.57,0.0,0.0,0.0,0.0,3,6,1,0,25,843.3357142857142,496.82966666666664,686.8571428571429,0.0,0.0,0.0,0.0,0.0,0.0,0.0,0.0,0.0,0.0,0.0,0.0,0.0,5903.35,3186.0,1.8529033270558695,0.0,0.0,0.0,1171.57,0.0,0.0
real_ramya_user,2022-01-07,0.0,0.0,0.0,0.0,0.0,4,7,1,0,24,843.3357142857142,442.53566666666666,455.14285714285717,0.0,0.0,0.0,0.0,0.0,0.0,0.0,0.0,0.0,0.0,0.0,0.0,0.0,5903.35,3186.0,1.8529033270558695,0.0,0.0,0.0,0.0,0.0,0.0
real_ramya_user,2022-01-08,1197.85,0.0,0.0,0.0,0.0,5,8,1,1,23,865.39,469.5383333333333,455.14285714285717,0.0,0.0,0.0,1197.85,0.0,0.0,0.0,0.0,0.0,0.0,0.0,0.0,0.0,7101.2,3186.0,2.2288763339610798,0.0,0.0,0.0,0.0,0.0,0.0
real_ramya_user,2022-01-09,1445.59,0.0,0.0,0.0,0.0,6,9,1,1,22,1071.9028571428569,517.7246666666666,455.14285714285717,0.0,0.0,0.0,0.0,0.0,0.0,0.0,0.0,0.0,0.0,0.0,0.0,0.0,8546.789999999999,3186.0,2.682608286252354,1445.59,0.0,0.0,0.0,0.0,0.0
real_ramya_user,2022-01-10,0.0,0.0,0.0,0.0,0.0,0,10,1,0,21,854.0614285714285,515.8539999999999,0.0,0.0,0.0,0.0,0.0,0.0,0.0,0.0,0.0,0.0,0.0,0.0,0.0,0.0,8546.789999999999,3186.0,2.682608286252354,0.0,0.0,0.0,0.0,0.0,0.0
real_ramya_user,2022-01-11,0.0,0.0,0.0,0.0,0.0,1,11,1,0,20,651.1485714285712,451.397,0.0,0.0,0.0,0.0,0.0,0.0,0.0,0.0,0.0,0.0,0.0,0.0,0.0,0.0,8546.789999999999,3186.0,2.682608286252354,0.0,0.0,0.0,0.0,0.0,0.0
real_ramya_user,2022-01-12,0.0,0.0,0.0,0.0,0.0,2,12,1,0,19,545.0014285714285,428.548,0.0,0.0,0.0,0.0,0.0,0.0,0.0,0.0,0.0,0.0,0.0,0.0,0.0,0.0,8546.789999999999,3186.0,2.682608286252354,0.0,0.0,0.0,0.0,0.0,0.0
real_ramya_user,2022-01-13,1357.29,0.0,0.0,0.0,0.0,3,13,1,0,18,571.5328571428571,473.791,0.0,0.0,0.0,0.0,0.0,0.0,0.0,0.0,0.0,0.0,0.0,0.0,0.0,0.0,9904.08,3186.0,3.1086252354048964,0.0,0.0,0.0,304.07,0.0,1053.22
real_ramya_user,2022-01-14,1149.41,0.0,0.0,0.0,0.0,4,14,1,0,17,735.7342857142856,512.1046666666666,0.0,0.0,0.0,0.0,1149.41,0.0,0.0,0.0,0.0,0.0,0.0,0.0,0.0,0.0,11053.49,3186.0,3.469394224733208,0.0,0.0,0.0,0.0,0.0,0.0
real_ramya_user,2022-01-15,0.0,0.0,0.0,0.0,0.0,5,15,1,1,16,564.612857142857,508.7703333333333,0.0,0.0,0.0,0.0,0.0,0.0,0.0,0.0,0.0,0.0,0.0,0.0,0.0,0.0,11053.49,3186.0,3.469394224733208,0.0,0.0,0.0,0.0,0.0,0.0
real_ramya_user,2022-01-16,879.48,0.0,0.0,0.0,0.0,6,16,1,1,15,483.73999999999995,538.0863333333333,0.0,0.0,0.0,0.0,0.0,0.0,0.0,0.0,0.0,0.0,0.0,0.0,0.0,0.0,11932.97,3186.0,3.7454394224733205,47.69,0.0,0.0,0.0,0.0,831.79
real_ramya_user,2022-01-17,0.0,0.0,0.0,0.0,0.0,0,17,1,0,14,483.7399999999999,538.0863333333333,0.0,0.0,0.0,0.0,0.0,0.0,0.0,0.0,0.0,0.0,0.0,0.0,0.0,0.0,11932.97,3186.0,3.7454394224733205,0.0,0.0,0.0,0.0,0.0,0.0
real_ramya_user,2022-01-18,3161.4,0.0,0.0,0.0,0.0,1,18,1,0,13,935.3685714285714,643.4663333333333,0.0,0.0,0.0,0.0,1414.49,0.0,0.0,0.0,0.0,0.0,1746.91,0.0,0.0,0.0,15094.369999999999,3186.0,4.737718141870684,0.0,0.0,0.0,0.0,0.0,0.0
real_ramya_user,2022-01-19,0.0,0.0,0.0,0.0,0.0,2,19,1,0,12,935.3685714285714,562.4263333333333,0.0,0.0,0.0,0.0,0.0,0.0,0.0,0.0,0.0,0.0,0.0,0.0,0.0,0.0,15094.369999999999,3186.0,4.737718141870684,0.0,0.0,0.0,0.0,0.0,0.0
real_ramya_user,2022-01-20,0.0,0.0,0.0,0.0,0.0,3,20,1,0,11,741.4699999999999,562.4263333333333,0.0,0.0,0.0,0.0,0.0,0.0,0.0,0.0,0.0,0.0,0.0,0.0,0.0,0.0,15094.369999999999,3186.0,4.737718141870684,0.0,0.0,0.0,0.0,0.0,0.0
real_ramya_user,2022-01-21,2630.63,0.0,0.0,0.0,0.0,4,21,1,0,10,953.0728571428572,650.1139999999999,0.0,0.0,0.0,0.0,0.0,0.0,0.0,0.0,0.0,0.0,0.0,0.0,0.0,0.0,17725.0,3186.0,5.0,0.0,1996.26,0.0,634.37,0.0,0.0
real_ramya_user,2022-01-22,0.0,4975.0,0.0,0.0,0.0,5,22,1,1,9,953.0728571428572,641.2459999999999,710.7142857142857,0.0,0.0,0.0,0.0,0.0,0.0,0.0,0.0,0.0,0.0,0.0,0.0,0.0,17725.0,8161.0,2.1719152064697953,0.0,0.0,0.0,0.0,0.0,0.0
real_ramya_user,2022-01-23,1224.05,0.0,0.0,0.0,0.0,6,23,1,1,8,1002.2971428571428,682.0476666666666,710.7142857142857,0.0,0.0,0.0,0.0,0.0,0.0,0.0,0.0,0.0,0.0,0.0,0.0,0.0,18949.05,8161.0,2.321902953069477,0.0,0.0,0.0,0.0,1224.05,0.0
real_ramya_user,2022-01-24,0.0,2785.0,0.0,0.0,0.0,0,24,1,0,7,1002.2971428571428,682.0476666666666,1108.5714285714287,0.0,0.0,0.0,0.0,0.0,0.0,0.0,0.0,0.0,0.0,0.0,0.0,0.0,18949.05,10946.0,1.7311392289420793,0.0,0.0,0.0,0.0,0.0,0.0
real_ramya_user,2022-01-25,0.0,0.0,0.0,0.0,0.0,1,25,1,0,6,550.6685714285713,631.635,1108.5714285714287,0.0,0.0,0.0,0.0,0.0,0.0,0.0,0.0,0.0,0.0,0.0,0.0,0.0,18949.05,10946.0,1.7311392289420793,0.0,0.0,0.0,0.0,0.0,0.0
real_ramya_user,2022-01-26,0.0,0.0,0.0,0.0,0.0,2,26,1,0,5,550.6685714285713,631.635,1108.5714285714287,0.0,0.0,0.0,0.0,0.0,0.0,0.0,0.0,0.0,0.0,0.0,0.0,0.0,18949.05,10946.0,1.7311392289420793,0.0,0.0,0.0,0.0,0.0,0.0
real_ramya_user,2022-01-27,0.0,0.0,0.0,0.0,0.0,3,27,1,0,4,550.6685714285713,631.635,1108.5714285714287,0.0,0.0,0.0,0.0,0.0,0.0,0.0,0.0,0.0,0.0,0.0,0.0,0.0,18949.05,10946.0,1.7311392289420793,0.0,0.0,0.0,0.0,0.0,0.0
real_ramya_user,2022-01-28,1883.56,0.0,0.0,0.0,0.0,4,28,1,0,3,443.9442857142857,694.4203333333334,1108.5714285714287,0.0,0.0,0.0,0.0,0.0,0.0,0.0,0.0,0.0,0.0,0.0,0.0,0.0,20832.61,10946.0,1.9032167001644438,1883.56,0.0,0.0,0.0,0.0,0.0
real_ramya_user,2022-01-29,0.0,0.0,0.0,0.0,0.0,5,29,1,1,2,443.9442857142857,694.4203333333334,397.85714285714283,0.0,0.0,0.0,0.0,0.0,0.0,0.0,0.0,0.0,0.0,0.0,0.0,0.0,20832.61,10946.0,1.9032167001644438,0.0,0.0,0.0,0.0,0.0,0.0
real_ramya_user,2022-01-30,0.0,0.0,0.0,0.0,0.0,6,30,1,1,1,269.0799999999999,694.4203333333334,397.85714285714283,0.0,0.0,0.0,0.0,0.0,0.0,0.0,0.0,0.0,0.0,0.0,0.0,0.0,20832.61,10946.0,1.9032167001644438,0.0,0.0,0.0,0.0,0.0,0.0
real_ramya_user,2022-01-31,0.0,0.0,0.0,0.0,0.0,0,31,1,0,0,269.0799999999999,659.638,0.0,0.0,0.0,0.0,0.0,0.0,0.0,0.0,0.0,0.0,0.0,0.0,0.0,0.0,20832.61,10946.0,1.9032167001644438,0.0,0.0,0.0,0.0,0.0,0.0
real_ramya_user,2022-02-01,1412.75,0.0,0.0,0.0,0.0,1,1,2,0,27,470.9014285714285,706.7296666666666,0.0,0.0,0.0,0.0,0.0,0.0,0.0,0.0,0.0,0.0,0.0,0.0,0.0,0.0,1412.75,0.0,0.0,0.0,0.0,0.0,0.0,1412.75,0.0
real_ramya_user,2022-02-02,640.91,0.0,0.0,0.0,0.0,2,2,2,0,26,562.4599999999999,677.2636666666666,0.0,0.0,0.0,0.0,0.0,0.0,0.0,0.0,0.0,0.0,640.91,0.0,0.0,0.0,2053.66,0.0,0.0,0.0,0.0,0.0,0.0,0.0,0.0
real_ramya_user,2022-02-03,0.0,0.0,0.0,0.0,0.0,3,3,2,0,25,562.4599999999999,629.9173333333333,0.0,0.0,0.0,0.0,0.0,0.0,0.0,0.0,0.0,0.0,0.0,0.0,0.0,0.0,2053.66,0.0,0.0,0.0,0.0,0.0,0.0,0.0,0.0
real_ramya_user,2022-02-04,0.0,0.0,0.0,0.0,0.0,4,4,2,0,24,293.37999999999994,605.1496666666666,0.0,0.0,0.0,0.0,0.0,0.0,0.0,0.0,0.0,0.0,0.0,0.0,0.0,0.0,2053.66,0.0,0.0,0.0,0.0,0.0,0.0,0.0,0.0
real_ramya_user,2022-02-05,2375.26,0.0,0.0,0.0,0.0,5,5,2,1,23,632.7028571428572,645.2726666666666,0.0,0.0,0.0,0.0,0.0,0.0,0.0,0.0,0.0,0.0,0.0,0.0,0.0,0.0,4428.92,0.0,0.0,0.0,0.0,0.0,1792.56,582.7,0.0
real_ramya_user,2022-02-06,1909.67,0.0,0.0,0.0,0.0,6,6,2,1,22,905.5128571428571,708.9283333333333,0.0,0.0,0.0,0.0,0.0,0.0,0.0,0.0,0.0,0.0,0.0,0.0,0.0,0.0,6338.59,0.0,0.0,0.0,1909.67,0.0,0.0,0.0,0.0
real_ramya_user,2022-02-07,0.0,0.0,0.0,0.0,0.0,0,7,2,0,21,905.5128571428571,669.0,0.0,0.0,0.0,0.0,0.0,0.0,0.0,0.0,0.0,0.0,0.0,0.0,0.0,0.0,6338.59,0.0,0.0,0.0,0.0,0.0,0.0,0.0,0.0
real_ramya_user,2022-02-08,792.97,0.0,0.0,0.0,0.0,1,8,2,0,20,816.972857142857,647.246,0.0,0.0,0.0,0.0,0.0,0.0,0.0,0.0,0.0,0.0,0.0,0.0,0.0,0.0,7131.56,0.0,0.0,0.0,0.0,699.26,0.0,93.71,0.0
real_ramya_user,2022-02-09,1497.2,0.0,0.0,0.0,0.0,2,9,2,0,19,939.3000000000001,697.1526666666667,0.0,0.0,0.0,0.0,0.0,0.0,0.0,0.0,0.0,0.0,0.0,0.0,0.0,0.0,8628.76,0.0,0.0,0.0,0.0,0.0,0.0,1497.2,0.0
real_ramya_user,2022-02-10,3866.08,0.0,0.0,0.0,0.0,3,10,2,0,18,1491.597142857143,826.022,0.0,0.0,0.0,0.0,0.0,0.0,0.0,0.0,0.0,0.0,0.0,0.0,0.0,0.0,12494.84,0.0,0.0,1772.0,0.0,0.0,0.0,1866.72,227.36
real_ramya_user,2022-02-11,0.0,3205.0,0.0,0.0,0.0,4,11,2,0,17,1491.597142857143,826.022,457.85714285714283,0.0,0.0,0.0,0.0,0.0,0.0,0.0,0.0,0.0,0.0,0.0,0.0,0.0,12494.84,3205.0,3.8985460218408736,0.0,0.0,0.0,0.0,0.0,0.0
real_ramya_user,2022-02-12,0.0,0.0,0.0,0.0,0.0,5,12,2,1,16,1152.2742857142857,780.779,457.85714285714283,0.0,0.0,0.0,0.0,0.0,0.0,0.0,0.0,0.0,0.0,0.0,0.0,0.0,12494.84,3205.0,3.8985460218408736,0.0,0.0,0.0,0.0,0.0,0.0
real_ramya_user,2022-02-13,0.0,0.0,0.0,0.0,0.0,6,13,2,1,15,879.4642857142857,742.4653333333333,457.85714285714283,0.0,0.0,0.0,0.0,0.0,0.0,0.0,0.0,0.0,0.0,0.0,0.0,0.0,12494.84,3205.0,3.8985460218408736,0.0,0.0,0.0,0.0,0.0,0.0
real_ramya_user,2022-02-14,1365.57,0.0,0.0,0.0,0.0,0,14,2,0,14,1074.5457142857142,787.9843333333333,457.85714285714283,0.0,0.0,0.0,0.0,0.0,0.0,0.0,0.0,0.0,0.0,0.0,0.0,0.0,13860.41,3205.0,4.324620904836193,0.0,0.0,1365.57,0.0,0.0,0.0
real_ramya_user,2022-02-15,0.0,0.0,0.0,0.0,0.0,1,15,2,0,13,961.2642857142856,758.6683333333333,457.85714285714283,0.0,0.0,0.0,0.0,0.0,0.0,0.0,0.0,0.0,0.0,0.0,0.0,0.0,13860.41,3205.0,4.324620904836193,0.0,0.0,0.0,0.0,0.0,0.0
real_ramya_user,2022-02-16,0.0,0.0,0.0,0.0,0.0,2,16,2,0,12,747.3785714285714,758.6683333333333,457.85714285714283,0.0,0.0,0.0,0.0,0.0,0.0,0.0,0.0,0.0,0.0,0.0,0.0,0.0,13860.41,3205.0,4.324620904836193,0.0,0.0,0.0,0.0,0.0,0.0
real_ramya_user,2022-02-17,2776.91,6964.0,0.0,0.0,0.0,3,17,2,0,11,591.7828571428571,745.8520000000001,1452.7142857142858,0.0,0.0,0.0,1816.79,0.0,0.0,0.0,0.0,0.0,960.12,0.0,0.0,0.0,16637.32,10169.0,1.636082210640181,0.0,0.0,0.0,0.0,0.0,0.0
real_ramya_user,2022-02-18,0.0,4883.0,0.0,0.0,0.0,4,18,2,0,10,591.7828571428571,745.852,1692.4285714285713,0.0,0.0,0.0,0.0,0.0,0.0,0.0,0.0,0.0,0.0,0.0,0.0,0.0,16637.32,15052.0,1.1053228806803082,0.0,0.0,0.0,0.0,0.0,0.0
real_ramya_user,2022-02-19,0.0,0.0,0.0,0.0,0.0,5,19,2,1,9,591.7828571428571,745.852,1692.4285714285713,0.0,0.0,0.0,0.0,0.0,0.0,0.0,0.0,0.0,0.0,0.0,0.0,0.0,16637.32,15052.0,1.1053228806803082,0.0,0.0,0.0,0.0,0.0,0.0
real_ramya_user,2022-02-20,0.0,0.0,0.0,0.0,0.0,6,20,2,1,8,591.7828571428571,658.1643333333334,1692.4285714285713,0.0,0.0,0.0,0.0,0.0,0.0,0.0,0.0,0.0,0.0,0.0,0.0,0.0,16637.32,15052.0,1.1053228806803082,0.0,0.0,0.0,0.0,0.0,0.0
real_ramya_user,2022-02-21,1827.33,0.0,0.0,0.0,0.0,0,21,2,0,7,657.7485714285714,719.0753333333334,1692.4285714285713,0.0,0.0,0.0,1827.33,0.0,0.0,0.0,0.0,0.0,0.0,0.0,0.0,0.0,18464.65,15052.0,1.2267240233855967,0.0,0.0,0.0,0.0,0.0,0.0
real_ramya_user,2022-02-22,1578.04,797.0,0.0,0.0,0.0,1,22,2,0,6,883.1828571428571,730.875,1806.2857142857142,0.0,0.0,0.0,0.0,0.0,0.0,0.0,0.0,0.0,0.0,0.0,0.0,0.0,20042.69,15849.0,1.2646028140576693,0.0,0.0,0.0,1578.04,0.0,0.0
real_ramya_user,2022-02-23,0.0,0.0,0.0,0.0,0.0,2,23,2,0,5,883.1828571428571,730.875,1806.2857142857142,0.0,0.0,0.0,0.0,0.0,0.0,0.0,0.0,0.0,0.0,0.0,0.0,0.0,20042.69,15849.0,1.2646028140576693,0.0,0.0,0.0,0.0,0.0,0.0
real_ramya_user,2022-02-24,0.0,0.0,0.0,0.0,0.0,3,24,2,0,4,486.4814285714286,730.875,811.4285714285714,0.0,0.0,0.0,0.0,0.0,0.0,0.0,0.0,0.0,0.0,0.0,0.0,0.0,20042.69,15849.0,1.2646028140576693,0.0,0.0,0.0,0.0,0.0,0.0
real_ramya_user,2022-02-25,0.0,806.0,0.0,0.0,0.0,4,25,2,0,3,486.4814285714286,730.875,229.0,0.0,0.0,0.0,0.0,0.0,0.0,0.0,0.0,0.0,0.0,0.0,0.0,0.0,20042.69,16655.0,1.2034037826478534,0.0,0.0,0.0,0.0,0.0,0.0
real_ramya_user,2022-02-26,0.0,0.0,0.0,0.0,0.0,5,26,2,1,2,486.4814285714286,730.875,229.0,0.0,0.0,0.0,0.0,0.0,0.0,0.0,0.0,0.0,0.0,0.0,0.0,0.0,20042.69,16655.0,1.2034037826478534,0.0,0.0,0.0,0.0,0.0,0.0
real_ramya_user,2022-02-27,0.0,3244.0,0.0,0.0,0.0,6,27,2,1,1,486.4814285714286,668.0896666666667,692.4285714285714,0.0,0.0,0.0,0.0,0.0,0.0,0.0,0.0,0.0,0.0,0.0,0.0,0.0,20042.69,19899.0,1.0072209658776823,0.0,0.0,0.0,0.0,0.0,0.0
real_ramya_user,2022-02-28,0.0,0.0,0.0,0.0,0.0,0,28,2,0,0,225.43428571428572,668.0896666666667,692.4285714285714,0.0,0.0,0.0,0.0,0.0,0.0,0.0,0.0,0.0,0.0,0.0,0.0,0.0,20042.69,19899.0,1.0072209658776823,0.0,0.0,0.0,0.0,0.0,0.0
real_ramya_user,2022-03-01,1779.63,0.0,0.0,0.0,0.0,1,1,3,0,30,254.23285714285717,727.4106666666667,578.5714285714286,0.0,0.0,0.0,0.0,0.0,0.0,0.0,0.0,0.0,1779.63,0.0,0.0,0.0,1779.63,0.0,0.0,0.0,0.0,0.0,0.0,0.0,0.0
real_ramya_user,2022-03-02,0.0,2735.0,0.0,0.0,0.0,2,2,3,0,29,254.23285714285717,727.4106666666667,969.2857142857143,0.0,0.0,0.0,0.0,0.0,0.0,0.0,0.0,0.0,0.0,0.0,0.0,0.0,1779.63,2735.0,0.6506873857404022,0.0,0.0,0.0,0.0,0.0,0.0
real_ramya_user,2022-03-03,0.0,0.0,0.0,0.0,0.0,3,3,3,0,28,254.23285714285717,680.319,969.2857142857143,0.0,0.0,0.0,0.0,0.0,0.0,0.0,0.0,0.0,0.0,0.0,0.0,0.0,1779.63,2735.0,0.6506873857404022,0.0,0.0,0.0,0.0,0.0,0.0
real_ramya_user,2022-03-04,0.0,3208.0,0.0,0.0,0.0,4,4,3,0,27,254.23285714285717,658.9553333333333,1312.4285714285713,0.0,0.0,0.0,0.0,0.0,0.0,0.0,0.0,0.0,0.0,0.0,0.0,0.0,1779.63,5943.0,0.29944977284199903,0.0,0.0,0.0,0.0,0.0,0.0
real_ramya_user,2022-03-05,0.0,2607.0,0.0,0.0,0.0,5,5,3,1,26,254.23285714285717,658.9553333333333,1684.857142857143,0.0,0.0,0.0,0.0,0.0,0.0,0.0,0.0,0.0,0.0,0.0,0.0,0.0,1779.63,8550.0,0.20814385964912283,0.0,0.0,0.0,0.0,0.0,0.0
real_ramya_user,2022-03-06,0.0,0.0,0.0,0.0,0.0,6,6,3,1,25,254.23285714285717,658.9553333333333,1221.4285714285713,0.0,0.0,0.0,0.0,0.0,0.0,0.0,0.0,0.0,0.0,0.0,0.0,0.0,1779.63,8550.0,0.20814385964912283,0.0,0.0,0.0,0.0,0.0,0.0
real_ramya_user,2022-03-07,1835.1,0.0,0.0,0.0,0.0,0,7,3,0,24,516.39,640.95,1221.4285714285713,0.0,0.0,0.0,1475.87,0.0,0.0,0.0,0.0,0.0,0.0,0.0,0.0,0.0,3614.73,8550.0,0.42277543859649125,359.23,0.0,0.0,0.0,0.0,0.0
real_ramya_user,2022-03-08,0.0,0.0,0.0,0.0,0.0,1,8,3,0,23,262.15714285714284,577.2943333333334,1221.4285714285713,0.0,0.0,0.0,0.0,0.0,0.0,0.0,0.0,0.0,0.0,0.0,0.0,0.0,3614.73,8550.0,0.42277543859649125,0.0,0.0,0.0,0.0,0.0,0.0
real_ramya_user,2022-03-09,0.0,0.0,0.0,0.0,0.0,2,9,3,0,22,262.15714285714284,577.2943333333334,830.7142857142857,0.0,0.0,0.0,0.0,0.0,0.0,0.0,0.0,0.0,0.0,0.0,0.0,0.0,3614.73,8550.0,0.42277543859649125,0.0,0.0,0.0,0.0,0.0,0.0
real_ramya_user,2022-03-10,0.0,0.0,0.0,0.0,0.0,3,10,3,0,21,262.15714285714284,550.862,830.7142857142857,0.0,0.0,0.0,0.0,0.0,0.0,0.0,0.0,0.0,0.0,0.0,0.0,0.0,3614.73,8550.0,0.42277543859649125,0.0,0.0,0.0,0.0,0.0,0.0
real_ramya_user,2022-03-11,0.0,0.0,0.0,0.0,0.0,4,11,3,0,20,262.15714285714284,500.95533333333333,372.42857142857144,0.0,0.0,0.0,0.0,0.0,0.0,0.0,0.0,0.0,0.0,0.0,0.0,0.0,3614.73,8550.0,0.42277543859649125,0.0,0.0,0.0,0.0,0.0,0.0
real_ramya_user,2022-03-12,1655.71,0.0,0.0,0.0,0.0,5,12,3,1,19,498.6871428571429,427.27633333333335,0.0,0.0,0.0,0.0,0.0,0.0,0.0,0.0,0.0,0.0,0.0,0.0,0.0,0.0,5270.4400000000005,8550.0,0.6164257309941521,0.0,0.0,0.0,1655.71,0.0,0.0
real_ramya_user,2022-03-13,0.0,0.0,0.0,0.0,0.0,6,13,3,1,18,498.6871428571429,427.27633333333335,0.0,0.0,0.0,0.0,0.0,0.0,0.0,0.0,0.0,0.0,0.0,0.0,0.0,0.0,5270.4400000000005,8550.0,0.6164257309941521,0.0,0.0,0.0,0.0,0.0,0.0
real_ramya_user,2022-03-14,807.66,0.0,0.0,0.0,0.0,0,14,3,0,17,351.90999999999997,454.1983333333334,0.0,0.0,0.0,0.0,0.0,0.0,0.0,0.0,0.0,0.0,0.0,0.0,0.0,0.0,6078.1,8550.0,0.7108888888888889,0.0,0.0,807.66,0.0,0.0,0.0
real_ramya_user,2022-03-15,0.0,0.0,0.0,0.0,0.0,1,15,3,0,16,351.90999999999997,454.1983333333334,0.0,0.0,0.0,0.0,0.0,0.0,0.0,0.0,0.0,0.0,0.0,0.0,0.0,0.0,6078.1,8550.0,0.7108888888888889,0.0,0.0,0.0,0.0,0.0,0.0
real_ramya_user,2022-03-16,0.0,0.0,0.0,0.0,0.0,2,16,3,0,15,351.90999999999997,408.6793333333334,0.0,0.0,0.0,0.0,0.0,0.0,0.0,0.0,0.0,0.0,0.0,0.0,0.0,0.0,6078.1,8550.0,0.7108888888888889,0.0,0.0,0.0,0.0,0.0,0.0
real_ramya_user,2022-03-17,23.59,4411.0,0.0,0.0,0.0,3,17,3,0,14,355.28000000000003,409.4656666666667,630.1428571428571,0.0,0.0,0.0,0.0,0.0,0.0,0.0,0.0,0.0,0.0,0.0,0.0,0.0,6101.69,12961.0,0.470773088496258,23.59,0.0,0.0,0.0,0.0,0.0
real_ramya_user,2022-03-18,3989.91,0.0,0.0,0.0,0.0,4,18,3,0,13,925.2671428571429,542.4626666666667,630.1428571428571,0.0,0.0,0.0,0.0,0.0,0.0,0.0,0.0,0.0,1509.98,0.0,0.0,0.0,10091.6,12961.0,0.7786127613610061,0.0,0.0,0.0,0.0,2479.93,0.0
real_ramya_user,2022-03-19,0.0,0.0,0.0,0.0,0.0,5,19,3,1,12,688.7371428571429,449.89900000000006,630.1428571428571,0.0,0.0,0.0,0.0,0.0,0.0,0.0,0.0,0.0,0.0,0.0,0.0,0.0,10091.6,12961.0,0.7786127613610061,0.0,0.0,0.0,0.0,0.0,0.0
real_ramya_user,2022-03-20,2155.67,0.0,0.0,0.0,0.0,6,20,3,1,11,996.6899999999999,521.7546666666667,630.1428571428571,0.0,0.0,0.0,1338.89,0.0,0.0,0.0,0.0,0.0,0.0,0.0,0.0,0.0,12247.27,12961.0,0.9449324897770234,0.0,0.0,0.0,0.0,0.0,816.78
real_ramya_user,2022-03-21,0.0,0.0,0.0,0.0,0.0,0,21,3,0,10,881.3100000000001,521.7546666666666,630.1428571428571,0.0,0.0,0.0,0.0,0.0,0.0,0.0,0.0,0.0,0.0,0.0,0.0,0.0,12247.27,12961.0,0.9449324897770234,0.0,0.0,0.0,0.0,0.0,0.0
real_ramya_user,2022-03-22,1383.68,0.0,0.0,0.0,0.0,1,22,3,0,9,1078.9785714285715,567.8773333333334,630.1428571428571,0.0,0.0,0.0,0.0,0.0,0.0,0.0,0.0,0.0,0.0,0.0,0.0,0.0,13630.95,12961.0,1.0516896844379293,0.0,0.0,0.0,0.0,1383.68,0.0
real_ramya_user,2022-03-23,1702.99,0.0,0.0,0.0,0.0,2,23,3,0,8,1322.2628571428572,563.7326666666667,630.1428571428571,0.0,0.0,0.0,0.0,0.0,0.0,0.0,0.0,0.0,0.0,0.0,0.0,0.0,15333.94,12961.0,1.1830830954401668,0.0,0.0,0.0,0.0,741.41,961.58
real_ramya_user,2022-03-24,837.53,0.0,0.0,0.0,0.0,3,24,3,0,7,1438.5400000000002,539.049,0.0,0.0,0.0,0.0,0.0,0.0,0.0,0.0,0.0,0.0,0.0,0.0,0.0,0.0,16171.47,12961.0,1.2477023377825784,0.0,837.53,0.0,0.0,0.0,0.0
real_ramya_user,2022-03-25,1517.13,0.0,0.0,0.0,0.0,4,25,3,0,6,1085.2857142857142,589.62,0.0,0.0,0.0,0.0,0.0,0.0,0.0,0.0,0.0,0.0,1517.13,0.0,0.0,0.0,17688.6,12961.0,1.3647558058791758,0.0,0.0,0.0,0.0,0.0,0.0
real_ramya_user,2022-03-26,1526.1,0.0,0.0,0.0,0.0,5,26,3,1,5,1303.3,640.49,0.0,0.0,0.0,0.0,0.0,0.0,0.0,0.0,0.0,0.0,0.0,0.0,0.0,0.0,19214.7,12961.0,1.4825013502044595,1526.1,0.0,0.0,0.0,0.0,0.0
real_ramya_user,2022-03-27,1055.76,0.0,0.0,0.0,0.0,6,27,3,1,4,1146.17,675.682,0.0,0.0,0.0,0.0,0.0,0.0,0.0,0.0,0.0,0.0,0.0,0.0,0.0,0.0,20270.46,12961.0,1.5639580279299437,0.0,0.0,1055.76,0.0,0.0,0.0
real_ramya_user,2022-03-28,2974.36,4762.0,0.0,0.0,0.0,0,28,3,0,3,1571.0785714285714,774.8273333333333,680.2857142857143,0.0,0.0,0.0,1659.26,0.0,0.0,0.0,0.0,0.0,0.0,0.0,0.0,0.0,23244.82,17723.0,1.311562376572815,1149.68,165.42,0.0,0.0,0.0,0.0
real_ramya_user,2022-03-29,3055.9700000000003,0.0,0.0,0.0,0.0,1,29,3,0,2,1809.9771428571428,876.693,680.2857142857143,0.0,0.0,0.0,0.0,0.0,0.0,0.0,0.0,0.0,1619.3,0.0,0.0,0.0,26300.79,17723.0,1.4839919878124472,1436.67,0.0,0.0,0.0,0.0,0.0
real_ramya_user,2022-03-30,0.0,0.0,0.0,0.0,0.0,2,30,3,0,1,1566.6928571428573,876.693,680.2857142857143,0.0,0.0,0.0,0.0,0.0,0.0,0.0,0.0,0.0,0.0,0.0,0.0,0.0,26300.79,17723.0,1.4839919878124472,0.0,0.0,0.0,0.0,0.0,0.0
real_ramya_user,2022-03-31,1435.4,3024.0,0.0,0.0,0.0,3,31,3,0,0,1652.1028571428571,865.2186666666665,1112.2857142857142,0.0,0.0,0.0,0.0,0.0,0.0,0.0,0.0,0.0,0.0,0.0,0.0,0.0,27736.190000000002,20747.0,1.3368771388634502,0.0,0.0,0.0,1435.4,0.0,0.0
real_ramya_user,2022-04-01,1869.82,2879.0,0.0,0.0,0.0,4,1,4,0,29,1702.4871428571428,927.546,1523.5714285714287,0.0,0.0,0.0,1869.82,0.0,0.0,0.0,0.0,0.0,0.0,0.0,0.0,0.0,1869.82,2879.0,0.6494685654741229,0.0,0.0,0.0,0.0,0.0,0.0
real_ramya_user,2022-04-02,2295.43,0.0,0.0,0.0,0.0,5,2,4,1,28,1812.3914285714286,1004.0603333333332,1523.5714285714287,0.0,0.0,0.0,0.0,0.0,0.0,0.0,0.0,0.0,0.0,0.0,0.0,0.0,4165.25,2879.0,1.4467697117054532,0.0,0.0,0.0,755.18,0.0,1540.25
real_ramya_user,2022-04-03,1910.24,0.0,0.0,0.0,0.0,6,3,4,1,27,1934.4599999999998,1067.735,1523.5714285714287,0.0,0.0,0.0,0.0,0.0,0.0,0.0,0.0,0.0,1740.54,0.0,0.0,0.0,6075.49,2879.0,2.1102778742618966,0.0,0.0,0.0,169.7,0.0,0.0
real_ramya_user,2022-04-04,1310.53,0.0,0.0,0.0,0.0,0,4,4,0,26,1696.7700000000002,1111.4193333333335,843.2857142857143,0.0,0.0,0.0,0.0,0.0,0.0,0.0,0.0,0.0,0.0,0.0,0.0,0.0,7386.0199999999995,2879.0,2.5654810698159083,0.0,0.0,0.0,0.0,0.0,1310.53
real_ramya_user,2022-04-05,1985.77,0.0,0.0,0.0,0.0,1,5,4,0,25,1543.8842857142856,1177.6116666666667,843.2857142857143,0.0,0.0,0.0,0.0,0.0,0.0,0.0,0.0,0.0,0.0,0.0,0.0,0.0,9371.789999999999,2879.0,3.2552240361236535,0.0,0.0,0.0,0.0,0.0,1985.77
real_ramya_user,2022-04-06,0.0,0.0,0.0,0.0,0.0,2,6,4,0,24,1543.8842857142856,1116.4416666666666,843.2857142857143,0.0,0.0,0.0,0.0,0.0,0.0,0.0,0.0,0.0,0.0,0.0,0.0,0.0,9371.789999999999,2879.0,3.2552240361236535,0.0,0.0,0.0,0.0,0.0,0.0
real_ramya_user,2022-04-07,0.0,0.0,0.0,0.0,0.0,3,7,4,0,23,1338.827142857143,1116.4416666666666,411.2857142857143,0.0,0.0,0.0,0.0,0.0,0.0,0.0,0.0,0.0,0.0,0.0,0.0,0.0,9371.789999999999,2879.0,3.2552240361236535,0.0,0.0,0.0,0.0,0.0,0.0
real_ramya_user,2022-04-08,1458.44,0.0,0.0,0.0,0.0,4,8,4,0,22,1280.0585714285714,1165.0563333333334,0.0,0.0,0.0,0.0,0.0,0.0,0.0,0.0,0.0,0.0,0.0,0.0,0.0,0.0,10830.23,2879.0,3.761802709274053,0.0,0.0,0.0,0.0,0.0,1458.44
real_ramya_user,2022-04-09,2865.06,0.0,0.0,0.0,0.0,5,9,4,1,21,1361.4342857142858,1260.5583333333334,0.0,0.0,0.0,0.0,1514.8,0.0,0.0,0.0,0.0,0.0,1350.26,0.0,0.0,0.0,13695.289999999999,2879.0,4.7569607502605065,0.0,0.0,0.0,0.0,0.0,0.0
real_ramya_user,2022-04-10,1967.18,0.0,0.0,0.0,0.0,6,10,4,1,20,1369.5685714285714,1326.131,0.0,0.0,0.0,0.0,0.0,0.0,0.0,0.0,0.0,0.0,0.0,0.0,0.0,0.0,15662.47,2879.0,5.0,0.0,318.69,0.0,1648.49,0.0,0.0
real_ramya_user,2022-04-11,0.0,0.0,0.0,0.0,0.0,0,11,4,0,19,1182.35,1270.9406666666666,0.0,0.0,0.0,0.0,0.0,0.0,0.0,0.0,0.0,0.0,0.0,0.0,0.0,0.0,15662.47,2879.0,5.0,0.0,0.0,0.0,0.0,0.0,0.0
real_ramya_user,2022-04-12,0.0,0.0,0.0,0.0,0.0,1,12,4,0,18,898.6685714285715,1270.9406666666666,0.0,0.0,0.0,0.0,0.0,0.0,0.0,0.0,0.0,0.0,0.0,0.0,0.0,0.0,15662.47,2879.0,5.0,0.0,0.0,0.0,0.0,0.0,0.0
real_ramya_user,2022-04-13,0.0,0.0,0.0,0.0,0.0,2,13,4,0,17,898.6685714285715,1244.0186666666666,0.0,0.0,0.0,0.0,0.0,0.0,0.0,0.0,0.0,0.0,0.0,0.0,0.0,0.0,15662.47,2879.0,5.0,0.0,0.0,0.0,0.0,0.0,0.0
real_ramya_user,2022-04-14,0.0,0.0,0.0,0.0,0.0,3,14,4,0,16,898.6685714285715,1244.0186666666666,0.0,0.0,0.0,0.0,0.0,0.0,0.0,0.0,0.0,0.0,0.0,0.0,0.0,0.0,15662.47,2879.0,5.0,0.0,0.0,0.0,0.0,0.0,0.0
real_ramya_user,2022-04-15,0.0,0.0,0.0,0.0,0.0,4,15,4,0,15,690.3199999999999,1244.0186666666666,0.0,0.0,0.0,0.0,0.0,0.0,0.0,0.0,0.0,0.0,0.0,0.0,0.0,0.0,15662.47,2879.0,5.0,0.0,0.0,0.0,0.0,0.0,0.0
real_ramya_user,2022-04-16,0.0,763.0,0.0,0.0,0.0,5,16,4,1,14,281.0257142857143,1243.2323333333334,109.0,0.0,0.0,0.0,0.0,0.0,0.0,0.0,0.0,0.0,0.0,0.0,0.0,0.0,15662.47,3642.0,4.300513454146073,0.0,0.0,0.0,0.0,0.0,0.0
real_ramya_user,2022-04-17,0.0,0.0,0.0,0.0,0.0,6,17,4,1,13,0.0,1110.2353333333333,109.0,0.0,0.0,0.0,0.0,0.0,0.0,0.0,0.0,0.0,0.0,0.0,0.0,0.0,15662.47,3642.0,4.300513454146073,0.0,0.0,0.0,0.0,0.0,0.0
real_ramya_user,2022-04-18,1722.63,0.0,0.0,0.0,0.0,0,18,4,0,12,246.09,1167.6563333333331,109.0,0.0,0.0,0.0,488.93,0.0,0.0,0.0,0.0,0.0,0.0,0.0,0.0,0.0,17385.1,3642.0,4.773503569467326,0.0,0.0,0.0,1233.7,0.0,0.0
real_ramya_user,2022-04-19,0.0,0.0,0.0,0.0,0.0,1,19,4,0,11,246.09,1095.8006666666665,109.0,0.0,0.0,0.0,0.0,0.0,0.0,0.0,0.0,0.0,0.0,0.0,0.0,0.0,17385.1,3642.0,4.773503569467326,0.0,0.0,0.0,0.0,0.0,0.0
real_ramya_user,2022-04-20,0.0,0.0,0.0,0.0,0.0,2,20,4,0,10,246.09,1095.8006666666665,109.0,0.0,0.0,0.0,0.0,0.0,0.0,0.0,0.0,0.0,0.0,0.0,0.0,0.0,17385.1,3642.0,4.773503569467326,0.0,0.0,0.0,0.0,0.0,0.0
real_ramya_user,2022-04-21,0.0,4157.0,0.0,0.0,0.0,3,21,4,0,9,246.09,1049.678,702.8571428571429,0.0,0.0,0.0,0.0,0.0,0.0,0.0,0.0,0.0,0.0,0.0,0.0,0.0,17385.1,7799.0,2.2291447621489935,0.0,0.0,0.0,0.0,0.0,0.0
real_ramya_user,2022-04-22,497.02,2419.0,0.0,0.0,0.0,4,22,4,0,8,317.09285714285716,1009.479,1048.4285714285713,0.0,0.0,0.0,497.02,0.0,0.0,0.0,0.0,0.0,0.0,0.0,0.0,0.0,17882.12,10218.0,1.7500606772362497,0.0,0.0,0.0,0.0,0.0,0.0
real_ramya_user,2022-04-23,0.0,0.0,0.0,0.0,0.0,5,23,4,1,7,317.09285714285716,981.5613333333333,939.4285714285714,0.0,0.0,0.0,0.0,0.0,0.0,0.0,0.0,0.0,0.0,0.0,0.0,0.0,17882.12,10218.0,1.7500606772362497,0.0,0.0,0.0,0.0,0.0,0.0
real_ramya_user,2022-04-24,1922.2800000000002,0.0,0.0,0.0,0.0,6,24,4,1,6,591.7042857142858,995.0663333333334,939.4285714285714,0.0,0.0,0.0,288.87,0.0,0.0,0.0,0.0,0.0,0.0,0.0,0.0,0.0,19804.4,10218.0,1.9381875122333139,1633.41,0.0,0.0,0.0,0.0,0.0
real_ramya_user,2022-04-25,0.0,0.0,0.0,0.0,0.0,0,25,4,0,5,345.61428571428576,944.1963333333333,939.4285714285714,0.0,0.0,0.0,0.0,0.0,0.0,0.0,0.0,0.0,0.0,0.0,0.0,0.0,19804.4,10218.0,1.9381875122333139,0.0,0.0,0.0,0.0,0.0,0.0
real_ramya_user,2022-04-26,0.0,0.0,0.0,0.0,0.0,1,26,4,0,4,345.61428571428576,909.0043333333334,939.4285714285714,0.0,0.0,0.0,0.0,0.0,0.0,0.0,0.0,0.0,0.0,0.0,0.0,0.0,19804.4,10218.0,1.9381875122333139,0.0,0.0,0.0,0.0,0.0,0.0
real_ramya_user,2022-04-27,0.0,0.0,0.0,0.0,0.0,2,27,4,0,3,345.61428571428576,809.859,939.4285714285714,0.0,0.0,0.0,0.0,0.0,0.0,0.0,0.0,0.0,0.0,0.0,0.0,0.0,19804.4,10218.0,1.9381875122333139,0.0,0.0,0.0,0.0,0.0,0.0
real_ramya_user,2022-04-28,0.0,0.0,0.0,0.0,0.0,3,28,4,0,2,345.61428571428576,707.9933333333333,345.57142857142856,0.0,0.0,0.0,0.0,0.0,0.0,0.0,0.0,0.0,0.0,0.0,0.0,0.0,19804.4,10218.0,1.9381875122333139,0.0,0.0,0.0,0.0,0.0,0.0
real_ramya_user,2022-04-29,1159.17,0.0,0.0,0.0,0.0,4,29,4,0,1,440.2071428571429,746.6323333333333,0.0,0.0,0.0,0.0,0.0,0.0,0.0,0.0,0.0,0.0,0.0,0.0,0.0,0.0,20963.57,10218.0,2.0516314347230376,0.0,1159.17,0.0,0.0,0.0,0.0
real_ramya_user,2022-04-30,481.44,0.0,0.0,0.0,0.0,5,30,4,1,0,508.98428571428576,714.8336666666667,0.0,0.0,0.0,0.0,0.0,0.0,0.0,0.0,0.0,0.0,0.0,0.0,0.0,0.0,21445.01,10218.0,2.0987482873360737,0.0,481.44,0.0,0.0,0.0,0.0
real_ramya_user,2022-05-01,0.0,0.0,0.0,0.0,0.0,6,1,5,1,30,234.37285714285716,652.5063333333333,0.0,0.0,0.0,0.0,0.0,0.0,0.0,0.0,0.0,0.0,0.0,0.0,0.0,0.0,0.0,0.0,0.0,0.0,0.0,0.0,0.0,0.0,0.0
real_ramya_user,2022-05-02,2088.71,0.0,0.0,0.0,0.0,0,2,5,0,29,532.76,645.6156666666667,0.0,0.0,0.0,0.0,0.0,0.0,0.0,0.0,0.0,0.0,0.0,0.0,0.0,0.0,2088.71,0.0,0.0,832.98,0.0,0.0,0.0,0.0,1255.73
real_ramya_user,2022-05-03,103.3,0.0,0.0,0.0,0.0,1,3,5,0,28,547.5171428571429,585.3843333333333,0.0,0.0,0.0,0.0,0.0,0.0,0.0,0.0,0.0,0.0,103.3,0.0,0.0,0.0,2192.01,0.0,0.0,0.0,0.0,0.0,0.0,0.0,0.0
real_ramya_user,2022-05-04,0.0,0.0,0.0,0.0,0.0,2,4,5,0,27,547.5171428571429,541.7,0.0,0.0,0.0,0.0,0.0,0.0,0.0,0.0,0.0,0.0,0.0,0.0,0.0,0.0,2192.01,0.0,0.0,0.0,0.0,0.0,0.0,0.0,0.0
real_ramya_user,2022-05-05,2396.19,0.0,0.0,0.0,0.0,3,5,5,0,26,889.83,555.3806666666666,0.0,0.0,0.0,0.0,0.0,0.0,0.0,0.0,0.0,0.0,0.0,0.0,0.0,0.0,4588.200000000001,0.0,0.0,0.0,0.0,0.0,2396.19,0.0,0.0
real_ramya_user,2022-05-06,1511.29,0.0,0.0,0.0,0.0,4,6,5,0,25,940.1328571428572,605.757,0.0,0.0,0.0,0.0,0.0,0.0,0.0,0.0,0.0,0.0,0.0,0.0,0.0,0.0,6099.49,0.0,0.0,0.0,0.0,0.0,0.0,0.0,1511.29
real_ramya_user,2022-05-07,3557.8,0.0,0.0,0.0,0.0,5,7,5,1,24,1379.6128571428574,724.3503333333333,0.0,0.0,0.0,0.0,0.0,0.0,0.0,0.0,0.0,0.0,1830.33,0.0,0.0,0.0,9657.29,0.0,0.0,608.47,0.0,0.0,1119.0,0.0,0.0
real_ramya_user,2022-05-08,1845.23,2588.0,0.0,0.0,0.0,6,8,5,1,23,1643.217142857143,737.2433333333335,369.7142857142857,0.0,0.0,0.0,0.0,0.0,0.0,0.0,0.0,0.0,0.0,0.0,0.0,0.0,11502.52,2588.0,4.444559505409583,0.0,0.0,1845.23,0.0,0.0,0.0
real_ramya_user,2022-05-09,1620.15,0.0,0.0,0.0,0.0,0,9,5,0,22,1576.28,695.7463333333333,369.7142857142857,0.0,0.0,0.0,544.24,0.0,0.0,0.0,0.0,0.0,0.0,0.0,0.0,0.0,13122.67,2588.0,5.0,0.0,0.0,1075.91,0.0,0.0,0.0
real_ramya_user,2022-05-10,0.0,0.0,0.0,0.0,0.0,1,10,5,0,21,1561.5228571428572,630.1736666666667,369.7142857142857,0.0,0.0,0.0,0.0,0.0,0.0,0.0,0.0,0.0,0.0,0.0,0.0,0.0,13122.67,2588.0,5.0,0.0,0.0,0.0,0.0,0.0,0.0
real_ramya_user,2022-05-11,1748.5,0.0,0.0,0.0,0.0,2,11,5,0,20,1811.3085714285714,688.457,369.7142857142857,0.0,0.0,0.0,1748.5,0.0,0.0,0.0,0.0,0.0,0.0,0.0,0.0,0.0,14871.17,2588.0,5.0,0.0,0.0,0.0,0.0,0.0,0.0
real_ramya_user,2022-05-12,0.0,0.0,0.0,0.0,0.0,3,12,5,0,19,1468.9957142857145,688.457,369.7142857142857,0.0,0.0,0.0,0.0,0.0,0.0,0.0,0.0,0.0,0.0,0.0,0.0,0.0,14871.17,2588.0,5.0,0.0,0.0,0.0,0.0,0.0,0.0
real_ramya_user,2022-05-13,613.34,4427.0,0.0,0.0,0.0,4,13,5,0,18,1340.7171428571426,708.9016666666666,1002.1428571428571,0.0,0.0,0.0,0.0,0.0,0.0,0.0,0.0,0.0,0.0,0.0,0.0,0.0,15484.51,7015.0,2.207342836778332,0.0,613.34,0.0,0.0,0.0,0.0
real_ramya_user,2022-05-14,1874.95,0.0,0.0,0.0,0.0,5,14,5,1,17,1100.31,771.4,1002.1428571428571,0.0,0.0,0.0,0.0,0.0,0.0,0.0,0.0,0.0,0.0,0.0,0.0,0.0,17359.46,7015.0,2.4746200997861725,1874.95,0.0,0.0,0.0,0.0,0.0
real_ramya_user,2022-05-15,0.0,0.0,0.0,0.0,0.0,6,15,5,1,16,836.7057142857144,771.4,632.4285714285714,0.0,0.0,0.0,0.0,0.0,0.0,0.0,0.0,0.0,0.0,0.0,0.0,0.0,17359.46,7015.0,2.4746200997861725,0.0,0.0,0.0,0.0,0.0,0.0
real_ramya_user,2022-05-16,0.0,0.0,0.0,0.0,0.0,0,16,5,0,15,605.2557142857142,771.4,632.4285714285714,0.0,0.0,0.0,0.0,0.0,0.0,0.0,0.0,0.0,0.0,0.0,0.0,0.0,17359.46,7015.0,2.4746200997861725,0.0,0.0,0.0,0.0,0.0,0.0
real_ramya_user,2022-05-17,0.0,0.0,0.0,0.0,0.0,1,17,5,0,14,605.2557142857142,771.4,632.4285714285714,0.0,0.0,0.0,0.0,0.0,0.0,0.0,0.0,0.0,0.0,0.0,0.0,0.0,17359.46,7015.0,2.4746200997861725,0.0,0.0,0.0,0.0,0.0,0.0
real_ramya_user,2022-05-18,0.0,0.0,0.0,0.0,0.0,2,18,5,0,13,355.46999999999997,713.979,632.4285714285714,0.0,0.0,0.0,0.0,0.0,0.0,0.0,0.0,0.0,0.0,0.0,0.0,0.0,17359.46,7015.0,2.4746200997861725,0.0,0.0,0.0,0.0,0.0,0.0
real_ramya_user,2022-05-19,2890.59,0.0,0.0,0.0,0.0,3,19,5,0,12,768.4114285714286,810.3320000000001,632.4285714285714,0.0,0.0,0.0,0.0,0.0,0.0,0.0,0.0,0.0,0.0,0.0,0.0,0.0,20250.05,7015.0,2.886678545972915,1394.3,0.0,1496.29,0.0,0.0,0.0
real_ramya_user,2022-05-20,2598.62,0.0,0.0,0.0,0.0,4,20,5,0,11,1052.0228571428572,896.9526666666667,0.0,0.0,0.0,0.0,0.0,0.0,0.0,0.0,0.0,0.0,0.0,0.0,0.0,0.0,22848.670000000002,7015.0,3.2571161796151107,0.0,0.0,0.0,1831.1,767.52,0.0
real_ramya_user,2022-05-21,0.0,0.0,0.0,0.0,0.0,5,21,5,1,10,784.1728571428572,896.9526666666667,0.0,0.0,0.0,0.0,0.0,0.0,0.0,0.0,0.0,0.0,0.0,0.0,0.0,0.0,22848.670000000002,7015.0,3.2571161796151107,0.0,0.0,0.0,0.0,0.0,0.0
real_ramya_user,2022-05-22,623.76,0.0,0.0,0.0,0.0,6,22,5,1,9,873.2814285714286,901.1773333333334,0.0,0.0,0.0,0.0,0.0,0.0,0.0,0.0,0.0,0.0,0.0,0.0,0.0,0.0,23472.43,7015.0,3.346034212401996,0.0,623.76,0.0,0.0,0.0,0.0
real_ramya_user,2022-05-23,937.35,0.0,0.0,0.0,0.0,0,23,5,0,8,1007.1885714285714,932.4223333333334,0.0,0.0,0.0,0.0,0.0,0.0,0.0,0.0,0.0,0.0,937.35,0.0,0.0,0.0,24409.78,7015.0,3.4796550249465428,0.0,0.0,0.0,0.0,0.0,0.0
real_ramya_user,2022-05-24,2273.34,0.0,0.0,0.0,0.0,1,24,5,0,7,1331.9514285714286,944.1243333333333,0.0,0.0,0.0,0.0,0.0,0.0,0.0,0.0,0.0,0.0,1525.64,0.0,0.0,0.0,26683.120000000003,7015.0,3.803723449750535,747.7,0.0,0.0,0.0,0.0,0.0
real_ramya_user,2022-05-25,1485.09,0.0,0.0,0.0,0.0,2,25,5,0,6,1544.107142857143,993.6273333333334,0.0,0.0,0.0,0.0,0.0,0.0,0.0,0.0,0.0,0.0,0.0,0.0,0.0,0.0,28168.21,7015.0,4.015425516749822,1485.09,0.0,0.0,0.0,0.0,0.0
real_ramya_user,2022-05-26,0.0,0.0,0.0,0.0,0.0,3,26,5,0,5,1131.1657142857143,993.6273333333334,0.0,0.0,0.0,0.0,0.0,0.0,0.0,0.0,0.0,0.0,0.0,0.0,0.0,0.0,28168.21,7015.0,4.015425516749822,0.0,0.0,0.0,0.0,0.0,0.0
real_ramya_user,2022-05-27,0.0,2918.0,0.0,0.0,0.0,4,27,5,0,4,759.9342857142857,993.6273333333334,416.85714285714283,0.0,0.0,0.0,0.0,0.0,0.0,0.0,0.0,0.0,0.0,0.0,0.0,0.0,28168.21,9933.0,2.8358210007047218,0.0,0.0,0.0,0.0,0.0,0.0
real_ramya_user,2022-05-28,0.0,2384.0,0.0,0.0,0.0,5,28,5,1,3,759.9342857142857,993.6273333333334,757.4285714285714,0.0,0.0,0.0,0.0,0.0,0.0,0.0,0.0,0.0,0.0,0.0,0.0,0.0,28168.21,12317.0,2.2869375659657383,0.0,0.0,0.0,0.0,0.0,0.0
real_ramya_user,2022-05-29,1525.69,0.0,0.0,0.0,0.0,6,29,5,1,2,888.7814285714286,1005.8446666666666,757.4285714285714,0.0,0.0,0.0,0.0,0.0,0.0,0.0,0.0,0.0,0.0,0.0,0.0,0.0,29693.9,12317.0,2.4108062028091255,1003.61,522.08,0.0,0.0,0.0,0.0
real_ramya_user,2022-05-30,1273.8899999999999,0.0,0.0,0.0,0.0,0,30,5,0,1,936.8585714285715,1032.2596666666666,757.4285714285714,0.0,0.0,0.0,0.0,0.0,0.0,0.0,0.0,0.0,927.05,0.0,0.0,0.0,30967.79,12317.0,2.5142315498903955,0.0,346.84,0.0,0.0,0.0,0.0
real_ramya_user,2022-05-31,376.26,0.0,0.0,0.0,0.0,1,31,5,0,0,665.8471428571429,1044.8016666666667,757.4285714285714,0.0,0.0,0.0,0.0,0.0,0.0,0.0,0.0,0.0,376.26,0.0,0.0,0.0,31344.05,12317.0,2.544779572947958,0.0,0.0,0.0,0.0,0.0,0.0
real_ramya_user,2022-06-01,2943.57,0.0,0.0,0.0,0.0,2,1,6,0,29,874.2014285714286,1073.297,757.4285714285714,0.0,0.0,0.0,1052.65,0.0,0.0,0.0,0.0,0.0,0.0,0.0,0.0,0.0,2943.57,0.0,0.0,0.0,0.0,1890.92,0.0,0.0,0.0
real_ramya_user,2022-06-02,0.0,0.0,0.0,0.0,0.0,3,2,6,0,28,874.2014285714286,1069.8536666666666,757.4285714285714,0.0,0.0,0.0,0.0,0.0,0.0,0.0,0.0,0.0,0.0,0.0,0.0,0.0,2943.57,0.0,0.0,0.0,0.0,0.0,0.0,0.0,0.0
real_ramya_user,2022-06-03,0.0,0.0,0.0,0.0,0.0,4,3,6,0,27,874.2014285714286,1069.8536666666666,340.57142857142856,0.0,0.0,0.0,0.0,0.0,0.0,0.0,0.0,0.0,0.0,0.0,0.0,0.0,2943.57,0.0,0.0,0.0,0.0,0.0,0.0,0.0,0.0
real_ramya_user,2022-06-04,975.92,0.0,0.0,0.0,0.0,5,4,6,1,26,1013.6185714285714,1022.5113333333334,0.0,0.0,0.0,0.0,830.66,0.0,0.0,0.0,0.0,0.0,0.0,0.0,0.0,0.0,3919.4900000000002,0.0,0.0,145.26,0.0,0.0,0.0,0.0,0.0
real_ramya_user,2022-06-05,0.0,0.0,0.0,0.0,0.0,6,5,6,1,25,795.6628571428571,972.135,0.0,0.0,0.0,0.0,0.0,0.0,0.0,0.0,0.0,0.0,0.0,0.0,0.0,0.0,3919.4900000000002,0.0,0.0,0.0,0.0,0.0,0.0,0.0,0.0
real_ramya_user,2022-06-06,0.0,4642.0,0.0,0.0,0.0,0,6,6,0,24,613.6785714285714,853.5416666666666,663.1428571428571,0.0,0.0,0.0,0.0,0.0,0.0,0.0,0.0,0.0,0.0,0.0,0.0,0.0,3919.4900000000002,4642.0,0.8443537268418786,0.0,0.0,0.0,0.0,0.0,0.0
real_ramya_user,2022-06-07,2561.4700000000003,0.0,0.0,0.0,0.0,1,7,6,0,23,925.8514285714288,877.4163333333332,663.1428571428571,0.0,0.0,0.0,1239.49,0.0,0.0,0.0,0.0,0.0,1321.98,0.0,0.0,0.0,6480.960000000001,4642.0,1.3961568289530377,0.0,0.0,0.0,0.0,0.0,0.0
real_ramya_user,2022-06-08,0.0,0.0,0.0,0.0,0.0,2,8,6,0,22,505.3414285714286,823.4113333333333,663.1428571428571,0.0,0.0,0.0,0.0,0.0,0.0,0.0,0.0,0.0,0.0,0.0,0.0,0.0,6480.960000000001,4642.0,1.3961568289530377,0.0,0.0,0.0,0.0,0.0,0.0
real_ramya_user,2022-06-09,0.0,0.0,0.0,0.0,0.0,3,9,6,0,21,505.3414285714286,823.4113333333333,663.1428571428571,0.0,0.0,0.0,0.0,0.0,0.0,0.0,0.0,0.0,0.0,0.0,0.0,0.0,6480.960000000001,4642.0,1.3961568289530377,0.0,0.0,0.0,0.0,0.0,0.0
real_ramya_user,2022-06-10,0.0,0.0,0.0,0.0,0.0,4,10,6,0,20,505.3414285714286,765.128,663.1428571428571,0.0,0.0,0.0,0.0,0.0,0.0,0.0,0.0,0.0,0.0,0.0,0.0,0.0,6480.960000000001,4642.0,1.3961568289530377,0.0,0.0,0.0,0.0,0.0,0.0
real_ramya_user,2022-06-11,0.0,5485.0,0.0,0.0,0.0,5,11,6,1,19,365.92428571428576,765.128,1446.7142857142858,0.0,0.0,0.0,0.0,0.0,0.0,0.0,0.0,0.0,0.0,0.0,0.0,0.0,6480.960000000001,10127.0,0.6399684013034463,0.0,0.0,0.0,0.0,0.0,0.0
real_ramya_user,2022-06-12,4460.6,0.0,0.0,0.0,0.0,6,12,6,1,18,1003.1528571428572,893.3700000000001,1446.7142857142858,0.0,0.0,0.0,1009.41,0.0,0.0,0.0,0.0,0.0,0.0,0.0,0.0,0.0,10941.560000000001,10127.0,1.0804344820776144,0.0,0.0,1836.92,1614.27,0.0,0.0
real_ramya_user,2022-06-13,391.94,0.0,0.0,0.0,0.0,0,13,6,0,17,1059.1442857142858,843.9363333333333,783.5714285714286,0.0,0.0,0.0,0.0,0.0,0.0,0.0,0.0,0.0,0.0,0.0,0.0,0.0,11333.500000000002,10127.0,1.1191369606003754,391.94,0.0,0.0,0.0,0.0,0.0
real_ramya_user,2022-06-14,0.0,0.0,0.0,0.0,0.0,1,14,6,0,16,693.22,843.9363333333333,783.5714285714286,0.0,0.0,0.0,0.0,0.0,0.0,0.0,0.0,0.0,0.0,0.0,0.0,0.0,11333.500000000002,10127.0,1.1191369606003754,0.0,0.0,0.0,0.0,0.0,0.0
real_ramya_user,2022-06-15,0.0,0.0,0.0,0.0,0.0,2,15,6,0,15,693.22,843.9363333333333,783.5714285714286,0.0,0.0,0.0,0.0,0.0,0.0,0.0,0.0,0.0,0.0,0.0,0.0,0.0,11333.500000000002,10127.0,1.1191369606003754,0.0,0.0,0.0,0.0,0.0,0.0
real_ramya_user,2022-06-16,0.0,0.0,0.0,0.0,0.0,3,16,6,0,14,693.22,843.9363333333333,783.5714285714286,0.0,0.0,0.0,0.0,0.0,0.0,0.0,0.0,0.0,0.0,0.0,0.0,0.0,11333.500000000002,10127.0,1.1191369606003754,0.0,0.0,0.0,0.0,0.0,0.0
real_ramya_user,2022-06-17,2460.98,0.0,0.0,0.0,0.0,4,17,6,0,13,1044.7885714285715,925.9689999999999,783.5714285714286,0.0,0.0,0.0,0.0,0.0,0.0,0.0,0.0,0.0,0.0,0.0,0.0,0.0,13794.480000000001,10127.0,1.3621487113656563,0.0,2460.98,0.0,0.0,0.0,0.0
real_ramya_user,2022-06-18,1980.56,0.0,0.0,0.0,0.0,5,18,6,1,12,1327.7257142857143,895.6346666666667,0.0,0.0,0.0,0.0,0.0,0.0,0.0,0.0,0.0,0.0,0.0,0.0,0.0,0.0,15775.04,10127.0,1.5577209440110595,1980.56,0.0,0.0,0.0,0.0,0.0
real_ramya_user,2022-06-19,1310.93,0.0,0.0,0.0,0.0,6,19,6,1,11,877.7728571428571,852.7116666666667,0.0,0.0,0.0,0.0,0.0,0.0,0.0,0.0,0.0,0.0,0.0,0.0,0.0,0.0,17085.97,10127.0,1.6871699417399033,0.0,0.0,1310.93,0.0,0.0,0.0
real_ramya_user,2022-06-20,196.07,0.0,0.0,0.0,0.0,0,20,6,0,10,849.7914285714287,859.2473333333334,0.0,0.0,0.0,0.0,196.07,0.0,0.0,0.0,0.0,0.0,0.0,0.0,0.0,0.0,17282.04,10127.0,1.7065310555939568,0.0,0.0,0.0,0.0,0.0,0.0
real_ramya_user,2022-06-21,121.67,1177.0,0.0,0.0,0.0,1,21,6,0,9,867.1728571428572,842.511,168.14285714285714,0.0,0.0,0.0,0.0,0.0,0.0,0.0,0.0,0.0,121.67,0.0,0.0,0.0,17403.710000000003,11304.0,1.5396063340410477,0.0,0.0,0.0,0.0,0.0,0.0
real_ramya_user,2022-06-22,0.0,0.0,0.0,0.0,0.0,2,22,6,0,8,867.1728571428572,811.266,168.14285714285714,0.0,0.0,0.0,0.0,0.0,0.0,0.0,0.0,0.0,0.0,0.0,0.0,0.0,17403.710000000003,11304.0,1.5396063340410477,0.0,0.0,0.0,0.0,0.0,0.0
real_ramya_user,2022-06-23,3084.0,0.0,0.0,0.0,0.0,3,23,6,0,7,1307.7442857142858,838.288,168.14285714285714,0.0,0.0,0.0,0.0,0.0,0.0,0.0,0.0,0.0,0.0,0.0,0.0,0.0,20487.710000000003,11304.0,1.8124301132342535,0.0,0.0,1790.63,1293.37,0.0,0.0
real_ramya_user,2022-06-24,0.0,0.0,0.0,0.0,0.0,4,24,6,0,6,956.1757142857142,788.785,168.14285714285714,0.0,0.0,0.0,0.0,0.0,0.0,0.0,0.0,0.0,0.0,0.0,0.0,0.0,20487.710000000003,11304.0,1.8124301132342535,0.0,0.0,0.0,0.0,0.0,0.0
real_ramya_user,2022-06-25,980.2,0.0,0.0,0.0,0.0,5,25,6,1,5,813.267142857143,821.4583333333334,168.14285714285714,0.0,0.0,0.0,0.0,0.0,0.0,0.0,0.0,0.0,549.48,0.0,0.0,0.0,21467.91,11304.0,1.8991427813163482,430.72,0.0,0.0,0.0,0.0,0.0
real_ramya_user,2022-06-26,2166.55,0.0,0.0,0.0,0.0,6,26,6,1,4,935.4985714285715,893.6766666666667,168.14285714285714,0.0,0.0,0.0,366.92,0.0,0.0,0.0,0.0,0.0,0.0,0.0,0.0,0.0,23634.460000000003,11304.0,2.090805024769993,0.0,0.0,0.0,0.0,1799.63,0.0
real_ramya_user,2022-06-27,0.0,0.0,0.0,0.0,0.0,0,27,6,0,3,907.4885714285714,893.6766666666667,168.14285714285714,0.0,0.0,0.0,0.0,0.0,0.0,0.0,0.0,0.0,0.0,0.0,0.0,0.0,23634.460000000003,11304.0,2.090805024769993,0.0,0.0,0.0,0.0,0.0,0.0
real_ramya_user,2022-06-28,0.0,0.0,0.0,0.0,0.0,1,28,6,0,2,890.107142857143,842.8203333333333,0.0,0.0,0.0,0.0,0.0,0.0,0.0,0.0,0.0,0.0,0.0,0.0,0.0,0.0,23634.460000000003,11304.0,2.090805024769993,0.0,0.0,0.0,0.0,0.0,0.0
real_ramya_user,2022-06-29,0.0,0.0,0.0,0.0,0.0,2,29,6,0,1,890.107142857143,800.3573333333334,0.0,0.0,0.0,0.0,0.0,0.0,0.0,0.0,0.0,0.0,0.0,0.0,0.0,0.0,23634.460000000003,11304.0,2.090805024769993,0.0,0.0,0.0,0.0,0.0,0.0
real_ramya_user,2022-06-30,1923.32,0.0,0.0,0.0,0.0,3,30,6,0,0,724.2957142857143,851.926,0.0,0.0,0.0,0.0,1923.32,0.0,0.0,0.0,0.0,0.0,0.0,0.0,0.0,0.0,25557.780000000002,11304.0,2.2609501061571127,0.0,0.0,0.0,0.0,0.0,0.0
real_ramya_user,2022-07-01,1858.46,0.0,0.0,0.0,0.0,4,1,7,0,30,989.7900000000001,815.7556666666667,0.0,0.0,0.0,0.0,0.0,0.0,0.0,0.0,0.0,0.0,0.0,0.0,0.0,0.0,1858.46,0.0,0.0,0.0,0.0,0.0,1858.46,0.0,0.0
real_ramya_user,2022-07-02,1137.72,0.0,0.0,0.0,0.0,5,2,7,1,29,1012.2928571428573,853.6796666666667,0.0,0.0,0.0,0.0,0.0,0.0,0.0,0.0,0.0,0.0,0.0,0.0,0.0,0.0,2996.1800000000003,0.0,0.0,1137.72,0.0,0.0,0.0,0.0,0.0
real_ramya_user,2022-07-03,0.0,0.0,0.0,0.0,0.0,6,3,7,1,28,702.7857142857143,853.6796666666667,0.0,0.0,0.0,0.0,0.0,0.0,0.0,0.0,0.0,0.0,0.0,0.0,0.0,0.0,2996.1800000000003,0.0,0.0,0.0,0.0,0.0,0.0,0.0,0.0
real_ramya_user,2022-07-04,1984.8200000000002,0.0,0.0,0.0,0.0,0,4,7,0,27,986.3314285714287,887.3096666666668,0.0,0.0,0.0,0.0,204.39,0.0,0.0,0.0,0.0,0.0,0.0,0.0,0.0,0.0,4981.0,0.0,0.0,0.0,773.85,1006.58,0.0,0.0,0.0
real_ramya_user,2022-07-05,687.78,0.0,0.0,0.0,0.0,1,5,7,0,26,1084.5857142857144,910.2356666666668,0.0,0.0,0.0,0.0,0.0,0.0,0.0,0.0,0.0,0.0,0.0,0.0,0.0,0.0,5668.780000000001,0.0,0.0,0.0,0.0,687.78,0.0,0.0,0.0
real_ramya_user,2022-07-06,1938.15,0.0,0.0,0.0,0.0,2,6,7,0,25,1361.4642857142858,974.8406666666668,0.0,0.0,0.0,0.0,0.0,0.0,0.0,0.0,0.0,0.0,0.0,0.0,0.0,0.0,7606.93,0.0,0.0,0.0,0.0,0.0,1938.15,0.0,0.0
real_ramya_user,2022-07-07,0.0,0.0,0.0,0.0,0.0,3,7,7,0,24,1086.7042857142858,889.4583333333335,0.0,0.0,0.0,0.0,0.0,0.0,0.0,0.0,0.0,0.0,0.0,0.0,0.0,0.0,7606.93,0.0,0.0,0.0,0.0,0.0,0.0,0.0,0.0
real_ramya_user,2022-07-08,0.0,0.0,0.0,0.0,0.0,4,8,7,0,23,821.2100000000002,889.4583333333335,0.0,0.0,0.0,0.0,0.0,0.0,0.0,0.0,0.0,0.0,0.0,0.0,0.0,0.0,7606.93,0.0,0.0,0.0,0.0,0.0,0.0,0.0,0.0
real_ramya_user,2022-07-09,0.0,0.0,0.0,0.0,0.0,5,9,7,1,22,658.6785714285716,889.4583333333335,0.0,0.0,0.0,0.0,0.0,0.0,0.0,0.0,0.0,0.0,0.0,0.0,0.0,0.0,7606.93,0.0,0.0,0.0,0.0,0.0,0.0,0.0,0.0
real_ramya_user,2022-07-10,0.0,0.0,0.0,0.0,0.0,6,10,7,1,21,658.6785714285716,889.4583333333335,0.0,0.0,0.0,0.0,0.0,0.0,0.0,0.0,0.0,0.0,0.0,0.0,0.0,0.0,7606.93,0.0,0.0,0.0,0.0,0.0,0.0,0.0,0.0
real_ramya_user,2022-07-11,0.0,0.0,0.0,0.0,0.0,0,11,7,0,20,375.1328571428572,889.4583333333335,0.0,0.0,0.0,0.0,0.0,0.0,0.0,0.0,0.0,0.0,0.0,0.0,0.0,0.0,7606.93,0.0,0.0,0.0,0.0,0.0,0.0,0.0,0.0
real_ramya_user,2022-07-12,0.0,0.0,0.0,0.0,0.0,1,12,7,0,19,276.8785714285715,740.7716666666668,0.0,0.0,0.0,0.0,0.0,0.0,0.0,0.0,0.0,0.0,0.0,0.0,0.0,0.0,7606.93,0.0,0.0,0.0,0.0,0.0,0.0,0.0,0.0
real_ramya_user,2022-07-13,1569.26,0.0,0.0,0.0,0.0,2,13,7,0,18,224.18000000000006,780.0156666666667,0.0,0.0,0.0,0.0,0.0,0.0,0.0,0.0,0.0,0.0,0.0,0.0,0.0,0.0,9176.19,0.0,0.0,0.0,0.0,0.0,0.0,1569.26,0.0
real_ramya_user,2022-07-14,0.0,0.0,0.0,0.0,0.0,3,14,7,0,17,224.18000000000006,780.0156666666667,0.0,0.0,0.0,0.0,0.0,0.0,0.0,0.0,0.0,0.0,0.0,0.0,0.0,0.0,9176.19,0.0,0.0,0.0,0.0,0.0,0.0,0.0,0.0
real_ramya_user,2022-07-15,0.0,0.0,0.0,0.0,0.0,4,15,7,0,16,224.18000000000006,780.0156666666667,0.0,0.0,0.0,0.0,0.0,0.0,0.0,0.0,0.0,0.0,0.0,0.0,0.0,0.0,9176.19,0.0,0.0,0.0,0.0,0.0,0.0,0.0,0.0
real_ramya_user,2022-07-16,0.0,0.0,0.0,0.0,0.0,5,16,7,1,15,224.18000000000006,780.0156666666667,0.0,0.0,0.0,0.0,0.0,0.0,0.0,0.0,0.0,0.0,0.0,0.0,0.0,0.0,9176.19,0.0,0.0,0.0,0.0,0.0,0.0,0.0,0.0
real_ramya_user,2022-07-17,1278.21,0.0,0.0,0.0,0.0,6,17,7,1,14,406.7814285714286,740.59,0.0,0.0,0.0,0.0,0.0,0.0,0.0,0.0,0.0,0.0,0.0,0.0,0.0,0.0,10454.4,0.0,0.0,718.06,0.0,0.0,560.15,0.0,0.0
real_ramya_user,2022-07-18,1429.09,3612.0,0.0,0.0,0.0,0,18,7,0,13,610.9371428571429,722.2076666666667,516.0,0.0,0.0,0.0,0.0,0.0,0.0,0.0,0.0,0.0,0.0,0.0,0.0,0.0,11883.49,3612.0,3.29000276854928,1429.09,0.0,0.0,0.0,0.0,0.0
real_ramya_user,2022-07-19,1481.91,0.0,0.0,0.0,0.0,1,19,7,0,12,822.6385714285715,727.9069999999999,516.0,0.0,0.0,0.0,0.0,0.0,0.0,0.0,0.0,0.0,0.0,0.0,0.0,0.0,13365.4,3612.0,3.700276854928018,0.0,0.0,0.0,0.0,0.0,1481.91
real_ramya_user,2022-07-20,192.13,0.0,0.0,0.0,0.0,2,20,7,0,11,625.9057142857143,727.7756666666667,516.0,0.0,0.0,0.0,0.0,0.0,0.0,0.0,0.0,0.0,0.0,0.0,0.0,0.0,13557.53,3612.0,3.753468992248062,0.0,0.0,192.13,0.0,0.0,0.0
real_ramya_user,2022-07-21,0.0,0.0,0.0,0.0,0.0,3,21,7,0,10,625.9057142857143,723.72,516.0,0.0,0.0,0.0,0.0,0.0,0.0,0.0,0.0,0.0,0.0,0.0,0.0,0.0,13557.53,3612.0,3.753468992248062,0.0,0.0,0.0,0.0,0.0,0.0
real_ramya_user,2022-07-22,726.24,0.0,0.0,0.0,0.0,4,22,7,0,9,729.6542857142857,747.9280000000001,516.0,0.0,0.0,0.0,0.0,0.0,0.0,0.0,0.0,0.0,726.24,0.0,0.0,0.0,14283.77,3612.0,3.9545321151716504,0.0,0.0,0.0,0.0,0.0,0.0
real_ramya_user,2022-07-23,0.0,0.0,0.0,0.0,0.0,5,23,7,1,8,729.6542857142857,645.1280000000002,516.0,0.0,0.0,0.0,0.0,0.0,0.0,0.0,0.0,0.0,0.0,0.0,0.0,0.0,14283.77,3612.0,3.9545321151716504,0.0,0.0,0.0,0.0,0.0,0.0
real_ramya_user,2022-07-24,0.0,0.0,0.0,0.0,0.0,6,24,7,1,7,547.0528571428572,645.1280000000002,516.0,0.0,0.0,0.0,0.0,0.0,0.0,0.0,0.0,0.0,0.0,0.0,0.0,0.0,14283.77,3612.0,3.9545321151716504,0.0,0.0,0.0,0.0,0.0,0.0
real_ramya_user,2022-07-25,183.72,0.0,0.0,0.0,0.0,0,25,7,0,6,369.1428571428572,618.5786666666667,0.0,0.0,0.0,0.0,0.0,0.0,0.0,0.0,0.0,0.0,0.0,0.0,0.0,0.0,14467.49,3612.0,4.005395902547066,0.0,0.0,0.0,0.0,0.0,183.72
real_ramya_user,2022-07-26,0.0,0.0,0.0,0.0,0.0,1,26,7,0,5,157.44142857142862,546.3603333333333,0.0,0.0,0.0,0.0,0.0,0.0,0.0,0.0,0.0,0.0,0.0,0.0,0.0,0.0,14467.49,3612.0,4.005395902547066,0.0,0.0,0.0,0.0,0.0,0.0
real_ramya_user,2022-07-27,2258.77,3157.0,0.0,0.0,0.0,2,27,7,0,4,452.6757142857144,621.6526666666666,451.0,0.0,0.0,0.0,590.78,0.0,0.0,0.0,0.0,0.0,0.0,0.0,0.0,0.0,16726.260000000002,6769.0,2.4710090116708527,0.0,0.0,1452.44,215.55,0.0,0.0
real_ramya_user,2022-07-28,1148.2,1888.0,0.0,0.0,0.0,3,28,7,0,3,616.7042857142858,659.926,720.7142857142857,0.0,0.0,0.0,0.0,0.0,0.0,0.0,0.0,0.0,0.0,0.0,0.0,0.0,17874.46,8657.0,2.0647406722883215,1148.2,0.0,0.0,0.0,0.0,0.0
real_ramya_user,2022-07-29,0.0,2698.0,0.0,0.0,0.0,4,29,7,0,2,512.9557142857144,659.9259999999999,1106.142857142857,0.0,0.0,0.0,0.0,0.0,0.0,0.0,0.0,0.0,0.0,0.0,0.0,0.0,17874.46,11355.0,1.574148833113166,0.0,0.0,0.0,0.0,0.0,0.0
real_ramya_user,2022-07-30,342.74,0.0,0.0,0.0,0.0,5,30,7,1,1,561.9185714285716,607.2399999999999,1106.142857142857,0.0,0.0,0.0,0.0,0.0,0.0,0.0,0.0,0.0,0.0,0.0,0.0,0.0,18217.2,11355.0,1.604332892998679,0.0,0.0,342.74,0.0,0.0,0.0
real_ramya_user,2022-07-31,973.62,0.0,0.0,0.0,0.0,6,31,7,1,0,701.0071428571429,577.7453333333334,1106.142857142857,0.0,0.0,0.0,0.0,0.0,0.0,0.0,0.0,0.0,0.0,0.0,0.0,0.0,19190.82,11355.0,1.6900766182298546,0.0,0.0,0.0,0.0,973.62,0.0
real_ramya_user,2022-08-01,0.0,0.0,0.0,0.0,0.0,0,1,8,0,30,674.7614285714287,539.8213333333334,1106.142857142857,0.0,0.0,0.0,0.0,0.0,0.0,0.0,0.0,0.0,0.0,0.0,0.0,0.0,0.0,0.0,0.0,0.0,0.0,0.0,0.0,0.0,0.0
real_ramya_user,2022-08-02,1191.67,2520.0,0.0,0.0,0.0,1,2,8,0,29,845.0000000000001,579.5436666666667,1466.142857142857,0.0,0.0,0.0,0.0,0.0,0.0,0.0,0.0,0.0,1191.67,0.0,0.0,0.0,1191.67,2520.0,0.47288492063492066,0.0,0.0,0.0,0.0,0.0,0.0
real_ramya_user,2022-08-03,0.0,1609.0,0.0,0.0,0.0,2,3,8,0,28,522.3185714285715,513.383,1245.0,0.0,0.0,0.0,0.0,0.0,0.0,0.0,0.0,0.0,0.0,0.0,0.0,0.0,1191.67,4129.0,0.28860983288931946,0.0,0.0,0.0,0.0,0.0,0.0
real_ramya_user,2022-08-04,671.11,0.0,0.0,0.0,0.0,3,4,8,0,27,454.16285714285726,512.8273333333333,975.2857142857143,0.0,0.0,0.0,0.0,0.0,0.0,0.0,0.0,0.0,0.0,0.0,0.0,0.0,1862.7800000000002,4129.0,0.45114555582465493,0.0,0.0,0.0,671.11,0.0,0.0
real_ramya_user,2022-08-05,0.0,0.0,0.0,0.0,0.0,4,5,8,0,26,454.1628571428572,448.2223333333333,589.8571428571429,0.0,0.0,0.0,0.0,0.0,0.0,0.0,0.0,0.0,0.0,0.0,0.0,0.0,1862.7800000000002,4129.0,0.45114555582465493,0.0,0.0,0.0,0.0,0.0,0.0
real_ramya_user,2022-08-06,886.04,0.0,0.0,0.0,0.0,5,6,8,1,25,531.777142857143,477.757,589.8571428571429,0.0,0.0,0.0,0.0,0.0,0.0,0.0,0.0,0.0,0.0,0.0,0.0,0.0,2748.82,4129.0,0.6657350448050375,0.0,886.04,0.0,0.0,0.0,0.0
real_ramya_user,2022-08-07,607.87,0.0,0.0,0.0,0.0,6,7,8,1,24,479.5271428571429,498.01933333333335,589.8571428571429,0.0,0.0,0.0,0.0,0.0,0.0,0.0,0.0,0.0,0.0,0.0,0.0,0.0,3356.69,4129.0,0.8129547105836764,0.0,0.0,0.0,0.0,0.0,607.87
real_ramya_user,2022-08-08,0.0,0.0,0.0,0.0,0.0,0,8,8,0,23,479.5271428571429,498.01933333333335,589.8571428571429,0.0,0.0,0.0,0.0,0.0,0.0,0.0,0.0,0.0,0.0,0.0,0.0,0.0,3356.69,4129.0,0.8129547105836764,0.0,0.0,0.0,0.0,0.0,0.0
real_ramya_user,2022-08-09,0.0,0.0,0.0,0.0,0.0,1,9,8,0,22,309.2885714285715,498.01933333333335,229.85714285714286,0.0,0.0,0.0,0.0,0.0,0.0,0.0,0.0,0.0,0.0,0.0,0.0,0.0,3356.69,4129.0,0.8129547105836764,0.0,0.0,0.0,0.0,0.0,0.0
real_ramya_user,2022-08-10,0.0,0.0,0.0,0.0,0.0,2,10,8,0,21,309.2885714285715,498.01933333333335,0.0,0.0,0.0,0.0,0.0,0.0,0.0,0.0,0.0,0.0,0.0,0.0,0.0,0.0,3356.69,4129.0,0.8129547105836764,0.0,0.0,0.0,0.0,0.0,0.0
real_ramya_user,2022-08-11,0.0,0.0,0.0,0.0,0.0,3,11,8,0,20,213.41571428571433,498.01933333333335,0.0,0.0,0.0,0.0,0.0,0.0,0.0,0.0,0.0,0.0,0.0,0.0,0.0,0.0,3356.69,4129.0,0.8129547105836764,0.0,0.0,0.0,0.0,0.0,0.0
real_ramya_user,2022-08-12,963.23,0.0,0.0,0.0,0.0,4,12,8,0,19,351.02000000000004,477.8183333333333,0.0,0.0,0.0,0.0,0.0,0.0,0.0,0.0,0.0,0.0,0.0,0.0,0.0,0.0,4319.92,4129.0,1.0462387987406152,963.23,0.0,0.0,0.0,0.0,0.0
real_ramya_user,2022-08-13,0.0,3114.0,0.0,0.0,0.0,5,13,8,1,18,224.4428571428572,477.8183333333333,444.85714285714283,0.0,0.0,0.0,0.0,0.0,0.0,0.0,0.0,0.0,0.0,0.0,0.0,0.0,4319.92,7243.0,0.5964268949330388,0.0,0.0,0.0,0.0,0.0,0.0
real_ramya_user,2022-08-14,0.0,0.0,0.0,0.0,0.0,6,14,8,1,17,137.6042857142858,477.8183333333333,444.85714285714283,0.0,0.0,0.0,0.0,0.0,0.0,0.0,0.0,0.0,0.0,0.0,0.0,0.0,4319.92,7243.0,0.5964268949330388,0.0,0.0,0.0,0.0,0.0,0.0
real_ramya_user,2022-08-15,2694.2,0.0,0.0,0.0,0.0,0,15,8,0,16,522.49,567.625,444.85714285714283,0.0,0.0,0.0,0.0,0.0,0.0,0.0,0.0,0.0,1935.85,0.0,0.0,0.0,7014.12,7243.0,0.9683998343227944,0.0,758.35,0.0,0.0,0.0,0.0
real_ramya_user,2022-08-16,1924.9099999999999,0.0,0.0,0.0,0.0,1,16,8,0,15,797.4771428571429,589.1816666666667,444.85714285714283,0.0,0.0,0.0,0.0,0.0,0.0,0.0,0.0,0.0,0.0,0.0,0.0,0.0,8939.029999999999,7243.0,1.2341612591467623,1188.53,0.0,0.0,736.38,0.0,0.0
real_ramya_user,2022-08-17,1906.48,0.0,0.0,0.0,0.0,2,17,8,0,14,1069.8314285714284,605.0946666666666,444.85714285714283,0.0,0.0,0.0,1906.48,0.0,0.0,0.0,0.0,0.0,0.0,0.0,0.0,0.0,10845.51,7243.0,1.4973781582217314,0.0,0.0,0.0,0.0,0.0,0.0
real_ramya_user,2022-08-18,882.53,0.0,0.0,0.0,0.0,3,18,8,0,13,1195.9071428571428,585.1153333333333,444.85714285714283,0.0,0.0,0.0,0.0,0.0,0.0,0.0,0.0,0.0,0.0,0.0,0.0,0.0,11728.039999999999,7243.0,1.6192240784205438,882.53,0.0,0.0,0.0,0.0,0.0
real_ramya_user,2022-08-19,1639.74,0.0,0.0,0.0,0.0,4,19,8,0,12,1292.5514285714287,633.369,444.85714285714283,0.0,0.0,0.0,0.0,0.0,0.0,0.0,0.0,0.0,0.0,0.0,0.0,0.0,13367.779999999999,7243.0,1.8456136959823275,0.0,0.0,1639.74,0.0,0.0,0.0
real_ramya_user,2022-08-20,0.0,0.0,0.0,0.0,0.0,5,20,8,1,11,1292.5514285714287,633.369,0.0,0.0,0.0,0.0,0.0,0.0,0.0,0.0,0.0,0.0,0.0,0.0,0.0,0.0,13367.779999999999,7243.0,1.8456136959823275,0.0,0.0,0.0,0.0,0.0,0.0
real_ramya_user,2022-08-21,1349.23,2482.0,0.0,0.0,0.0,6,21,8,1,10,1485.2985714285714,654.1353333333333,354.57142857142856,0.0,0.0,0.0,0.0,0.0,0.0,0.0,0.0,0.0,0.0,0.0,0.0,0.0,14717.01,9725.0,1.5133172236503856,0.0,0.0,0.0,1349.23,0.0,0.0
real_ramya_user,2022-08-22,2336.96,0.0,0.0,0.0,0.0,0,22,8,0,9,1434.2642857142857,732.0339999999999,354.57142857142856,0.0,0.0,0.0,0.0,0.0,0.0,0.0,0.0,0.0,0.0,0.0,0.0,0.0,17053.97,9725.0,1.7536215938303343,0.0,0.0,903.64,0.0,0.0,1433.32
real_ramya_user,2022-08-23,1073.39,0.0,0.0,0.0,0.0,1,23,8,0,8,1312.6185714285714,767.8136666666667,354.57142857142856,0.0,0.0,0.0,0.0,0.0,0.0,0.0,0.0,0.0,0.0,0.0,0.0,0.0,18127.36,9725.0,1.8639958868894602,0.0,0.0,0.0,1073.39,0.0,0.0
real_ramya_user,2022-08-24,1091.85,0.0,0.0,0.0,0.0,2,24,8,0,7,1196.2428571428572,798.0846666666667,354.57142857142856,0.0,0.0,0.0,0.0,0.0,0.0,0.0,0.0,0.0,0.0,0.0,0.0,0.0,19219.21,9725.0,1.9762683804627248,0.0,0.0,0.0,1091.85,0.0,0.0
real_ramya_user,2022-08-25,0.0,0.0,0.0,0.0,0.0,3,25,8,0,6,1070.167142857143,798.0846666666667,354.57142857142856,0.0,0.0,0.0,0.0,0.0,0.0,0.0,0.0,0.0,0.0,0.0,0.0,0.0,19219.21,9725.0,1.9762683804627248,0.0,0.0,0.0,0.0,0.0,0.0
real_ramya_user,2022-08-26,1633.9,0.0,0.0,0.0,0.0,4,26,8,0,5,1069.3328571428572,777.2556666666667,354.57142857142856,0.0,0.0,0.0,0.0,0.0,0.0,0.0,0.0,0.0,0.0,0.0,0.0,0.0,20853.11,9725.0,2.1442786632390747,0.0,1406.25,227.65,0.0,0.0,0.0
real_ramya_user,2022-08-27,0.0,0.0,0.0,0.0,0.0,5,27,8,1,4,1069.3328571428572,738.9823333333334,354.57142857142856,0.0,0.0,0.0,0.0,0.0,0.0,0.0,0.0,0.0,0.0,0.0,0.0,0.0,20853.11,9725.0,2.1442786632390747,0.0,0.0,0.0,0.0,0.0,0.0
real_ramya_user,2022-08-28,341.01,0.0,0.0,0.0,0.0,6,28,8,1,3,925.3014285714287,750.3493333333333,0.0,0.0,0.0,0.0,0.0,0.0,0.0,0.0,0.0,0.0,0.0,0.0,0.0,0.0,21194.12,9725.0,2.1793439588688943,0.0,341.01,0.0,0.0,0.0,0.0
real_ramya_user,2022-08-29,1933.95,0.0,0.0,0.0,0.0,0,29,8,0,2,867.7285714285715,803.3896666666666,0.0,0.0,0.0,0.0,0.0,0.0,0.0,0.0,0.0,0.0,0.0,0.0,0.0,0.0,23128.07,9725.0,2.3782077120822622,0.0,0.0,0.0,1933.95,0.0,0.0
real_ramya_user,2022-08-30,220.83,0.0,0.0,0.0,0.0,1,30,8,0,1,745.9342857142857,778.2966666666666,0.0,0.0,0.0,0.0,0.0,0.0,0.0,0.0,0.0,0.0,0.0,0.0,0.0,0.0,23348.9,9725.0,2.400915167095116,0.0,0.0,0.0,220.83,0.0,0.0
real_ramya_user,2022-08-31,897.1,4683.0,0.0,0.0,0.0,2,31,8,0,0,718.1128571428573,808.2,669.0,0.0,0.0,0.0,0.0,0.0,0.0,0.0,0.0,0.0,0.0,0.0,0.0,0.0,24246.0,14408.0,1.6828151027207108,897.1,0.0,0.0,0.0,0.0,0.0
real_ramya_user,2022-09-01,696.49,0.0,0.0,0.0,0.0,3,1,9,0,29,817.6114285714286,791.694,669.0,0.0,0.0,0.0,0.0,0.0,0.0,0.0,0.0,0.0,0.0,0.0,0.0,0.0,696.49,0.0,0.0,0.0,0.0,0.0,0.0,0.0,696.49
real_ramya_user,2022-09-02,0.0,2920.0,0.0,0.0,0.0,4,2,9,0,28,584.1971428571429,791.694,1086.142857142857,0.0,0.0,0.0,0.0,0.0,0.0,0.0,0.0,0.0,0.0,0.0,0.0,0.0,696.49,2920.0,0.23852397260273972,0.0,0.0,0.0,0.0,0.0,0.0
real_ramya_user,2022-09-03,1991.17,0.0,0.0,0.0,0.0,5,3,9,1,27,868.65,835.696,1086.142857142857,0.0,0.0,0.0,0.0,0.0,0.0,0.0,0.0,0.0,0.0,0.0,0.0,0.0,2687.66,2920.0,0.9204315068493151,1047.02,0.0,240.98,0.0,0.0,703.17
real_ramya_user,2022-09-04,1025.63,0.0,0.0,0.0,0.0,6,4,9,1,26,966.4528571428573,869.8836666666667,1086.142857142857,0.0,0.0,0.0,0.0,0.0,0.0,0.0,0.0,0.0,0.0,0.0,0.0,0.0,3713.29,2920.0,1.2716746575342466,0.0,143.68,881.95,0.0,0.0,0.0
real_ramya_user,2022-09-05,0.0,685.0,0.0,0.0,0.0,0,5,9,0,25,690.1742857142857,840.349,1184.0,0.0,0.0,0.0,0.0,0.0,0.0,0.0,0.0,0.0,0.0,0.0,0.0,0.0,3713.29,3605.0,1.0300388349514562,0.0,0.0,0.0,0.0,0.0,0.0
real_ramya_user,2022-09-06,1357.51,0.0,0.0,0.0,0.0,1,6,9,0,24,852.5571428571429,865.337,1184.0,0.0,0.0,0.0,0.0,0.0,0.0,0.0,0.0,0.0,0.0,0.0,0.0,0.0,5070.8,3605.0,1.4066019417475728,0.0,0.0,1357.51,0.0,0.0,0.0
real_ramya_user,2022-09-07,0.0,4727.0,0.0,0.0,0.0,2,7,9,0,23,724.4000000000002,865.337,1190.2857142857142,0.0,0.0,0.0,0.0,0.0,0.0,0.0,0.0,0.0,0.0,0.0,0.0,0.0,5070.8,8332.0,0.6085933749399904,0.0,0.0,0.0,0.0,0.0,0.0
real_ramya_user,2022-09-08,0.0,3211.0,0.0,0.0,0.0,3,8,9,0,22,624.9014285714286,865.337,1649.0,0.0,0.0,0.0,0.0,0.0,0.0,0.0,0.0,0.0,0.0,0.0,0.0,0.0,5070.8,11543.0,0.4392965433596119,0.0,0.0,0.0,0.0,0.0,0.0
real_ramya_user,2022-09-09,0.0,0.0,0.0,0.0,0.0,4,9,9,0,21,624.9014285714286,865.337,1231.857142857143,0.0,0.0,0.0,0.0,0.0,0.0,0.0,0.0,0.0,0.0,0.0,0.0,0.0,5070.8,11543.0,0.4392965433596119,0.0,0.0,0.0,0.0,0.0,0.0
real_ramya_user,2022-09-10,471.39,0.0,0.0,0.0,0.0,5,10,9,1,20,407.79,881.05,1231.857142857143,0.0,0.0,0.0,0.0,0.0,0.0,0.0,0.0,0.0,471.39,0.0,0.0,0.0,5542.1900000000005,11543.0,0.4801342805163303,0.0,0.0,0.0,0.0,0.0,0.0
real_ramya_user,2022-09-11,449.0,0.0,0.0,0.0,0.0,6,11,9,1,19,325.41428571428577,863.909,1231.857142857143,0.0,0.0,0.0,0.0,0.0,0.0,0.0,0.0,0.0,0.0,0.0,0.0,0.0,5991.1900000000005,11543.0,0.5190323139565105,0.0,0.0,0.0,68.09,0.0,380.91
real_ramya_user,2022-09-12,904.65,0.0,0.0,0.0,0.0,0,12,9,0,18,454.65000000000003,894.0640000000001,1134.0,0.0,0.0,0.0,0.0,0.0,0.0,0.0,0.0,0.0,0.0,0.0,0.0,0.0,6895.84,11543.0,0.5974044875682232,904.65,0.0,0.0,0.0,0.0,0.0
real_ramya_user,2022-09-13,0.0,0.0,0.0,0.0,0.0,1,13,9,0,17,260.7200000000001,894.0640000000001,1134.0,0.0,0.0,0.0,0.0,0.0,0.0,0.0,0.0,0.0,0.0,0.0,0.0,0.0,6895.84,11543.0,0.5974044875682232,0.0,0.0,0.0,0.0,0.0,0.0
real_ramya_user,2022-09-14,1412.42,0.0,0.0,0.0,0.0,2,14,9,0,16,462.4942857142858,851.338,458.7142857142857,0.0,0.0,0.0,1412.42,0.0,0.0,0.0,0.0,0.0,0.0,0.0,0.0,0.0,8308.26,11543.0,0.7197660920038118,0.0,0.0,0.0,0.0,0.0,0.0
real_ramya_user,2022-09-15,1896.85,0.0,0.0,0.0,0.0,3,15,9,0,15,733.4728571428572,850.4026666666667,0.0,0.0,0.0,0.0,0.0,0.0,0.0,0.0,0.0,0.0,0.0,0.0,0.0,0.0,10205.11,11543.0,0.8840951225851166,0.0,0.0,1158.92,0.0,0.0,737.93
real_ramya_user,2022-09-16,0.0,0.0,0.0,0.0,0.0,4,16,9,0,14,733.4728571428572,786.8533333333334,0.0,0.0,0.0,0.0,0.0,0.0,0.0,0.0,0.0,0.0,0.0,0.0,0.0,0.0,10205.11,11543.0,0.8840951225851166,0.0,0.0,0.0,0.0,0.0,0.0
real_ramya_user,2022-09-17,0.0,2649.0,0.0,0.0,0.0,5,17,9,1,13,666.1314285714286,757.4356666666667,378.42857142857144,0.0,0.0,0.0,0.0,0.0,0.0,0.0,0.0,0.0,0.0,0.0,0.0,0.0,10205.11,14192.0,0.7190748308906426,0.0,0.0,0.0,0.0,0.0,0.0
real_ramya_user,2022-09-18,1060.15,0.0,0.0,0.0,0.0,6,18,9,1,12,753.4385714285714,738.116,378.42857142857144,0.0,0.0,0.0,0.0,0.0,0.0,0.0,0.0,0.0,1060.15,0.0,0.0,0.0,11265.26,14192.0,0.7937753664036077,0.0,0.0,0.0,0.0,0.0,0.0
real_ramya_user,2022-09-19,1936.95,0.0,0.0,0.0,0.0,0,19,9,0,11,900.9100000000001,802.681,378.42857142857144,0.0,0.0,0.0,0.0,0.0,0.0,0.0,0.0,0.0,0.0,0.0,0.0,0.0,13202.210000000001,14192.0,0.9302571871476889,0.0,710.45,0.0,1226.5,0.0,0.0
real_ramya_user,2022-09-20,0.0,0.0,0.0,0.0,0.0,1,20,9,0,10,900.9100000000001,757.7066666666667,378.42857142857144,0.0,0.0,0.0,0.0,0.0,0.0,0.0,0.0,0.0,0.0,0.0,0.0,0.0,13202.210000000001,14192.0,0.9302571871476889,0.0,0.0,0.0,0.0,0.0,0.0
real_ramya_user,2022-09-21,1629.34,0.0,0.0,0.0,0.0,2,21,9,0,9,931.8985714285716,734.1193333333334,378.42857142857144,0.0,0.0,0.0,0.0,0.0,0.0,0.0,0.0,0.0,0.0,0.0,0.0,0.0,14831.55,14192.0,1.0450641206313416,0.0,0.0,0.0,0.0,0.0,1629.34
real_ramya_user,2022-09-22,0.0,0.0,0.0,0.0,0.0,3,22,9,0,8,660.9200000000001,698.3396666666666,378.42857142857144,0.0,0.0,0.0,0.0,0.0,0.0,0.0,0.0,0.0,0.0,0.0,0.0,0.0,14831.55,14192.0,1.0450641206313416,0.0,0.0,0.0,0.0,0.0,0.0
real_ramya_user,2022-09-23,1838.18,0.0,0.0,0.0,0.0,4,23,9,0,7,923.5171428571429,723.2173333333334,378.42857142857144,0.0,0.0,0.0,0.0,0.0,0.0,0.0,0.0,0.0,0.0,0.0,0.0,0.0,16669.73,14192.0,1.1745863866967305,0.0,0.0,0.0,0.0,1838.18,0.0
real_ramya_user,2022-09-24,0.0,0.0,0.0,0.0,0.0,5,24,9,1,6,923.517142857143,723.2173333333334,0.0,0.0,0.0,0.0,0.0,0.0,0.0,0.0,0.0,0.0,0.0,0.0,0.0,0.0,16669.73,14192.0,1.1745863866967305,0.0,0.0,0.0,0.0,0.0,0.0
real_ramya_user,2022-09-25,0.0,0.0,0.0,0.0,0.0,6,25,9,1,5,772.0671428571429,668.754,0.0,0.0,0.0,0.0,0.0,0.0,0.0,0.0,0.0,0.0,0.0,0.0,0.0,0.0,16669.73,14192.0,1.1745863866967305,0.0,0.0,0.0,0.0,0.0,0.0
real_ramya_user,2022-09-26,1007.5,0.0,0.0,0.0,0.0,0,26,9,0,4,639.2885714285715,702.3373333333333,0.0,0.0,0.0,0.0,0.0,0.0,0.0,0.0,0.0,0.0,0.0,0.0,0.0,0.0,17677.23,14192.0,1.2455770856820745,0.0,0.0,374.26,0.0,0.0,633.24
real_ramya_user,2022-09-27,0.0,0.0,0.0,0.0,0.0,1,27,9,0,3,639.2885714285715,690.9703333333333,0.0,0.0,0.0,0.0,0.0,0.0,0.0,0.0,0.0,0.0,0.0,0.0,0.0,0.0,17677.23,14192.0,1.2455770856820745,0.0,0.0,0.0,0.0,0.0,0.0
real_ramya_user,2022-09-28,842.3,0.0,0.0,0.0,0.0,2,28,9,0,2,526.8542857142858,654.582,0.0,0.0,0.0,0.0,0.0,0.0,0.0,0.0,0.0,0.0,0.0,0.0,0.0,0.0,18519.53,14192.0,1.304927423900789,0.0,0.0,0.0,842.3,0.0,0.0
real_ramya_user,2022-09-29,0.0,5831.0,0.0,0.0,0.0,3,29,9,0,1,526.8542857142858,647.221,833.0,0.0,0.0,0.0,0.0,0.0,0.0,0.0,0.0,0.0,0.0,0.0,0.0,0.0,18519.53,20023.0,0.9249128502222443,0.0,0.0,0.0,0.0,0.0,0.0
real_ramya_user,2022-09-30,382.33,0.0,0.0,0.0,0.0,4,30,9,0,0,318.87571428571437,630.062,833.0,0.0,0.0,0.0,0.0,0.0,0.0,0.0,0.0,0.0,0.0,0.0,0.0,0.0,18901.86,20023.0,0.9440073914997753,0.0,0.0,0.0,0.0,0.0,382.33
real_ramya_user,2022-10-01,1732.39,0.0,0.0,0.0,0.0,5,1,10,1,30,566.36,664.5920000000001,833.0,0.0,0.0,0.0,1732.39,0.0,0.0,0.0,0.0,0.0,0.0,0.0,0.0,0.0,1732.39,0.0,0.0,0.0,0.0,0.0,0.0,0.0,0.0
real_ramya_user,2022-10-02,281.7,0.0,0.0,0.0,0.0,6,2,10,1,29,606.6028571428571,673.9820000000001,833.0,0.0,0.0,0.0,0.0,0.0,0.0,0.0,0.0,0.0,281.7,0.0,0.0,0.0,2014.0900000000001,0.0,0.0,0.0,0.0,0.0,0.0,0.0,0.0
real_ramya_user,2022-10-03,824.18,0.0,0.0,0.0,0.0,0,3,10,0,28,580.4142857142858,635.0823333333334,833.0,0.0,0.0,0.0,0.0,0.0,0.0,0.0,0.0,0.0,824.18,0.0,0.0,0.0,2838.27,0.0,0.0,0.0,0.0,0.0,0.0,0.0,0.0
real_ramya_user,2022-10-04,982.51,2306.0,0.0,0.0,0.0,1,4,10,0,27,720.7728571428571,633.645,1162.4285714285713,0.0,0.0,0.0,0.0,0.0,0.0,0.0,0.0,0.0,982.51,0.0,0.0,0.0,3820.7799999999997,2306.0,1.6568863833477883,0.0,0.0,0.0,0.0,0.0,0.0
real_ramya_user,2022-10-05,457.44,0.0,0.0,0.0,0.0,2,5,10,0,26,665.7928571428572,648.8929999999999,1162.4285714285713,0.0,0.0,0.0,0.0,0.0,0.0,0.0,0.0,0.0,0.0,0.0,0.0,0.0,4278.22,2306.0,1.8552558542931483,0.0,0.0,0.0,0.0,457.44,0.0
real_ramya_user,2022-10-06,0.0,0.0,0.0,0.0,0.0,3,6,10,0,25,665.7928571428572,603.6426666666666,329.42857142857144,0.0,0.0,0.0,0.0,0.0,0.0,0.0,0.0,0.0,0.0,0.0,0.0,0.0,4278.22,2306.0,1.8552558542931483,0.0,0.0,0.0,0.0,0.0,0.0
real_ramya_user,2022-10-07,0.0,0.0,0.0,0.0,0.0,4,7,10,0,24,611.1742857142857,603.6426666666666,329.42857142857144,0.0,0.0,0.0,0.0,0.0,0.0,0.0,0.0,0.0,0.0,0.0,0.0,0.0,4278.22,2306.0,1.8552558542931483,0.0,0.0,0.0,0.0,0.0,0.0
real_ramya_user,2022-10-08,1135.64,0.0,0.0,0.0,0.0,5,8,10,1,23,525.9242857142857,641.4973333333332,329.42857142857144,0.0,0.0,0.0,0.0,0.0,0.0,0.0,0.0,0.0,1135.64,0.0,0.0,0.0,5413.860000000001,2306.0,2.347727666955768,0.0,0.0,0.0,0.0,0.0,0.0
real_ramya_user,2022-10-09,0.0,0.0,0.0,0.0,0.0,6,9,10,1,22,485.6814285714286,641.4973333333332,329.42857142857144,0.0,0.0,0.0,0.0,0.0,0.0,0.0,0.0,0.0,0.0,0.0,0.0,0.0,5413.860000000001,2306.0,2.347727666955768,0.0,0.0,0.0,0.0,0.0,0.0
real_ramya_user,2022-10-10,1103.96,0.0,0.0,0.0,0.0,0,10,10,0,21,525.65,662.5830000000001,329.42857142857144,0.0,0.0,0.0,0.0,0.0,0.0,0.0,0.0,0.0,1103.96,0.0,0.0,0.0,6517.82,2306.0,2.8264614050303556,0.0,0.0,0.0,0.0,0.0,0.0
real_ramya_user,2022-10-11,0.0,0.0,0.0,0.0,0.0,1,11,10,0,20,385.2914285714287,647.6163333333334,0.0,0.0,0.0,0.0,0.0,0.0,0.0,0.0,0.0,0.0,0.0,0.0,0.0,0.0,6517.82,2306.0,2.8264614050303556,0.0,0.0,0.0,0.0,0.0,0.0
real_ramya_user,2022-10-12,1088.67,2694.0,0.0,0.0,0.0,2,12,10,0,19,475.4671428571429,653.7503333333333,384.85714285714283,0.0,0.0,0.0,0.0,0.0,0.0,0.0,0.0,0.0,0.0,0.0,0.0,0.0,7606.49,5000.0,1.521298,0.0,1088.67,0.0,0.0,0.0,0.0
real_ramya_user,2022-10-13,1097.24,0.0,0.0,0.0,0.0,3,13,10,0,18,632.2157142857143,690.325,384.85714285714283,0.0,0.0,0.0,0.0,0.0,0.0,0.0,0.0,0.0,1097.24,0.0,0.0,0.0,8703.73,5000.0,1.740746,0.0,0.0,0.0,0.0,0.0,0.0
real_ramya_user,2022-10-14,0.0,0.0,0.0,0.0,0.0,4,14,10,0,17,632.2157142857143,643.2443333333334,384.85714285714283,0.0,0.0,0.0,0.0,0.0,0.0,0.0,0.0,0.0,0.0,0.0,0.0,0.0,8703.73,5000.0,1.740746,0.0,0.0,0.0,0.0,0.0,0.0
real_ramya_user,2022-10-15,0.0,0.0,0.0,0.0,0.0,5,15,10,1,16,469.98142857142864,580.016,384.85714285714283,0.0,0.0,0.0,0.0,0.0,0.0,0.0,0.0,0.0,0.0,0.0,0.0,0.0,8703.73,5000.0,1.740746,0.0,0.0,0.0,0.0,0.0,0.0
real_ramya_user,2022-10-16,0.0,0.0,0.0,0.0,0.0,6,16,10,1,15,469.9814285714287,580.016,384.85714285714283,0.0,0.0,0.0,0.0,0.0,0.0,0.0,0.0,0.0,0.0,0.0,0.0,0.0,8703.73,5000.0,1.740746,0.0,0.0,0.0,0.0,0.0,0.0
real_ramya_user,2022-10-17,0.0,0.0,0.0,0.0,0.0,0,17,10,0,14,312.2728571428573,580.016,384.85714285714283,0.0,0.0,0.0,0.0,0.0,0.0,0.0,0.0,0.0,0.0,0.0,0.0,0.0,8703.73,5000.0,1.740746,0.0,0.0,0.0,0.0,0.0,0.0
real_ramya_user,2022-10-18,0.0,0.0,0.0,0.0,0.0,1,18,10,0,13,312.2728571428573,544.6776666666667,384.85714285714283,0.0,0.0,0.0,0.0,0.0,0.0,0.0,0.0,0.0,0.0,0.0,0.0,0.0,8703.73,5000.0,1.740746,0.0,0.0,0.0,0.0,0.0,0.0
real_ramya_user,2022-10-19,2077.06,0.0,0.0,0.0,0.0,2,19,10,0,12,453.4714285714286,549.3480000000001,0.0,0.0,0.0,0.0,0.0,0.0,0.0,0.0,0.0,0.0,0.0,0.0,0.0,0.0,10780.79,5000.0,2.156158,602.44,0.0,1474.62,0.0,0.0,0.0
real_ramya_user,2022-10-20,533.0,0.0,0.0,0.0,0.0,3,20,10,0,11,372.86571428571443,567.1146666666667,0.0,0.0,0.0,0.0,0.0,0.0,0.0,0.0,0.0,0.0,533.0,0.0,0.0,0.0,11313.79,5000.0,2.2627580000000003,0.0,0.0,0.0,0.0,0.0,0.0
real_ramya_user,2022-10-21,883.75,0.0,0.0,0.0,0.0,4,21,10,0,10,499.1157142857143,542.2616666666667,0.0,0.0,0.0,0.0,0.0,0.0,0.0,0.0,0.0,0.0,0.0,0.0,0.0,0.0,12197.54,5000.0,2.439508,0.0,0.0,883.75,0.0,0.0,0.0
real_ramya_user,2022-10-22,427.66,0.0,0.0,0.0,0.0,5,22,10,1,9,560.21,556.517,0.0,0.0,0.0,0.0,0.0,0.0,0.0,0.0,0.0,0.0,0.0,0.0,0.0,0.0,12625.2,5000.0,2.52504,427.66,0.0,0.0,0.0,0.0,0.0
real_ramya_user,2022-10-23,1723.49,0.0,0.0,0.0,0.0,6,23,10,1,8,806.4228571428573,552.694,0.0,0.0,0.0,0.0,0.0,0.0,0.0,0.0,0.0,0.0,0.0,0.0,0.0,0.0,14348.69,5000.0,2.869738,0.0,1723.49,0.0,0.0,0.0,0.0
real_ramya_user,2022-10-24,0.0,0.0,0.0,0.0,0.0,0,24,10,0,7,806.4228571428573,552.694,0.0,0.0,0.0,0.0,0.0,0.0,0.0,0.0,0.0,0.0,0.0,0.0,0.0,0.0,14348.69,5000.0,2.869738,0.0,0.0,0.0,0.0,0.0,0.0
real_ramya_user,2022-10-25,340.3,0.0,0.0,0.0,0.0,1,25,10,0,6,855.0371428571428,564.0373333333333,0.0,0.0,0.0,0.0,0.0,0.0,0.0,0.0,0.0,0.0,0.0,0.0,0.0,0.0,14688.99,5000.0,2.937798,0.0,0.0,0.0,340.3,0.0,0.0
real_ramya_user,2022-10-26,0.0,0.0,0.0,0.0,0.0,2,26,10,0,5,558.3142857142859,530.4540000000001,0.0,0.0,0.0,0.0,0.0,0.0,0.0,0.0,0.0,0.0,0.0,0.0,0.0,0.0,14688.99,5000.0,2.937798,0.0,0.0,0.0,0.0,0.0,0.0
real_ramya_user,2022-10-27,0.0,0.0,0.0,0.0,0.0,3,27,10,0,4,482.17142857142875,530.4540000000001,0.0,0.0,0.0,0.0,0.0,0.0,0.0,0.0,0.0,0.0,0.0,0.0,0.0,0.0,14688.99,5000.0,2.937798,0.0,0.0,0.0,0.0,0.0,0.0
real_ramya_user,2022-10-28,0.0,2195.0,0.0,0.0,0.0,4,28,10,0,3,355.92142857142875,502.3773333333334,313.57142857142856,0.0,0.0,0.0,0.0,0.0,0.0,0.0,0.0,0.0,0.0,0.0,0.0,0.0,14688.99,7195.0,2.0415552466990965,0.0,0.0,0.0,0.0,0.0,0.0
real_ramya_user,2022-10-29,0.0,0.0,0.0,0.0,0.0,5,29,10,1,2,294.82714285714303,502.3773333333334,313.57142857142856,0.0,0.0,0.0,0.0,0.0,0.0,0.0,0.0,0.0,0.0,0.0,0.0,0.0,14688.99,7195.0,2.0415552466990965,0.0,0.0,0.0,0.0,0.0,0.0
real_ramya_user,2022-10-30,1069.24,0.0,0.0,0.0,0.0,6,30,10,1,1,201.36285714285728,525.2743333333334,313.57142857142856,0.0,0.0,0.0,0.0,0.0,0.0,0.0,0.0,0.0,0.0,0.0,0.0,0.0,15758.23,7195.0,2.1901640027797082,0.0,1069.24,0.0,0.0,0.0,0.0
real_ramya_user,2022-10-31,654.07,0.0,0.0,0.0,0.0,0,31,10,0,0,294.80142857142874,489.33033333333333,313.57142857142856,0.0,0.0,0.0,0.0,0.0,0.0,0.0,0.0,0.0,0.0,0.0,0.0,0.0,16412.3,7195.0,2.2810701876302986,0.0,0.0,0.0,0.0,0.0,654.07
real_ramya_user,2022-11-01,0.0,0.0,0.0,0.0,0.0,1,1,11,0,29,246.187142857143,479.94033333333334,313.57142857142856,0.0,0.0,0.0,0.0,0.0,0.0,0.0,0.0,0.0,0.0,0.0,0.0,0.0,0.0,0.0,0.0,0.0,0.0,0.0,0.0,0.0,0.0
real_ramya_user,2022-11-02,0.0,0.0,0.0,0.0,0.0,2,2,11,0,28,246.187142857143,452.4676666666667,313.57142857142856,0.0,0.0,0.0,0.0,0.0,0.0,0.0,0.0,0.0,0.0,0.0,0.0,0.0,0.0,0.0,0.0,0.0,0.0,0.0,0.0,0.0,0.0
real_ramya_user,2022-11-03,1149.74,0.0,0.0,0.0,0.0,3,3,11,0,27,410.4357142857144,458.04200000000003,313.57142857142856,0.0,0.0,0.0,0.0,0.0,0.0,0.0,0.0,0.0,0.0,0.0,0.0,0.0,1149.74,0.0,0.0,0.0,0.0,0.0,0.0,1149.74,0.0
real_ramya_user,2022-11-04,279.82,0.0,0.0,0.0,0.0,4,4,11,0,26,450.4100000000002,452.1213333333333,0.0,0.0,0.0,0.0,0.0,0.0,0.0,0.0,0.0,0.0,0.0,0.0,0.0,0.0,1429.56,0.0,0.0,0.0,0.0,279.82,0.0,0.0,0.0
real_ramya_user,2022-11-05,1838.35,0.0,0.0,0.0,0.0,5,5,11,1,25,713.0314285714287,513.3996666666667,0.0,0.0,0.0,0.0,0.0,0.0,0.0,0.0,0.0,0.0,0.0,0.0,0.0,0.0,3267.91,0.0,0.0,0.0,0.0,0.0,1838.35,0.0,0.0
real_ramya_user,2022-11-06,0.0,0.0,0.0,0.0,0.0,6,6,11,1,24,560.2828571428573,513.3996666666667,0.0,0.0,0.0,0.0,0.0,0.0,0.0,0.0,0.0,0.0,0.0,0.0,0.0,0.0,3267.91,0.0,0.0,0.0,0.0,0.0,0.0,0.0,0.0
real_ramya_user,2022-11-07,1405.84,3138.0,0.0,0.0,0.0,0,7,11,0,23,667.6785714285716,522.4063333333334,448.2857142857143,0.0,0.0,0.0,0.0,0.0,0.0,0.0,0.0,0.0,0.0,0.0,0.0,0.0,4673.75,3138.0,1.4894040790312302,0.0,0.0,0.0,0.0,0.0,1405.84
real_ramya_user,2022-11-08,0.0,0.0,0.0,0.0,0.0,1,8,11,0,22,667.6785714285716,522.4063333333334,448.2857142857143,0.0,0.0,0.0,0.0,0.0,0.0,0.0,0.0,0.0,0.0,0.0,0.0,0.0,4673.75,3138.0,1.4894040790312302,0.0,0.0,0.0,0.0,0.0,0.0
real_ramya_user,2022-11-09,984.02,0.0,0.0,0.0,0.0,2,9,11,0,21,808.2528571428572,518.4083333333333,448.2857142857143,0.0,0.0,0.0,0.0,0.0,0.0,0.0,0.0,0.0,0.0,0.0,0.0,0.0,5657.7699999999995,3138.0,1.8029859783301465,0.0,0.0,0.0,984.02,0.0,0.0
real_ramya_user,2022-11-10,1259.35,0.0,0.0,0.0,0.0,3,10,11,0,20,823.9114285714287,560.3866666666667,448.2857142857143,0.0,0.0,0.0,0.0,0.0,0.0,0.0,0.0,0.0,0.0,0.0,0.0,0.0,6917.12,3138.0,2.204308476736775,0.0,0.0,0.0,0.0,1259.35,0.0
real_ramya_user,2022-11-11,0.0,0.0,0.0,0.0,0.0,4,11,11,0,19,783.9371428571429,524.0976666666667,448.2857142857143,0.0,0.0,0.0,0.0,0.0,0.0,0.0,0.0,0.0,0.0,0.0,0.0,0.0,6917.12,3138.0,2.204308476736775,0.0,0.0,0.0,0.0,0.0,0.0
real_ramya_user,2022-11-12,0.0,0.0,0.0,0.0,0.0,5,12,11,1,18,521.3157142857144,487.52299999999997,448.2857142857143,0.0,0.0,0.0,0.0,0.0,0.0,0.0,0.0,0.0,0.0,0.0,0.0,0.0,6917.12,3138.0,2.204308476736775,0.0,0.0,0.0,0.0,0.0,0.0
real_ramya_user,2022-11-13,1270.92,0.0,0.0,0.0,0.0,6,13,11,1,17,702.8757142857145,529.887,448.2857142857143,0.0,0.0,0.0,0.0,0.0,0.0,0.0,0.0,0.0,0.0,0.0,0.0,0.0,8188.04,3138.0,2.6093180369662203,0.0,0.0,1270.92,0.0,0.0,0.0
real_ramya_user,2022-11-14,1726.51,0.0,0.0,0.0,0.0,0,14,11,0,16,748.6857142857144,587.4373333333333,0.0,0.0,0.0,0.0,0.0,0.0,0.0,0.0,0.0,0.0,0.0,0.0,0.0,0.0,9914.55,3138.0,3.159512428298279,0.0,914.84,811.67,0.0,0.0,0.0
real_ramya_user,2022-11-15,1739.13,0.0,0.0,0.0,0.0,1,15,11,0,15,997.1328571428573,645.4083333333333,0.0,0.0,0.0,0.0,1739.13,0.0,0.0,0.0,0.0,0.0,0.0,0.0,0.0,0.0,11653.68,3138.0,3.713728489483748,0.0,0.0,0.0,0.0,0.0,0.0
real_ramya_user,2022-11-16,0.0,0.0,0.0,0.0,0.0,2,16,11,0,14,856.5585714285717,645.4083333333333,0.0,0.0,0.0,0.0,0.0,0.0,0.0,0.0,0.0,0.0,0.0,0.0,0.0,0.0,11653.68,3138.0,3.713728489483748,0.0,0.0,0.0,0.0,0.0,0.0
real_ramya_user,2022-11-17,3166.26,0.0,0.0,0.0,0.0,3,17,11,0,13,1128.974285714286,750.9503333333333,0.0,0.0,0.0,0.0,0.0,0.0,0.0,0.0,0.0,0.0,0.0,0.0,0.0,0.0,14819.94,3138.0,4.722734225621415,0.0,1701.71,1464.55,0.0,0.0,0.0
real_ramya_user,2022-11-18,443.48,0.0,0.0,0.0,0.0,4,18,11,0,12,1192.3285714285716,696.4976666666665,0.0,0.0,0.0,0.0,0.0,0.0,0.0,0.0,0.0,0.0,0.0,0.0,0.0,0.0,15263.42,3138.0,4.864059910771192,0.0,0.0,0.0,443.48,0.0,0.0
real_ramya_user,2022-11-19,994.48,0.0,0.0,0.0,0.0,5,19,11,1,11,1334.3971428571433,711.8803333333334,0.0,0.0,0.0,0.0,0.0,0.0,0.0,0.0,0.0,0.0,0.0,0.0,0.0,0.0,16257.9,3138.0,5.0,994.48,0.0,0.0,0.0,0.0,0.0
real_ramya_user,2022-11-20,0.0,0.0,0.0,0.0,0.0,6,20,11,1,10,1152.8371428571431,682.4220000000001,0.0,0.0,0.0,0.0,0.0,0.0,0.0,0.0,0.0,0.0,0.0,0.0,0.0,0.0,16257.9,3138.0,5.0,0.0,0.0,0.0,0.0,0.0,0.0
real_ramya_user,2022-11-21,682.13,0.0,0.0,0.0,0.0,0,21,11,0,9,1003.6400000000002,690.9043333333333,0.0,0.0,0.0,0.0,0.0,0.0,0.0,0.0,0.0,0.0,0.0,0.0,0.0,0.0,16940.03,3138.0,5.0,0.0,0.0,0.0,0.0,682.13,0.0
real_ramya_user,2022-11-22,1578.72,0.0,0.0,0.0,0.0,1,22,11,0,8,980.7242857142859,686.0786666666667,0.0,0.0,0.0,0.0,0.0,0.0,0.0,0.0,0.0,0.0,1578.72,0.0,0.0,0.0,18518.75,3138.0,5.0,0.0,0.0,0.0,0.0,0.0,0.0
real_ramya_user,2022-11-23,0.0,0.0,0.0,0.0,0.0,2,23,11,0,7,980.7242857142859,686.0786666666667,0.0,0.0,0.0,0.0,0.0,0.0,0.0,0.0,0.0,0.0,0.0,0.0,0.0,0.0,18518.75,3138.0,5.0,0.0,0.0,0.0,0.0,0.0,0.0
real_ramya_user,2022-11-24,0.0,0.0,0.0,0.0,0.0,3,24,11,0,6,528.4014285714287,674.7353333333334,0.0,0.0,0.0,0.0,0.0,0.0,0.0,0.0,0.0,0.0,0.0,0.0,0.0,0.0,18518.75,3138.0,5.0,0.0,0.0,0.0,0.0,0.0,0.0
real_ramya_user,2022-11-25,0.0,0.0,0.0,0.0,0.0,4,25,11,0,5,465.047142857143,674.7353333333334,0.0,0.0,0.0,0.0,0.0,0.0,0.0,0.0,0.0,0.0,0.0,0.0,0.0,0.0,18518.75,3138.0,5.0,0.0,0.0,0.0,0.0,0.0,0.0
real_ramya_user,2022-11-26,143.83,0.0,0.0,0.0,0.0,5,26,11,1,4,343.5257142857144,679.5296666666667,0.0,0.0,0.0,0.0,101.43,0.0,0.0,0.0,0.0,0.0,42.4,0.0,0.0,0.0,18662.58,3138.0,5.0,0.0,0.0,0.0,0.0,0.0,0.0
real_ramya_user,2022-11-27,0.0,0.0,0.0,0.0,0.0,6,27,11,1,3,343.5257142857144,679.5296666666667,0.0,0.0,0.0,0.0,0.0,0.0,0.0,0.0,0.0,0.0,0.0,0.0,0.0,0.0,18662.58,3138.0,5.0,0.0,0.0,0.0,0.0,0.0,0.0
real_ramya_user,2022-11-28,888.16,2157.0,0.0,0.0,0.0,0,28,11,0,2,372.9585714285716,709.135,308.14285714285717,0.0,0.0,0.0,0.0,0.0,0.0,0.0,0.0,0.0,0.0,0.0,0.0,0.0,19550.74,5295.0,3.692302171860246,0.0,0.0,0.0,0.0,0.0,888.16
real_ramya_user,2022-11-29,0.0,0.0,0.0,0.0,0.0,1,29,11,0,1,147.427142857143,673.4936666666666,308.14285714285717,0.0,0.0,0.0,0.0,0.0,0.0,0.0,0.0,0.0,0.0,0.0,0.0,0.0,19550.74,5295.0,3.692302171860246,0.0,0.0,0.0,0.0,0.0,0.0
real_ramya_user,2022-11-30,0.0,0.0,0.0,0.0,0.0,2,30,11,0,0,147.427142857143,651.6913333333333,308.14285714285717,0.0,0.0,0.0,0.0,0.0,0.0,0.0,0.0,0.0,0.0,0.0,0.0,0.0,19550.74,5295.0,3.692302171860246,0.0,0.0,0.0,0.0,0.0,0.0
real_ramya_user,2022-12-01,1765.47,0.0,0.0,0.0,0.0,3,1,12,0,30,399.637142857143,710.5403333333333,308.14285714285717,0.0,0.0,0.0,0.0,0.0,0.0,0.0,0.0,0.0,0.0,0.0,0.0,0.0,1765.47,0.0,0.0,0.0,0.0,0.0,0.0,0.0,1765.47
real_ramya_user,2022-12-02,0.0,0.0,0.0,0.0,0.0,4,2,12,0,29,399.637142857143,710.5403333333333,308.14285714285717,0.0,0.0,0.0,0.0,0.0,0.0,0.0,0.0,0.0,0.0,0.0,0.0,0.0,1765.47,0.0,0.0,0.0,0.0,0.0,0.0,0.0,0.0
real_ramya_user,2022-12-03,195.75,0.0,0.0,0.0,0.0,5,3,12,1,28,407.05428571428587,678.7406666666667,308.14285714285717,0.0,0.0,0.0,0.0,0.0,0.0,0.0,0.0,0.0,0.0,0.0,0.0,0.0,1961.22,0.0,0.0,0.0,0.0,0.0,0.0,195.75,0.0
real_ramya_user,2022-12-04,749.97,0.0,0.0,0.0,0.0,6,4,12,1,27,514.1928571428573,694.4123333333333,308.14285714285717,0.0,0.0,0.0,0.0,0.0,0.0,0.0,0.0,0.0,0.0,0.0,0.0,0.0,2711.19,0.0,0.0,0.0,0.0,749.97,0.0,0.0,0.0
real_ramya_user,2022-12-05,977.23,0.0,0.0,0.0,0.0,0,5,12,0,26,526.917142857143,665.7083333333334,0.0,0.0,0.0,0.0,0.0,0.0,0.0,0.0,0.0,0.0,0.0,0.0,0.0,0.0,3688.42,0.0,0.0,864.17,0.0,0.0,0.0,0.0,113.06
real_ramya_user,2022-12-06,0.0,0.0,0.0,0.0,0.0,1,6,12,0,25,526.917142857143,665.7083333333334,0.0,0.0,0.0,0.0,0.0,0.0,0.0,0.0,0.0,0.0,0.0,0.0,0.0,0.0,3688.42,0.0,0.0,0.0,0.0,0.0,0.0,0.0,0.0
real_ramya_user,2022-12-07,0.0,508.0,0.0,0.0,0.0,2,7,12,0,24,526.917142857143,618.847,72.57142857142857,0.0,0.0,0.0,0.0,0.0,0.0,0.0,0.0,0.0,0.0,0.0,0.0,0.0,3688.42,508.0,5.0,0.0,0.0,0.0,0.0,0.0,0.0
real_ramya_user,2022-12-08,0.0,0.0,0.0,0.0,0.0,3,8,12,0,23,274.70714285714297,618.847,72.57142857142857,0.0,0.0,0.0,0.0,0.0,0.0,0.0,0.0,0.0,0.0,0.0,0.0,0.0,3688.42,508.0,5.0,0.0,0.0,0.0,0.0,0.0,0.0
real_ramya_user,2022-12-09,0.0,0.0,0.0,0.0,0.0,4,9,12,0,22,274.70714285714297,586.0463333333333,72.57142857142857,0.0,0.0,0.0,0.0,0.0,0.0,0.0,0.0,0.0,0.0,0.0,0.0,0.0,3688.42,508.0,5.0,0.0,0.0,0.0,0.0,0.0,0.0
real_ramya_user,2022-12-10,0.0,0.0,0.0,0.0,0.0,5,10,12,1,21,246.74285714285728,544.068,72.57142857142857,0.0,0.0,0.0,0.0,0.0,0.0,0.0,0.0,0.0,0.0,0.0,0.0,0.0,3688.42,508.0,5.0,0.0,0.0,0.0,0.0,0.0,0.0
real_ramya_user,2022-12-11,0.0,0.0,0.0,0.0,0.0,6,11,12,1,20,139.60428571428585,544.068,72.57142857142857,0.0,0.0,0.0,0.0,0.0,0.0,0.0,0.0,0.0,0.0,0.0,0.0,0.0,3688.42,508.0,5.0,0.0,0.0,0.0,0.0,0.0,0.0
real_ramya_user,2022-12-12,274.07,0.0,0.0,0.0,0.0,0,12,12,0,19,39.15285714285727,553.2036666666667,72.57142857142857,0.0,0.0,0.0,0.0,0.0,0.0,0.0,0.0,0.0,0.0,0.0,0.0,0.0,3962.4900000000002,508.0,5.0,0.0,0.0,274.07,0.0,0.0,0.0
real_ramya_user,2022-12-13,28.48,0.0,0.0,0.0,0.0,1,13,12,0,18,43.2214285714287,511.789,72.57142857142857,0.0,0.0,0.0,0.0,0.0,0.0,0.0,0.0,0.0,28.48,0.0,0.0,0.0,3990.9700000000003,508.0,5.0,0.0,0.0,0.0,0.0,0.0,0.0
real_ramya_user,2022-12-14,0.0,0.0,0.0,0.0,0.0,2,14,12,0,17,43.2214285714287,454.2386666666667,0.0,0.0,0.0,0.0,0.0,0.0,0.0,0.0,0.0,0.0,0.0,0.0,0.0,0.0,3990.9700000000003,508.0,5.0,0.0,0.0,0.0,0.0,0.0,0.0
real_ramya_user,2022-12-15,1976.43,0.0,0.0,0.0,0.0,3,15,12,0,16,325.56857142857154,462.14866666666666,0.0,0.0,0.0,0.0,0.0,0.0,0.0,0.0,0.0,0.0,0.0,0.0,0.0,0.0,5967.4,508.0,5.0,0.0,0.0,1976.43,0.0,0.0,0.0
real_ramya_user,2022-12-16,960.62,0.0,0.0,0.0,0.0,4,16,12,0,15,462.8000000000001,494.1693333333333,0.0,0.0,0.0,0.0,0.0,0.0,0.0,0.0,0.0,0.0,0.0,0.0,0.0,0.0,6928.02,508.0,5.0,0.0,0.0,0.0,0.0,0.0,960.62
real_ramya_user,2022-12-17,0.0,0.0,0.0,0.0,0.0,5,17,12,1,14,462.8000000000001,388.6273333333333,0.0,0.0,0.0,0.0,0.0,0.0,0.0,0.0,0.0,0.0,0.0,0.0,0.0,0.0,6928.02,508.0,5.0,0.0,0.0,0.0,0.0,0.0,0.0
real_ramya_user,2022-12-18,1464.22,0.0,0.0,0.0,0.0,6,18,12,1,13,671.9742857142859,422.652,0.0,0.0,0.0,0.0,0.0,0.0,0.0,0.0,0.0,0.0,0.0,0.0,0.0,0.0,8392.24,508.0,5.0,0.0,0.0,1464.22,0.0,0.0,0.0
real_ramya_user,2022-12-19,0.0,0.0,0.0,0.0,0.0,0,19,12,0,12,632.8214285714288,389.50266666666664,0.0,0.0,0.0,0.0,0.0,0.0,0.0,0.0,0.0,0.0,0.0,0.0,0.0,0.0,8392.24,508.0,5.0,0.0,0.0,0.0,0.0,0.0,0.0
real_ramya_user,2022-12-20,0.0,0.0,0.0,0.0,0.0,1,20,12,0,11,628.7528571428572,389.50266666666664,0.0,0.0,0.0,0.0,0.0,0.0,0.0,0.0,0.0,0.0,0.0,0.0,0.0,0.0,8392.24,508.0,5.0,0.0,0.0,0.0,0.0,0.0,0.0
real_ramya_user,2022-12-21,0.0,0.0,0.0,0.0,0.0,2,21,12,0,10,628.7528571428572,366.76500000000004,0.0,0.0,0.0,0.0,0.0,0.0,0.0,0.0,0.0,0.0,0.0,0.0,0.0,0.0,8392.24,508.0,5.0,0.0,0.0,0.0,0.0,0.0,0.0
real_ramya_user,2022-12-22,0.0,3511.0,0.0,0.0,0.0,3,22,12,0,9,346.40571428571445,314.14099999999996,501.57142857142856,0.0,0.0,0.0,0.0,0.0,0.0,0.0,0.0,0.0,0.0,0.0,0.0,0.0,8392.24,4019.0,2.0881413286887285,0.0,0.0,0.0,0.0,0.0,0.0
real_ramya_user,2022-12-23,0.0,0.0,0.0,0.0,0.0,4,23,12,0,8,209.17428571428587,314.14099999999996,501.57142857142856,0.0,0.0,0.0,0.0,0.0,0.0,0.0,0.0,0.0,0.0,0.0,0.0,0.0,8392.24,4019.0,2.0881413286887285,0.0,0.0,0.0,0.0,0.0,0.0
real_ramya_user,2022-12-24,0.0,0.0,0.0,0.0,0.0,5,24,12,1,7,209.17428571428587,314.14099999999996,501.57142857142856,0.0,0.0,0.0,0.0,0.0,0.0,0.0,0.0,0.0,0.0,0.0,0.0,0.0,8392.24,4019.0,2.0881413286887285,0.0,0.0,0.0,0.0,0.0,0.0
real_ramya_user,2022-12-25,0.0,0.0,0.0,0.0,0.0,6,25,12,1,6,0.0,314.14099999999996,501.57142857142856,0.0,0.0,0.0,0.0,0.0,0.0,0.0,0.0,0.0,0.0,0.0,0.0,0.0,8392.24,4019.0,2.0881413286887285,0.0,0.0,0.0,0.0,0.0,0.0
real_ramya_user,2022-12-26,0.0,0.0,0.0,0.0,0.0,0,26,12,0,5,0.0,309.34666666666664,501.57142857142856,0.0,0.0,0.0,0.0,0.0,0.0,0.0,0.0,0.0,0.0,0.0,0.0,0.0,8392.24,4019.0,2.0881413286887285,0.0,0.0,0.0,0.0,0.0,0.0
real_ramya_user,2022-12-27,0.0,0.0,0.0,0.0,0.0,1,27,12,0,4,0.0,309.34666666666664,501.57142857142856,0.0,0.0,0.0,0.0,0.0,0.0,0.0,0.0,0.0,0.0,0.0,0.0,0.0,8392.24,4019.0,2.0881413286887285,0.0,0.0,0.0,0.0,0.0,0.0
real_ramya_user,2022-12-28,771.61,0.0,0.0,0.0,0.0,2,28,12,0,3,110.23000000000013,305.4616666666667,501.57142857142856,0.0,0.0,0.0,0.0,0.0,0.0,0.0,0.0,0.0,0.0,0.0,0.0,0.0,9163.85,4019.0,2.280131873600398,0.0,0.0,0.0,0.0,0.0,771.61
real_ramya_user,2022-12-29,0.0,0.0,0.0,0.0,0.0,3,29,12,0,2,110.23000000000013,305.4616666666667,0.0,0.0,0.0,0.0,0.0,0.0,0.0,0.0,0.0,0.0,0.0,0.0,0.0,0.0,9163.85,4019.0,2.280131873600398,0.0,0.0,0.0,0.0,0.0,0.0
real_ramya_user,2022-12-30,1286.74,0.0,0.0,0.0,0.0,4,30,12,0,1,294.0500000000001,348.353,0.0,0.0,0.0,0.0,0.0,0.0,0.0,0.0,0.0,0.0,0.0,0.0,0.0,0.0,10450.59,4019.0,2.600296093555611,0.0,0.0,0.0,0.0,0.0,1286.74
real_ramya_user,2022-12-31,1065.71,0.0,0.0,0.0,0.0,5,31,12,1,0,446.2942857142859,325.0276666666667,0.0,0.0,0.0,0.0,0.0,0.0,0.0,0.0,0.0,0.0,0.0,0.0,0.0,0.0,11516.3,4019.0,2.8654640457825327,0.0,0.0,1065.71,0.0,0.0,0.0
real_ramya_user,2023-01-01,0.0,0.0,0.0,0.0,0.0,6,1,1,1,30,446.2942857142859,325.0276666666667,0.0,0.0,0.0,0.0,0.0,0.0,0.0,0.0,0.0,0.0,0.0,0.0,0.0,0.0,0.0,0.0,0.0,0.0,0.0,0.0,0.0,0.0,0.0
real_ramya_user,2023-01-02,0.0,0.0,0.0,0.0,0.0,0,2,1,0,29,446.2942857142859,318.50266666666664,0.0,0.0,0.0,0.0,0.0,0.0,0.0,0.0,0.0,0.0,0.0,0.0,0.0,0.0,0.0,0.0,0.0,0.0,0.0,0.0,0.0,0.0,0.0
real_ramya_user,2023-01-03,0.0,4105.0,0.0,0.0,0.0,1,3,1,0,28,446.2942857142859,293.5036666666666,586.4285714285714,0.0,0.0,0.0,0.0,0.0,0.0,0.0,0.0,0.0,0.0,0.0,0.0,0.0,0.0,4105.0,0.0,0.0,0.0,0.0,0.0,0.0,0.0
real_ramya_user,2023-01-04,1259.88,4124.0,0.0,0.0,0.0,2,4,1,0,27,516.047142857143,302.92533333333336,1175.5714285714287,0.0,0.0,0.0,0.0,0.0,0.0,0.0,0.0,0.0,0.0,0.0,0.0,0.0,1259.88,8229.0,0.15310244258111558,1259.88,0.0,0.0,0.0,0.0,0.0
real_ramya_user,2023-01-05,0.0,0.0,0.0,0.0,0.0,3,5,1,0,26,516.047142857143,302.92533333333336,1175.5714285714287,0.0,0.0,0.0,0.0,0.0,0.0,0.0,0.0,0.0,0.0,0.0,0.0,0.0,1259.88,8229.0,0.15310244258111558,0.0,0.0,0.0,0.0,0.0,0.0
real_ramya_user,2023-01-06,1794.22,0.0,0.0,0.0,0.0,4,6,1,0,25,588.5442857142859,362.73266666666666,1175.5714285714287,0.0,0.0,0.0,0.0,0.0,0.0,0.0,0.0,0.0,0.0,0.0,0.0,0.0,3054.1000000000004,8229.0,0.37113865597277923,0.0,0.0,1794.22,0.0,0.0,0.0
real_ramya_user,2023-01-07,0.0,0.0,0.0,0.0,0.0,5,7,1,1,24,436.3000000000002,362.73266666666666,1175.5714285714287,0.0,0.0,0.0,0.0,0.0,0.0,0.0,0.0,0.0,0.0,0.0,0.0,0.0,3054.1000000000004,8229.0,0.37113865597277923,0.0,0.0,0.0,0.0,0.0,0.0
real_ramya_user,2023-01-08,0.0,0.0,0.0,0.0,0.0,6,8,1,1,23,436.3000000000002,362.73266666666666,1175.5714285714287,0.0,0.0,0.0,0.0,0.0,0.0,0.0,0.0,0.0,0.0,0.0,0.0,0.0,3054.1000000000004,8229.0,0.37113865597277923,0.0,0.0,0.0,0.0,0.0,0.0
real_ramya_user,2023-01-09,0.0,3645.0,0.0,0.0,0.0,0,9,1,0,22,436.3000000000002,362.73266666666666,1696.2857142857142,0.0,0.0,0.0,0.0,0.0,0.0,0.0,0.0,0.0,0.0,0.0,0.0,0.0,3054.1000000000004,11874.0,0.25720902812868457,0.0,0.0,0.0,0.0,0.0,0.0
real_ramya_user,2023-01-10,635.86,0.0,0.0,0.0,0.0,1,10,1,0,21,527.1371428571431,383.928,1109.857142857143,0.0,0.0,0.0,0.0,0.0,0.0,0.0,0.0,0.0,0.0,0.0,0.0,0.0,3689.96,11874.0,0.3107596429172983,0.0,0.0,0.0,635.86,0.0,0.0
real_ramya_user,2023-01-11,0.0,1190.0,0.0,0.0,0.0,2,11,1,0,20,347.1542857142859,374.7923333333334,690.7142857142857,0.0,0.0,0.0,0.0,0.0,0.0,0.0,0.0,0.0,0.0,0.0,0.0,0.0,3689.96,13064.0,0.28245254133496633,0.0,0.0,0.0,0.0,0.0,0.0
real_ramya_user,2023-01-12,0.0,0.0,0.0,0.0,0.0,3,12,1,0,19,347.1542857142859,373.843,690.7142857142857,0.0,0.0,0.0,0.0,0.0,0.0,0.0,0.0,0.0,0.0,0.0,0.0,0.0,3689.96,13064.0,0.28245254133496633,0.0,0.0,0.0,0.0,0.0,0.0
real_ramya_user,2023-01-13,1560.15,0.0,0.0,0.0,0.0,4,13,1,0,18,313.71571428571445,425.848,690.7142857142857,0.0,0.0,0.0,0.0,0.0,0.0,0.0,0.0,0.0,0.0,0.0,0.0,0.0,5250.110000000001,13064.0,0.4018761481935089,0.0,0.0,0.0,0.0,1560.15,0.0
real_ramya_user,2023-01-14,0.0,0.0,0.0,0.0,0.0,5,14,1,1,17,313.71571428571445,359.967,690.7142857142857,0.0,0.0,0.0,0.0,0.0,0.0,0.0,0.0,0.0,0.0,0.0,0.0,0.0,5250.110000000001,13064.0,0.4018761481935089,0.0,0.0,0.0,0.0,0.0,0.0
real_ramya_user,2023-01-15,418.84,0.0,0.0,0.0,0.0,6,15,1,1,16,373.5500000000002,341.90766666666667,690.7142857142857,0.0,0.0,0.0,0.0,0.0,0.0,0.0,0.0,0.0,0.0,0.0,0.0,0.0,5668.95,13064.0,0.4339367728107777,0.0,0.0,0.0,0.0,418.84,0.0
real_ramya_user,2023-01-16,1498.21,0.0,0.0,0.0,0.0,0,16,1,0,15,587.5800000000002,391.84799999999996,170.0,0.0,0.0,0.0,0.0,0.0,0.0,0.0,0.0,0.0,0.0,0.0,0.0,0.0,7167.16,13064.0,0.5486191059399878,1498.21,0.0,0.0,0.0,0.0,0.0
real_ramya_user,2023-01-17,1569.77,0.0,0.0,0.0,0.0,1,17,1,0,14,720.9957142857145,395.36633333333333,170.0,0.0,0.0,0.0,1569.77,0.0,0.0,0.0,0.0,0.0,0.0,0.0,0.0,0.0,8736.93,13064.0,0.6687790875688916,0.0,0.0,0.0,0.0,0.0,0.0
real_ramya_user,2023-01-18,994.83,0.0,0.0,0.0,0.0,2,18,1,0,13,863.1142857142859,428.52733333333333,0.0,0.0,0.0,0.0,0.0,0.0,0.0,0.0,0.0,0.0,0.0,0.0,0.0,0.0,9731.76,13064.0,0.7449295774647887,994.83,0.0,0.0,0.0,0.0,0.0
real_ramya_user,2023-01-19,5400.24,1081.0,0.0,0.0,0.0,3,19,1,0,12,1634.577142857143,608.5353333333333,154.42857142857142,0.0,0.0,0.0,1973.9,0.0,0.0,0.0,0.0,0.0,1909.36,0.0,0.0,0.0,15132.0,14145.0,1.0697773064687168,0.0,0.0,0.0,737.17,0.0,779.81
real_ramya_user,2023-01-20,1178.85,0.0,0.0,0.0,0.0,4,20,1,0,11,1580.1057142857146,647.8303333333333,154.42857142857142,0.0,0.0,0.0,1178.85,0.0,0.0,0.0,0.0,0.0,0.0,0.0,0.0,0.0,16310.85,14145.0,1.1531177094379639,0.0,0.0,0.0,0.0,0.0,0.0
real_ramya_user,2023-01-21,1018.16,826.0,0.0,0.0,0.0,5,21,1,1,10,1725.5571428571432,681.769,272.42857142857144,0.0,0.0,0.0,0.0,0.0,0.0,0.0,0.0,0.0,0.0,0.0,0.0,0.0,17329.01,14971.0,1.1575051766749047,0.0,0.0,0.0,1018.16,0.0,0.0
real_ramya_user,2023-01-22,852.91,0.0,0.0,0.0,0.0,6,22,1,1,9,1787.567142857143,710.1993333333334,272.42857142857144,0.0,0.0,0.0,0.0,0.0,0.0,0.0,0.0,0.0,0.0,0.0,0.0,0.0,18181.92,14971.0,1.2144759869080222,0.0,0.0,0.0,852.91,0.0,0.0
real_ramya_user,2023-01-23,2511.04,3700.0,0.0,0.0,0.0,0,23,1,0,8,1932.2571428571428,793.9006666666667,801.0,0.0,0.0,0.0,0.0,0.0,0.0,0.0,0.0,0.0,0.0,0.0,0.0,0.0,20692.96,18671.0,1.108294146001821,1948.88,0.0,0.0,0.0,0.0,562.16
real_ramya_user,2023-01-24,1961.68,1450.0,0.0,0.0,0.0,1,24,1,0,7,1988.2442857142858,859.2900000000001,1008.1428571428571,0.0,0.0,0.0,961.52,0.0,0.0,0.0,0.0,0.0,0.0,0.0,0.0,0.0,22654.64,20121.0,1.1259201828934944,125.23,0.0,627.24,0.0,0.0,247.69
real_ramya_user,2023-01-25,342.26,0.0,0.0,0.0,0.0,2,25,1,0,6,1895.0200000000002,870.6986666666667,1008.1428571428571,0.0,0.0,0.0,0.0,0.0,0.0,0.0,0.0,0.0,0.0,0.0,0.0,0.0,22996.9,20121.0,1.1429302718552756,0.0,0.0,0.0,0.0,342.26,0.0
real_ramya_user,2023-01-26,0.0,1467.0,0.0,0.0,0.0,3,26,1,0,5,1123.5571428571432,870.6986666666667,1063.2857142857142,0.0,0.0,0.0,0.0,0.0,0.0,0.0,0.0,0.0,0.0,0.0,0.0,0.0,22996.9,21588.0,1.0652631091347045,0.0,0.0,0.0,0.0,0.0,0.0
real_ramya_user,2023-01-27,1209.94,0.0,0.0,0.0,0.0,4,27,1,0,4,1127.9985714285715,885.3096666666667,1063.2857142857142,0.0,0.0,0.0,676.67,0.0,0.0,0.0,0.0,0.0,0.0,0.0,0.0,0.0,24206.84,21588.0,1.1213099870298313,0.0,0.0,533.27,0.0,0.0,0.0
real_ramya_user,2023-01-28,997.33,0.0,0.0,0.0,0.0,5,28,1,1,3,1125.0228571428572,918.554,945.2857142857143,0.0,0.0,0.0,0.0,0.0,0.0,0.0,0.0,0.0,0.0,0.0,0.0,0.0,25204.170000000002,21588.0,1.1675083379655364,0.0,0.0,997.33,0.0,0.0,0.0
real_ramya_user,2023-01-29,1327.27,0.0,0.0,0.0,0.0,6,29,1,1,2,1192.7885714285715,919.9050000000001,945.2857142857143,0.0,0.0,0.0,1004.22,0.0,0.0,0.0,0.0,0.0,0.0,0.0,0.0,0.0,26531.44,21588.0,1.2289901797294793,0.0,323.05,0.0,0.0,0.0,0.0
real_ramya_user,2023-01-30,464.52,0.0,0.0,0.0,0.0,0,30,1,0,1,900.4285714285716,899.8653333333333,416.7142857142857,0.0,0.0,0.0,0.0,0.0,0.0,0.0,0.0,0.0,0.0,0.0,0.0,0.0,26995.96,21588.0,1.2505076894571057,0.0,0.0,464.52,0.0,0.0,0.0
real_ramya_user,2023-01-31,1718.79,4364.0,0.0,0.0,0.0,1,31,1,0,0,865.7300000000001,957.1583333333333,833.0,0.0,0.0,0.0,1718.79,0.0,0.0,0.0,0.0,0.0,0.0,0.0,0.0,0.0,28714.75,25952.0,1.1064561498150431,0.0,0.0,0.0,0.0,0.0,0.0
real_ramya_user,2023-02-01,366.13,0.0,0.0,0.0,0.0,2,1,2,0,27,869.1400000000001,969.3626666666665,833.0,0.0,0.0,0.0,0.0,0.0,0.0,0.0,0.0,0.0,0.0,0.0,0.0,0.0,366.13,0.0,0.0,0.0,0.0,0.0,0.0,0.0,366.13
real_ramya_user,2023-02-02,1110.2,0.0,0.0,0.0,0.0,3,2,2,0,26,1027.7400000000002,1006.3693333333333,623.4285714285714,0.0,0.0,0.0,1110.2,0.0,0.0,0.0,0.0,0.0,0.0,0.0,0.0,0.0,1476.33,0.0,0.0,0.0,0.0,0.0,0.0,0.0,0.0
real_ramya_user,2023-02-03,456.79,0.0,0.0,0.0,0.0,4,3,2,0,25,920.147142857143,979.5996666666667,623.4285714285714,0.0,0.0,0.0,0.0,0.0,0.0,0.0,0.0,0.0,0.0,0.0,0.0,0.0,1933.1200000000001,0.0,0.0,0.0,0.0,0.0,456.79,0.0,0.0
real_ramya_user,2023-02-04,0.0,0.0,0.0,0.0,0.0,5,4,2,1,24,777.6714285714287,979.5996666666667,623.4285714285714,0.0,0.0,0.0,0.0,0.0,0.0,0.0,0.0,0.0,0.0,0.0,0.0,0.0,1933.1200000000001,0.0,0.0,0.0,0.0,0.0,0.0,0.0,0.0
real_ramya_user,2023-02-05,0.0,0.0,0.0,0.0,0.0,6,5,2,1,23,588.0614285714286,919.7923333333333,623.4285714285714,0.0,0.0,0.0,0.0,0.0,0.0,0.0,0.0,0.0,0.0,0.0,0.0,0.0,1933.1200000000001,0.0,0.0,0.0,0.0,0.0,0.0,0.0,0.0
real_ramya_user,2023-02-06,549.8,0.0,0.0,0.0,0.0,0,6,2,0,22,600.2442857142859,938.119,623.4285714285714,0.0,0.0,0.0,0.0,0.0,0.0,0.0,0.0,0.0,0.0,0.0,0.0,0.0,2482.92,0.0,0.0,0.0,549.8,0.0,0.0,0.0,0.0
real_ramya_user,2023-02-07,366.9,1478.0,0.0,0.0,0.0,1,7,2,0,21,407.11714285714294,950.349,211.14285714285714,0.0,0.0,0.0,366.9,0.0,0.0,0.0,0.0,0.0,0.0,0.0,0.0,0.0,2849.82,1478.0,1.9281596752368066,0.0,0.0,0.0,0.0,0.0,0.0
real_ramya_user,2023-02-08,1908.62,2812.0,0.0,0.0,0.0,2,8,2,0,20,627.4728571428572,1013.9696666666666,612.8571428571429,0.0,0.0,0.0,1908.62,0.0,0.0,0.0,0.0,0.0,0.0,0.0,0.0,0.0,4758.4400000000005,4290.0,1.1091934731934734,0.0,0.0,0.0,0.0,0.0,0.0
real_ramya_user,2023-02-09,661.33,0.0,0.0,0.0,0.0,3,9,2,0,19,563.3485714285715,1014.8186666666666,612.8571428571429,0.0,0.0,0.0,0.0,0.0,0.0,0.0,0.0,0.0,0.0,0.0,0.0,0.0,5419.77,4290.0,1.2633496503496504,0.0,0.0,0.0,0.0,661.33,0.0
real_ramya_user,2023-02-10,0.0,0.0,0.0,0.0,0.0,4,10,2,0,18,498.0928571428572,1014.8186666666666,612.8571428571429,0.0,0.0,0.0,0.0,0.0,0.0,0.0,0.0,0.0,0.0,0.0,0.0,0.0,5419.77,4290.0,1.2633496503496504,0.0,0.0,0.0,0.0,0.0,0.0
real_ramya_user,2023-02-11,0.0,0.0,0.0,0.0,0.0,5,11,2,1,17,498.0928571428572,1014.8186666666666,612.8571428571429,0.0,0.0,0.0,0.0,0.0,0.0,0.0,0.0,0.0,0.0,0.0,0.0,0.0,5419.77,4290.0,1.2633496503496504,0.0,0.0,0.0,0.0,0.0,0.0
real_ramya_user,2023-02-12,744.15,0.0,0.0,0.0,0.0,6,12,2,1,16,604.4000000000002,987.6186666666666,612.8571428571429,0.0,0.0,0.0,744.15,0.0,0.0,0.0,0.0,0.0,0.0,0.0,0.0,0.0,6163.92,4290.0,1.4368111888111887,0.0,0.0,0.0,0.0,0.0,0.0
real_ramya_user,2023-02-13,1481.76,0.0,0.0,0.0,0.0,0,13,2,0,15,737.5371428571428,1037.0106666666666,612.8571428571429,0.0,0.0,0.0,0.0,0.0,0.0,0.0,0.0,0.0,0.0,0.0,0.0,0.0,7645.68,4290.0,1.7822097902097902,0.0,0.0,0.0,0.0,1481.76,0.0
real_ramya_user,2023-02-14,0.0,0.0,0.0,0.0,0.0,1,14,2,0,14,685.1228571428572,1023.0493333333333,401.7142857142857,0.0,0.0,0.0,0.0,0.0,0.0,0.0,0.0,0.0,0.0,0.0,0.0,0.0,7645.68,4290.0,1.7822097902097902,0.0,0.0,0.0,0.0,0.0,0.0
real_ramya_user,2023-02-15,1187.46,0.0,0.0,0.0,0.0,2,15,2,0,13,582.1000000000001,1012.691,0.0,0.0,0.0,0.0,0.0,0.0,0.0,0.0,0.0,0.0,0.0,0.0,0.0,0.0,8833.14,4290.0,2.0590069930069927,0.0,1187.46,0.0,0.0,0.0,0.0
real_ramya_user,2023-02-16,1467.6,0.0,0.0,0.0,0.0,3,16,2,0,12,697.2814285714287,1009.2853333333333,0.0,0.0,0.0,0.0,0.0,0.0,0.0,0.0,0.0,0.0,0.0,0.0,0.0,0.0,10300.74,4290.0,2.401104895104895,1467.6,0.0,0.0,0.0,0.0,0.0
real_ramya_user,2023-02-17,0.0,0.0,0.0,0.0,0.0,4,17,2,0,11,697.2814285714287,976.1243333333333,0.0,0.0,0.0,0.0,0.0,0.0,0.0,0.0,0.0,0.0,0.0,0.0,0.0,0.0,10300.74,4290.0,2.401104895104895,0.0,0.0,0.0,0.0,0.0,0.0
real_ramya_user,2023-02-18,309.63,0.0,0.0,0.0,0.0,5,18,2,1,10,741.5142857142858,806.4373333333333,0.0,0.0,0.0,0.0,0.0,0.0,0.0,0.0,0.0,0.0,0.0,0.0,0.0,0.0,10610.37,4290.0,2.4732797202797205,309.63,0.0,0.0,0.0,0.0,0.0
real_ramya_user,2023-02-19,0.0,0.0,0.0,0.0,0.0,6,19,2,1,9,635.2071428571429,767.1423333333333,0.0,0.0,0.0,0.0,0.0,0.0,0.0,0.0,0.0,0.0,0.0,0.0,0.0,0.0,10610.37,4290.0,2.4732797202797205,0.0,0.0,0.0,0.0,0.0,0.0
real_ramya_user,2023-02-20,2376.14,0.0,0.0,0.0,0.0,0,20,2,0,8,762.9757142857144,812.4083333333333,0.0,0.0,0.0,0.0,2376.14,0.0,0.0,0.0,0.0,0.0,0.0,0.0,0.0,0.0,12986.51,4290.0,3.027158508158508,0.0,0.0,0.0,0.0,0.0,0.0
real_ramya_user,2023-02-21,0.0,0.0,0.0,0.0,0.0,1,21,2,0,7,762.9757142857144,783.978,0.0,0.0,0.0,0.0,0.0,0.0,0.0,0.0,0.0,0.0,0.0,0.0,0.0,0.0,12986.51,4290.0,3.027158508158508,0.0,0.0,0.0,0.0,0.0,0.0
real_ramya_user,2023-02-22,0.0,6958.0,0.0,0.0,0.0,2,22,2,0,6,593.3385714285715,700.2766666666666,994.0,0.0,0.0,0.0,0.0,0.0,0.0,0.0,0.0,0.0,0.0,0.0,0.0,0.0,12986.51,11248.0,1.1545616998577526,0.0,0.0,0.0,0.0,0.0,0.0
real_ramya_user,2023-02-23,0.0,0.0,0.0,0.0,0.0,3,23,2,0,5,383.6814285714286,634.8873333333333,994.0,0.0,0.0,0.0,0.0,0.0,0.0,0.0,0.0,0.0,0.0,0.0,0.0,0.0,12986.51,11248.0,1.1545616998577526,0.0,0.0,0.0,0.0,0.0,0.0
real_ramya_user,2023-02-24,1945.39,0.0,0.0,0.0,0.0,4,24,2,0,4,661.5942857142858,688.325,994.0,0.0,0.0,0.0,1945.39,0.0,0.0,0.0,0.0,0.0,0.0,0.0,0.0,0.0,14931.9,11248.0,1.3275160028449502,0.0,0.0,0.0,0.0,0.0,0.0
real_ramya_user,2023-02-25,0.0,0.0,0.0,0.0,0.0,5,25,2,1,3,617.3614285714286,688.325,994.0,0.0,0.0,0.0,0.0,0.0,0.0,0.0,0.0,0.0,0.0,0.0,0.0,0.0,14931.9,11248.0,1.3275160028449502,0.0,0.0,0.0,0.0,0.0,0.0
real_ramya_user,2023-02-26,922.33,6019.0,0.0,0.0,0.0,6,26,2,1,2,749.1228571428572,678.7379999999998,1853.857142857143,0.0,0.0,0.0,0.0,0.0,0.0,0.0,0.0,0.0,0.0,0.0,0.0,0.0,15854.23,17267.0,0.9181809231482018,0.0,922.33,0.0,0.0,0.0,0.0
real_ramya_user,2023-02-27,0.0,0.0,0.0,0.0,0.0,0,27,2,0,1,409.6742857142859,645.4936666666666,1853.857142857143,0.0,0.0,0.0,0.0,0.0,0.0,0.0,0.0,0.0,0.0,0.0,0.0,0.0,15854.23,17267.0,0.9181809231482018,0.0,0.0,0.0,0.0,0.0,0.0
real_ramya_user,2023-02-28,1015.8,0.0,0.0,0.0,0.0,1,28,2,0,0,554.7885714285716,635.1113333333334,1853.857142857143,0.0,0.0,0.0,0.0,0.0,0.0,0.0,0.0,0.0,0.0,0.0,0.0,0.0,16870.03,17267.0,0.9770099032837203,0.0,0.0,1015.8,0.0,0.0,0.0
real_ramya_user,2023-03-01,0.0,0.0,0.0,0.0,0.0,2,1,3,0,30,554.7885714285716,619.6273333333334,859.8571428571429,0.0,0.0,0.0,0.0,0.0,0.0,0.0,0.0,0.0,0.0,0.0,0.0,0.0,0.0,0.0,0.0,0.0,0.0,0.0,0.0,0.0,0.0
real_ramya_user,2023-03-02,0.0,0.0,0.0,0.0,0.0,3,2,3,0,29,554.7885714285716,562.3343333333333,859.8571428571429,0.0,0.0,0.0,0.0,0.0,0.0,0.0,0.0,0.0,0.0,0.0,0.0,0.0,0.0,0.0,0.0,0.0,0.0,0.0,0.0,0.0,0.0
real_ramya_user,2023-03-03,1487.17,0.0,0.0,0.0,0.0,4,3,3,0,28,489.3285714285716,599.7023333333333,859.8571428571429,0.0,0.0,0.0,0.0,0.0,0.0,0.0,0.0,0.0,0.0,0.0,0.0,0.0,1487.17,0.0,0.0,0.0,0.0,0.0,1487.17,0.0,0.0
real_ramya_user,2023-03-04,0.0,0.0,0.0,0.0,0.0,5,4,3,1,27,489.3285714285716,562.6956666666666,859.8571428571429,0.0,0.0,0.0,0.0,0.0,0.0,0.0,0.0,0.0,0.0,0.0,0.0,0.0,1487.17,0.0,0.0,0.0,0.0,0.0,0.0,0.0,0.0
real_ramya_user,2023-03-05,2315.4300000000003,2638.0,0.0,0.0,0.0,6,5,3,1,26,688.3428571428574,624.6503333333333,376.85714285714283,0.0,0.0,0.0,0.0,0.0,0.0,0.0,0.0,0.0,0.0,0.0,0.0,0.0,3802.6000000000004,2638.0,1.4414708112206218,0.0,910.99,0.0,1404.44,0.0,0.0
real_ramya_user,2023-03-06,0.0,0.0,0.0,0.0,0.0,0,6,3,0,25,688.3428571428574,624.6503333333333,376.85714285714283,0.0,0.0,0.0,0.0,0.0,0.0,0.0,0.0,0.0,0.0,0.0,0.0,0.0,3802.6000000000004,2638.0,1.4414708112206218,0.0,0.0,0.0,0.0,0.0,0.0
real_ramya_user,2023-03-07,280.86,0.0,0.0,0.0,0.0,1,7,3,0,24,583.3514285714288,634.0123333333333,376.85714285714283,0.0,0.0,0.0,0.0,0.0,0.0,0.0,0.0,0.0,0.0,0.0,0.0,0.0,4083.4600000000005,2638.0,1.547937831690675,280.86,0.0,0.0,0.0,0.0,0.0
real_ramya_user,2023-03-08,3180.95,3072.0,0.0,0.0,0.0,2,8,3,0,23,1037.7728571428574,721.7173333333334,815.7142857142857,0.0,0.0,0.0,0.0,0.0,0.0,0.0,0.0,0.0,0.0,0.0,0.0,0.0,7264.41,5710.0,1.2722259194395797,0.0,1929.62,319.27,0.0,932.06,0.0
real_ramya_user,2023-03-09,0.0,0.0,0.0,0.0,0.0,3,9,3,0,22,1037.7728571428574,709.4873333333333,815.7142857142857,0.0,0.0,0.0,0.0,0.0,0.0,0.0,0.0,0.0,0.0,0.0,0.0,0.0,7264.41,5710.0,1.2722259194395797,0.0,0.0,0.0,0.0,0.0,0.0
real_ramya_user,2023-03-10,761.54,0.0,0.0,0.0,0.0,4,10,3,0,21,934.1114285714286,671.2513333333334,815.7142857142857,0.0,0.0,0.0,437.89,0.0,0.0,0.0,0.0,0.0,0.0,0.0,0.0,0.0,8025.950000000001,5710.0,1.4055954465849387,0.0,0.0,323.65,0.0,0.0,0.0
real_ramya_user,2023-03-11,0.0,0.0,0.0,0.0,0.0,5,11,3,1,20,934.1114285714286,649.207,815.7142857142857,0.0,0.0,0.0,0.0,0.0,0.0,0.0,0.0,0.0,0.0,0.0,0.0,0.0,8025.950000000001,5710.0,1.4055954465849387,0.0,0.0,0.0,0.0,0.0,0.0
real_ramya_user,2023-03-12,191.51,0.0,0.0,0.0,0.0,6,12,3,1,19,630.6942857142858,655.5906666666667,438.85714285714283,0.0,0.0,0.0,0.0,0.0,0.0,0.0,0.0,0.0,0.0,0.0,0.0,0.0,8217.460000000001,5710.0,1.439134851138354,0.0,0.0,0.0,0.0,0.0,191.51
real_ramya_user,2023-03-13,870.38,2631.0,0.0,0.0,0.0,0,13,3,0,18,755.0342857142858,684.6033333333334,814.7142857142857,0.0,0.0,0.0,0.0,0.0,0.0,0.0,0.0,0.0,0.0,0.0,0.0,0.0,9087.84,8341.0,1.0895384246493227,0.0,798.53,0.0,0.0,0.0,71.85
real_ramya_user,2023-03-14,0.0,0.0,0.0,0.0,0.0,1,14,3,0,17,714.9114285714287,659.7983333333334,814.7142857142857,0.0,0.0,0.0,0.0,0.0,0.0,0.0,0.0,0.0,0.0,0.0,0.0,0.0,9087.84,8341.0,1.0895384246493227,0.0,0.0,0.0,0.0,0.0,0.0
real_ramya_user,2023-03-15,2045.82,0.0,0.0,0.0,0.0,2,15,3,0,16,552.7500000000001,678.6003333333334,375.85714285714283,0.0,0.0,0.0,0.0,0.0,0.0,0.0,0.0,0.0,1116.35,0.0,0.0,0.0,11133.66,8341.0,1.3348111737201773,0.0,0.0,929.47,0.0,0.0,0.0
real_ramya_user,2023-03-16,251.69,1570.0,0.0,0.0,0.0,3,16,3,0,15,588.7057142857144,686.99,600.1428571428571,0.0,0.0,0.0,0.0,0.0,0.0,0.0,0.0,0.0,0.0,0.0,0.0,0.0,11385.35,9911.0,1.1487589546968016,0.0,0.0,0.0,0.0,0.0,251.69
real_ramya_user,2023-03-17,0.0,0.0,0.0,0.0,0.0,4,17,3,0,14,479.9142857142859,647.4079999999999,600.1428571428571,0.0,0.0,0.0,0.0,0.0,0.0,0.0,0.0,0.0,0.0,0.0,0.0,0.0,11385.35,9911.0,1.1487589546968016,0.0,0.0,0.0,0.0,0.0,0.0
real_ramya_user,2023-03-18,1168.82,3549.0,0.0,0.0,0.0,5,18,3,1,13,646.8885714285716,637.4486666666667,1107.142857142857,0.0,0.0,0.0,0.0,0.0,0.0,0.0,0.0,0.0,0.0,0.0,0.0,0.0,12554.17,13460.0,0.9327020802377415,0.0,0.0,1168.82,0.0,0.0,0.0
real_ramya_user,2023-03-19,0.0,0.0,0.0,0.0,0.0,6,19,3,1,12,619.5300000000001,637.4486666666667,1107.142857142857,0.0,0.0,0.0,0.0,0.0,0.0,0.0,0.0,0.0,0.0,0.0,0.0,0.0,12554.17,13460.0,0.9327020802377415,0.0,0.0,0.0,0.0,0.0,0.0
real_ramya_user,2023-03-20,0.0,0.0,0.0,0.0,0.0,0,20,3,0,11,495.1900000000001,627.1276666666666,731.2857142857143,0.0,0.0,0.0,0.0,0.0,0.0,0.0,0.0,0.0,0.0,0.0,0.0,0.0,12554.17,13460.0,0.9327020802377415,0.0,0.0,0.0,0.0,0.0,0.0
real_ramya_user,2023-03-21,53.38,0.0,0.0,0.0,0.0,1,21,3,0,10,502.8157142857144,628.9069999999999,731.2857142857143,0.0,0.0,0.0,0.0,0.0,0.0,0.0,0.0,0.0,0.0,0.0,0.0,0.0,12607.550000000001,13460.0,0.9366679049034177,0.0,0.0,53.38,0.0,0.0,0.0
real_ramya_user,2023-03-22,0.0,1555.0,0.0,0.0,0.0,2,22,3,0,9,210.55571428571443,549.7023333333333,953.4285714285714,0.0,0.0,0.0,0.0,0.0,0.0,0.0,0.0,0.0,0.0,0.0,0.0,0.0,12607.550000000001,15015.0,0.8396636696636698,0.0,0.0,0.0,0.0,0.0,0.0
real_ramya_user,2023-03-23,0.0,6152.0,0.0,0.0,0.0,3,23,3,0,8,174.60000000000014,549.7023333333333,1608.0,0.0,0.0,0.0,0.0,0.0,0.0,0.0,0.0,0.0,0.0,0.0,0.0,0.0,12607.550000000001,21167.0,0.5956229035763216,0.0,0.0,0.0,0.0,0.0,0.0
real_ramya_user,2023-03-24,1369.59,0.0,0.0,0.0,0.0,4,24,3,0,7,370.2557142857144,595.3553333333333,1608.0,0.0,0.0,0.0,0.0,0.0,0.0,0.0,0.0,0.0,0.0,0.0,0.0,0.0,13977.14,21167.0,0.660326923985449,0.0,0.0,0.0,1369.59,0.0,0.0
real_ramya_user,2023-03-25,0.0,0.0,0.0,0.0,0.0,5,25,3,1,6,203.2814285714287,595.3553333333333,1101.0,0.0,0.0,0.0,0.0,0.0,0.0,0.0,0.0,0.0,0.0,0.0,0.0,0.0,13977.14,21167.0,0.660326923985449,0.0,0.0,0.0,0.0,0.0,0.0
real_ramya_user,2023-03-26,0.0,0.0,0.0,0.0,0.0,6,26,3,1,5,203.2814285714287,530.509,1101.0,0.0,0.0,0.0,0.0,0.0,0.0,0.0,0.0,0.0,0.0,0.0,0.0,0.0,13977.14,21167.0,0.660326923985449,0.0,0.0,0.0,0.0,0.0,0.0
real_ramya_user,2023-03-27,0.0,2033.0,0.0,0.0,0.0,0,27,3,0,4,203.2814285714287,530.509,1391.4285714285713,0.0,0.0,0.0,0.0,0.0,0.0,0.0,0.0,0.0,0.0,0.0,0.0,0.0,13977.14,23200.0,0.6024629310344828,0.0,0.0,0.0,0.0,0.0,0.0
real_ramya_user,2023-03-28,0.0,0.0,0.0,0.0,0.0,1,28,3,0,3,195.6557142857144,499.7646666666667,1391.4285714285713,0.0,0.0,0.0,0.0,0.0,0.0,0.0,0.0,0.0,0.0,0.0,0.0,0.0,13977.14,23200.0,0.6024629310344828,0.0,0.0,0.0,0.0,0.0,0.0
real_ramya_user,2023-03-29,1768.01,0.0,0.0,0.0,0.0,2,29,3,0,2,448.22857142857157,558.6983333333334,1169.2857142857142,0.0,0.0,0.0,0.0,0.0,0.0,0.0,0.0,0.0,1768.01,0.0,0.0,0.0,15745.15,23200.0,0.6786702586206896,0.0,0.0,0.0,0.0,0.0,0.0
real_ramya_user,2023-03-30,0.0,2917.0,0.0,0.0,0.0,3,30,3,0,1,448.22857142857157,524.8383333333334,707.1428571428571,0.0,0.0,0.0,0.0,0.0,0.0,0.0,0.0,0.0,0.0,0.0,0.0,0.0,15745.15,26117.0,0.6028697783053184,0.0,0.0,0.0,0.0,0.0,0.0
real_ramya_user,2023-03-31,975.63,0.0,0.0,0.0,0.0,4,31,3,0,0,391.94857142857154,557.3593333333334,707.1428571428571,0.0,0.0,0.0,0.0,0.0,0.0,0.0,0.0,0.0,131.35,0.0,0.0,0.0,16720.78,26117.0,0.6402259064976834,0.0,0.0,0.0,0.0,0.0,844.28
real_ramya_user,2023-04-01,3244.11,0.0,0.0,0.0,0.0,5,1,4,1,29,855.3928571428572,665.4963333333333,707.1428571428571,0.0,0.0,0.0,1978.91,0.0,0.0,0.0,0.0,0.0,0.0,0.0,0.0,0.0,3244.11,0.0,0.0,1265.2,0.0,0.0,0.0,0.0,0.0
real_ramya_user,2023-04-02,0.0,0.0,0.0,0.0,0.0,6,2,4,1,28,855.3928571428572,615.9239999999999,707.1428571428571,0.0,0.0,0.0,0.0,0.0,0.0,0.0,0.0,0.0,0.0,0.0,0.0,0.0,3244.11,0.0,0.0,0.0,0.0,0.0,0.0,0.0,0.0
real_ramya_user,2023-04-03,0.0,0.0,0.0,0.0,0.0,0,3,4,0,27,855.3928571428572,615.9239999999999,416.7142857142857,0.0,0.0,0.0,0.0,0.0,0.0,0.0,0.0,0.0,0.0,0.0,0.0,0.0,3244.11,0.0,0.0,0.0,0.0,0.0,0.0,0.0,0.0
real_ramya_user,2023-04-04,964.57,0.0,0.0,0.0,0.0,1,4,4,0,26,993.1885714285715,570.8953333333334,416.7142857142857,0.0,0.0,0.0,0.0,0.0,0.0,0.0,0.0,0.0,0.0,0.0,0.0,0.0,4208.68,0.0,0.0,0.0,964.57,0.0,0.0,0.0,0.0
real_ramya_user,2023-04-05,0.0,0.0,0.0,0.0,0.0,2,5,4,0,25,740.6157142857144,570.8953333333334,416.7142857142857,0.0,0.0,0.0,0.0,0.0,0.0,0.0,0.0,0.0,0.0,0.0,0.0,0.0,4208.68,0.0,0.0,0.0,0.0,0.0,0.0,0.0,0.0
real_ramya_user,2023-04-06,0.0,0.0,0.0,0.0,0.0,3,6,4,0,24,740.6157142857144,561.5333333333333,0.0,0.0,0.0,0.0,0.0,0.0,0.0,0.0,0.0,0.0,0.0,0.0,0.0,0.0,4208.68,0.0,0.0,0.0,0.0,0.0,0.0,0.0,0.0
real_ramya_user,2023-04-07,1826.23,0.0,0.0,0.0,0.0,4,7,4,0,23,862.1300000000001,516.376,0.0,0.0,0.0,0.0,0.0,0.0,0.0,0.0,0.0,0.0,0.0,0.0,0.0,0.0,6034.91,0.0,0.0,0.0,1826.23,0.0,0.0,0.0,0.0
real_ramya_user,2023-04-08,548.17,0.0,0.0,0.0,0.0,5,8,4,1,22,476.9957142857144,534.6483333333333,0.0,0.0,0.0,0.0,0.0,0.0,0.0,0.0,0.0,0.0,0.0,0.0,0.0,0.0,6583.08,0.0,0.0,0.0,0.0,0.0,548.17,0.0,0.0
real_ramya_user,2023-04-09,0.0,740.0,0.0,0.0,0.0,6,9,4,1,21,476.9957142857144,509.26366666666667,105.71428571428571,0.0,0.0,0.0,0.0,0.0,0.0,0.0,0.0,0.0,0.0,0.0,0.0,0.0,6583.08,740.0,5.0,0.0,0.0,0.0,0.0,0.0,0.0
real_ramya_user,2023-04-10,1662.62,0.0,0.0,0.0,0.0,0,10,4,0,20,714.5128571428573,564.6843333333333,105.71428571428571,0.0,0.0,0.0,0.0,0.0,0.0,0.0,0.0,0.0,0.0,0.0,0.0,0.0,8245.7,740.0,5.0,0.0,1536.02,0.0,0.0,126.6,0.0
real_ramya_user,2023-04-11,0.0,0.0,0.0,0.0,0.0,1,11,4,0,19,576.717142857143,558.3006666666666,105.71428571428571,0.0,0.0,0.0,0.0,0.0,0.0,0.0,0.0,0.0,0.0,0.0,0.0,0.0,8245.7,740.0,5.0,0.0,0.0,0.0,0.0,0.0,0.0
real_ramya_user,2023-04-12,0.0,0.0,0.0,0.0,0.0,2,12,4,0,18,576.717142857143,529.288,105.71428571428571,0.0,0.0,0.0,0.0,0.0,0.0,0.0,0.0,0.0,0.0,0.0,0.0,0.0,8245.7,740.0,5.0,0.0,0.0,0.0,0.0,0.0,0.0
real_ramya_user,2023-04-13,209.27,0.0,0.0,0.0,0.0,3,13,4,0,17,606.6128571428573,536.2636666666667,105.71428571428571,0.0,0.0,0.0,0.0,0.0,0.0,0.0,0.0,0.0,0.0,0.0,0.0,0.0,8454.970000000001,740.0,5.0,0.0,0.0,0.0,0.0,0.0,209.27
real_ramya_user,2023-04-14,0.0,0.0,0.0,0.0,0.0,4,14,4,0,16,345.72285714285726,468.06966666666665,105.71428571428571,0.0,0.0,0.0,0.0,0.0,0.0,0.0,0.0,0.0,0.0,0.0,0.0,0.0,8454.970000000001,740.0,5.0,0.0,0.0,0.0,0.0,0.0,0.0
real_ramya_user,2023-04-15,1072.04,0.0,0.0,0.0,0.0,5,15,4,1,15,420.5614285714287,495.4146666666667,105.71428571428571,0.0,0.0,0.0,0.0,0.0,0.0,0.0,0.0,0.0,0.0,0.0,0.0,0.0,9527.01,740.0,5.0,0.0,0.0,0.0,0.0,1072.04,0.0
real_ramya_user,2023-04-16,1530.46,0.0,0.0,0.0,0.0,6,16,4,1,14,639.1985714285717,546.4300000000001,0.0,0.0,0.0,0.0,1530.46,0.0,0.0,0.0,0.0,0.0,0.0,0.0,0.0,0.0,11057.470000000001,740.0,5.0,0.0,0.0,0.0,0.0,0.0,0.0
real_ramya_user,2023-04-17,0.0,0.0,0.0,0.0,0.0,0,17,4,0,13,401.6814285714287,507.4693333333334,0.0,0.0,0.0,0.0,0.0,0.0,0.0,0.0,0.0,0.0,0.0,0.0,0.0,0.0,11057.470000000001,740.0,5.0,0.0,0.0,0.0,0.0,0.0,0.0
real_ramya_user,2023-04-18,0.0,0.0,0.0,0.0,0.0,1,18,4,0,12,401.6814285714287,507.4693333333334,0.0,0.0,0.0,0.0,0.0,0.0,0.0,0.0,0.0,0.0,0.0,0.0,0.0,0.0,11057.470000000001,740.0,5.0,0.0,0.0,0.0,0.0,0.0,0.0
real_ramya_user,2023-04-19,0.0,0.0,0.0,0.0,0.0,2,19,4,0,11,401.6814285714287,507.4693333333334,0.0,0.0,0.0,0.0,0.0,0.0,0.0,0.0,0.0,0.0,0.0,0.0,0.0,0.0,11057.470000000001,740.0,5.0,0.0,0.0,0.0,0.0,0.0,0.0
real_ramya_user,2023-04-20,1076.5,0.0,0.0,0.0,0.0,3,20,4,0,10,525.5714285714287,541.5733333333334,0.0,0.0,0.0,0.0,0.0,0.0,0.0,0.0,0.0,0.0,0.0,0.0,0.0,0.0,12133.970000000001,740.0,5.0,0.0,0.0,0.0,716.06,0.0,360.44
real_ramya_user,2023-04-21,1828.82,0.0,0.0,0.0,0.0,4,21,4,0,9,786.8314285714287,602.534,0.0,0.0,0.0,0.0,0.0,0.0,0.0,0.0,0.0,0.0,0.0,0.0,0.0,0.0,13962.79,740.0,5.0,0.0,1828.82,0.0,0.0,0.0,0.0
real_ramya_user,2023-04-22,1675.03,1664.0,0.0,0.0,0.0,5,22,4,1,8,872.9728571428574,658.3683333333333,237.71428571428572,0.0,0.0,0.0,0.0,0.0,0.0,0.0,0.0,0.0,0.0,0.0,0.0,0.0,15637.82,2404.0,5.0,1675.03,0.0,0.0,0.0,0.0,0.0
real_ramya_user,2023-04-23,1088.83,0.0,0.0,0.0,0.0,6,23,4,1,7,809.8828571428572,649.0096666666667,237.71428571428572,0.0,0.0,0.0,0.0,0.0,0.0,0.0,0.0,0.0,1088.83,0.0,0.0,0.0,16726.65,2404.0,5.0,0.0,0.0,0.0,0.0,0.0,0.0
real_ramya_user,2023-04-24,0.0,1239.0,0.0,0.0,0.0,0,24,4,0,6,809.8828571428572,649.0096666666667,414.7142857142857,0.0,0.0,0.0,0.0,0.0,0.0,0.0,0.0,0.0,0.0,0.0,0.0,0.0,16726.65,3643.0,4.591449354927258,0.0,0.0,0.0,0.0,0.0,0.0
real_ramya_user,2023-04-25,0.0,663.0,0.0,0.0,0.0,1,25,4,0,5,809.8828571428572,649.0096666666667,509.42857142857144,0.0,0.0,0.0,0.0,0.0,0.0,0.0,0.0,0.0,0.0,0.0,0.0,0.0,16726.65,4306.0,3.8844983743613564,0.0,0.0,0.0,0.0,0.0,0.0
real_ramya_user,2023-04-26,0.0,0.0,0.0,0.0,0.0,2,26,4,0,4,809.8828571428572,649.0096666666667,509.42857142857144,0.0,0.0,0.0,0.0,0.0,0.0,0.0,0.0,0.0,0.0,0.0,0.0,0.0,16726.65,4306.0,3.8844983743613564,0.0,0.0,0.0,0.0,0.0,0.0
real_ramya_user,2023-04-27,0.0,0.0,0.0,0.0,0.0,3,27,4,0,3,656.0971428571429,649.0096666666667,509.42857142857144,0.0,0.0,0.0,0.0,0.0,0.0,0.0,0.0,0.0,0.0,0.0,0.0,0.0,16726.65,4306.0,3.8844983743613564,0.0,0.0,0.0,0.0,0.0,0.0
real_ramya_user,2023-04-28,0.0,0.0,0.0,0.0,0.0,4,28,4,0,2,394.837142857143,590.0760000000001,509.42857142857144,0.0,0.0,0.0,0.0,0.0,0.0,0.0,0.0,0.0,0.0,0.0,0.0,0.0,16726.65,4306.0,3.8844983743613564,0.0,0.0,0.0,0.0,0.0,0.0
real_ramya_user,2023-04-29,0.0,0.0,0.0,0.0,0.0,5,29,4,1,1,155.54714285714297,590.0760000000001,271.7142857142857,0.0,0.0,0.0,0.0,0.0,0.0,0.0,0.0,0.0,0.0,0.0,0.0,0.0,16726.65,4306.0,3.8844983743613564,0.0,0.0,0.0,0.0,0.0,0.0
real_ramya_user,2023-04-30,0.0,0.0,0.0,0.0,0.0,6,30,4,1,0,0.0,557.5550000000001,271.7142857142857,0.0,0.0,0.0,0.0,0.0,0.0,0.0,0.0,0.0,0.0,0.0,0.0,0.0,16726.65,4306.0,3.8844983743613564,0.0,0.0,0.0,0.0,0.0,0.0
real_ramya_user,2023-05-01,0.0,0.0,0.0,0.0,0.0,0,1,5,0,30,0.0,449.41799999999995,94.71428571428571,0.0,0.0,0.0,0.0,0.0,0.0,0.0,0.0,0.0,0.0,0.0,0.0,0.0,0.0,0.0,0.0,0.0,0.0,0.0,0.0,0.0,0.0
real_ramya_user,2023-05-02,1358.26,0.0,0.0,0.0,0.0,1,2,5,0,29,194.03714285714298,494.6933333333333,0.0,0.0,0.0,0.0,670.15,0.0,0.0,0.0,0.0,0.0,0.0,0.0,0.0,0.0,1358.26,0.0,0.0,0.0,0.0,0.0,0.0,0.0,688.11
real_ramya_user,2023-05-03,0.0,987.0,0.0,0.0,0.0,2,3,5,0,28,194.03714285714298,494.6933333333333,141.0,0.0,0.0,0.0,0.0,0.0,0.0,0.0,0.0,0.0,0.0,0.0,0.0,0.0,1358.26,987.0,1.3761499493414386,0.0,0.0,0.0,0.0,0.0,0.0
real_ramya_user,2023-05-04,0.0,0.0,0.0,0.0,0.0,3,4,5,0,27,194.03714285714298,462.541,141.0,0.0,0.0,0.0,0.0,0.0,0.0,0.0,0.0,0.0,0.0,0.0,0.0,0.0,1358.26,987.0,1.3761499493414386,0.0,0.0,0.0,0.0,0.0,0.0
real_ramya_user,2023-05-05,3097.6800000000003,1408.0,0.0,0.0,0.0,4,5,5,0,26,636.5628571428573,565.797,342.14285714285717,0.0,0.0,0.0,0.0,0.0,0.0,0.0,0.0,0.0,0.0,0.0,0.0,0.0,4455.9400000000005,2395.0,1.8605177453027142,0.0,1921.51,0.0,1176.17,0.0,0.0
real_ramya_user,2023-05-06,0.0,0.0,0.0,0.0,0.0,5,6,5,1,25,636.5628571428573,565.797,342.14285714285717,0.0,0.0,0.0,0.0,0.0,0.0,0.0,0.0,0.0,0.0,0.0,0.0,0.0,4455.9400000000005,2395.0,1.8605177453027142,0.0,0.0,0.0,0.0,0.0,0.0
real_ramya_user,2023-05-07,281.54,0.0,0.0,0.0,0.0,6,7,5,1,24,676.7828571428573,514.3073333333334,342.14285714285717,0.0,0.0,0.0,0.0,0.0,0.0,0.0,0.0,0.0,0.0,0.0,0.0,0.0,4737.4800000000005,2395.0,1.9780709812108561,0.0,281.54,0.0,0.0,0.0,0.0
real_ramya_user,2023-05-08,0.0,0.0,0.0,0.0,0.0,0,8,5,0,23,676.7828571428573,496.035,342.14285714285717,0.0,0.0,0.0,0.0,0.0,0.0,0.0,0.0,0.0,0.0,0.0,0.0,0.0,4737.4800000000005,2395.0,1.9780709812108561,0.0,0.0,0.0,0.0,0.0,0.0
real_ramya_user,2023-05-09,0.0,0.0,0.0,0.0,0.0,1,9,5,0,22,482.7457142857144,496.035,342.14285714285717,0.0,0.0,0.0,0.0,0.0,0.0,0.0,0.0,0.0,0.0,0.0,0.0,0.0,4737.4800000000005,2395.0,1.9780709812108561,0.0,0.0,0.0,0.0,0.0,0.0
real_ramya_user,2023-05-10,0.0,0.0,0.0,0.0,0.0,2,10,5,0,21,482.7457142857144,440.6143333333333,201.14285714285714,0.0,0.0,0.0,0.0,0.0,0.0,0.0,0.0,0.0,0.0,0.0,0.0,0.0,4737.4800000000005,2395.0,1.9780709812108561,0.0,0.0,0.0,0.0,0.0,0.0
real_ramya_user,2023-05-11,0.0,0.0,0.0,0.0,0.0,3,11,5,0,20,482.7457142857144,440.6143333333333,201.14285714285714,0.0,0.0,0.0,0.0,0.0,0.0,0.0,0.0,0.0,0.0,0.0,0.0,0.0,4737.4800000000005,2395.0,1.9780709812108561,0.0,0.0,0.0,0.0,0.0,0.0
real_ramya_user,2023-05-12,0.0,4491.0,0.0,0.0,0.0,4,12,5,0,19,40.220000000000134,440.6143333333333,641.5714285714286,0.0,0.0,0.0,0.0,0.0,0.0,0.0,0.0,0.0,0.0,0.0,0.0,0.0,4737.4800000000005,6886.0,0.6879872204472844,0.0,0.0,0.0,0.0,0.0,0.0
real_ramya_user,2023-05-13,0.0,0.0,0.0,0.0,0.0,5,13,5,1,18,40.220000000000134,433.63866666666667,641.5714285714286,0.0,0.0,0.0,0.0,0.0,0.0,0.0,0.0,0.0,0.0,0.0,0.0,0.0,4737.4800000000005,6886.0,0.6879872204472844,0.0,0.0,0.0,0.0,0.0,0.0
real_ramya_user,2023-05-14,2634.51,0.0,0.0,0.0,0.0,6,14,5,1,17,376.35857142857157,521.4556666666666,641.5714285714286,0.0,0.0,0.0,0.0,0.0,0.0,0.0,0.0,0.0,0.0,0.0,0.0,0.0,7371.990000000001,6886.0,1.070576532094104,0.0,454.24,0.0,0.0,0.0,2180.27
real_ramya_user,2023-05-15,1966.43,0.0,0.0,0.0,0.0,0,15,5,0,16,657.2771428571431,551.2686666666667,641.5714285714286,0.0,0.0,0.0,0.0,0.0,0.0,0.0,0.0,0.0,0.0,0.0,0.0,0.0,9338.42,6886.0,1.3561458030787104,0.0,0.0,0.0,1703.01,263.42,0.0
real_ramya_user,2023-05-16,372.34,0.0,0.0,0.0,0.0,1,16,5,0,15,710.4685714285716,512.6646666666667,641.5714285714286,0.0,0.0,0.0,372.34,0.0,0.0,0.0,0.0,0.0,0.0,0.0,0.0,0.0,9710.76,6886.0,1.410217833284926,0.0,0.0,0.0,0.0,0.0,0.0
real_ramya_user,2023-05-17,1282.9,0.0,0.0,0.0,0.0,2,17,5,0,14,893.7400000000001,555.428,641.5714285714286,0.0,0.0,0.0,0.0,0.0,0.0,0.0,0.0,0.0,0.0,0.0,0.0,0.0,10993.66,6886.0,1.596523380772582,1282.9,0.0,0.0,0.0,0.0,0.0
real_ramya_user,2023-05-18,0.0,1652.0,0.0,0.0,0.0,3,18,5,0,13,893.7400000000001,555.428,877.5714285714286,0.0,0.0,0.0,0.0,0.0,0.0,0.0,0.0,0.0,0.0,0.0,0.0,0.0,10993.66,8538.0,1.2876153665963925,0.0,0.0,0.0,0.0,0.0,0.0
real_ramya_user,2023-05-19,483.61,0.0,0.0,0.0,0.0,4,19,5,0,12,962.827142857143,571.5483333333334,236.0,0.0,0.0,0.0,0.0,0.0,0.0,0.0,0.0,0.0,0.0,0.0,0.0,0.0,11477.27,8538.0,1.3442574373389553,0.0,0.0,483.61,0.0,0.0,0.0
real_ramya_user,2023-05-20,3564.2200000000003,0.0,0.0,0.0,0.0,5,20,5,1,11,1472.001428571429,654.4723333333333,236.0,0.0,0.0,0.0,0.0,0.0,0.0,0.0,0.0,0.0,0.0,0.0,0.0,0.0,15041.490000000002,8538.0,1.7617111735769504,1389.42,898.79,0.0,0.0,0.0,1276.01
real_ramya_user,2023-05-21,0.0,0.0,0.0,0.0,0.0,6,21,5,1,10,1095.6428571428573,593.5116666666667,236.0,0.0,0.0,0.0,0.0,0.0,0.0,0.0,0.0,0.0,0.0,0.0,0.0,0.0,15041.490000000002,8538.0,1.7617111735769504,0.0,0.0,0.0,0.0,0.0,0.0
real_ramya_user,2023-05-22,2434.85,3937.0,0.0,0.0,0.0,0,22,5,0,9,1162.5600000000002,618.839,798.4285714285714,0.0,0.0,0.0,0.0,0.0,0.0,0.0,0.0,0.0,0.0,0.0,0.0,0.0,17476.34,12475.0,1.4009090180360722,0.0,0.0,1443.62,991.23,0.0,0.0
real_ramya_user,2023-05-23,0.0,0.0,0.0,0.0,0.0,1,23,5,0,8,1109.3685714285716,582.5446666666667,798.4285714285714,0.0,0.0,0.0,0.0,0.0,0.0,0.0,0.0,0.0,0.0,0.0,0.0,0.0,17476.34,12475.0,1.4009090180360722,0.0,0.0,0.0,0.0,0.0,0.0
real_ramya_user,2023-05-24,0.0,0.0,0.0,0.0,0.0,2,24,5,0,7,926.097142857143,582.5446666666667,798.4285714285714,0.0,0.0,0.0,0.0,0.0,0.0,0.0,0.0,0.0,0.0,0.0,0.0,0.0,17476.34,12475.0,1.4009090180360722,0.0,0.0,0.0,0.0,0.0,0.0
real_ramya_user,2023-05-25,211.84,0.0,0.0,0.0,0.0,3,25,5,0,6,956.3600000000002,589.606,562.4285714285714,0.0,0.0,0.0,0.0,0.0,0.0,0.0,0.0,0.0,0.0,0.0,0.0,0.0,17688.18,12475.0,1.4178901803607216,0.0,0.0,0.0,211.84,0.0,0.0
real_ramya_user,2023-05-26,0.0,0.0,0.0,0.0,0.0,4,26,5,0,5,887.2728571428573,589.606,562.4285714285714,0.0,0.0,0.0,0.0,0.0,0.0,0.0,0.0,0.0,0.0,0.0,0.0,0.0,17688.18,12475.0,1.4178901803607216,0.0,0.0,0.0,0.0,0.0,0.0
real_ramya_user,2023-05-27,0.0,0.0,0.0,0.0,0.0,5,27,5,1,4,378.0985714285716,589.606,562.4285714285714,0.0,0.0,0.0,0.0,0.0,0.0,0.0,0.0,0.0,0.0,0.0,0.0,0.0,17688.18,12475.0,1.4178901803607216,0.0,0.0,0.0,0.0,0.0,0.0
real_ramya_user,2023-05-28,333.69,0.0,0.0,0.0,0.0,6,28,5,1,3,425.7685714285716,600.7289999999999,562.4285714285714,0.0,0.0,0.0,0.0,0.0,0.0,0.0,0.0,0.0,0.0,0.0,0.0,0.0,18021.870000000003,12475.0,1.4446388777555113,333.69,0.0,0.0,0.0,0.0,0.0
real_ramya_user,2023-05-29,0.0,4272.0,0.0,0.0,0.0,0,29,5,0,2,77.93285714285727,600.7289999999999,610.2857142857143,0.0,0.0,0.0,0.0,0.0,0.0,0.0,0.0,0.0,0.0,0.0,0.0,0.0,18021.870000000003,16747.0,1.0761252761688662,0.0,0.0,0.0,0.0,0.0,0.0
real_ramya_user,2023-05-30,0.0,3575.0,0.0,0.0,0.0,1,30,5,0,1,77.93285714285727,600.7289999999999,1121.0,0.0,0.0,0.0,0.0,0.0,0.0,0.0,0.0,0.0,0.0,0.0,0.0,0.0,18021.870000000003,20322.0,0.8868157661647477,0.0,0.0,0.0,0.0,0.0,0.0
real_ramya_user,2023-05-31,0.0,0.0,0.0,0.0,0.0,2,31,5,0,0,77.93285714285727,600.7289999999999,1121.0,0.0,0.0,0.0,0.0,0.0,0.0,0.0,0.0,0.0,0.0,0.0,0.0,0.0,18021.870000000003,20322.0,0.8868157661647477,0.0,0.0,0.0,0.0,0.0,0.0
real_ramya_user,2023-06-01,0.0,0.0,0.0,0.0,0.0,3,1,6,0,29,47.67000000000012,555.4536666666667,1121.0,0.0,0.0,0.0,0.0,0.0,0.0,0.0,0.0,0.0,0.0,0.0,0.0,0.0,0.0,0.0,0.0,0.0,0.0,0.0,0.0,0.0,0.0
real_ramya_user,2023-06-02,0.0,4981.0,0.0,0.0,0.0,4,2,6,0,28,47.67000000000012,555.4536666666667,1832.5714285714287,0.0,0.0,0.0,0.0,0.0,0.0,0.0,0.0,0.0,0.0,0.0,0.0,0.0,0.0,4981.0,0.0,0.0,0.0,0.0,0.0,0.0,0.0
real_ramya_user,2023-06-03,682.52,0.0,0.0,0.0,0.0,5,3,6,1,27,145.17285714285725,578.2043333333334,1832.5714285714287,0.0,0.0,0.0,0.0,0.0,0.0,0.0,0.0,0.0,0.0,0.0,0.0,0.0,682.52,4981.0,0.137024693836579,0.0,0.0,682.52,0.0,0.0,0.0
real_ramya_user,2023-06-04,1411.96,0.0,0.0,0.0,0.0,6,4,6,1,26,299.2114285714287,522.0136666666666,1832.5714285714287,0.0,0.0,0.0,0.0,0.0,0.0,0.0,0.0,0.0,1411.96,0.0,0.0,0.0,2094.48,4981.0,0.42049387673158,0.0,0.0,0.0,0.0,0.0,0.0
real_ramya_user,2023-06-05,1218.56,0.0,0.0,0.0,0.0,0,5,6,0,25,473.2914285714287,562.6323333333333,1222.2857142857142,0.0,0.0,0.0,0.0,0.0,0.0,0.0,0.0,0.0,0.0,0.0,0.0,0.0,3313.04,4981.0,0.665135514956836,0.0,0.0,0.0,0.0,0.0,1218.56
real_ramya_user,2023-06-06,0.0,0.0,0.0,0.0,0.0,1,6,6,0,24,473.2914285714287,553.2476666666666,711.5714285714286,0.0,0.0,0.0,0.0,0.0,0.0,0.0,0.0,0.0,0.0,0.0,0.0,0.0,3313.04,4981.0,0.665135514956836,0.0,0.0,0.0,0.0,0.0,0.0
real_ramya_user,2023-06-07,0.0,0.0,0.0,0.0,0.0,2,7,6,0,23,473.2914285714287,553.2476666666666,711.5714285714286,0.0,0.0,0.0,0.0,0.0,0.0,0.0,0.0,0.0,0.0,0.0,0.0,0.0,3313.04,4981.0,0.665135514956836,0.0,0.0,0.0,0.0,0.0,0.0
real_ramya_user,2023-06-08,1035.97,0.0,0.0,0.0,0.0,3,8,6,0,22,621.2871428571431,587.7800000000001,711.5714285714286,0.0,0.0,0.0,211.5,0.0,0.0,0.0,0.0,0.0,0.0,0.0,0.0,0.0,4349.01,4981.0,0.8731198554507128,824.47,0.0,0.0,0.0,0.0,0.0
real_ramya_user,2023-06-09,1433.36,0.0,0.0,0.0,0.0,4,9,6,0,21,826.0528571428573,635.5586666666666,0.0,0.0,0.0,0.0,0.0,0.0,0.0,0.0,0.0,0.0,0.0,0.0,0.0,0.0,5782.37,4981.0,1.1608853643846617,0.0,0.0,108.77,0.0,1324.59,0.0
real_ramya_user,2023-06-10,500.02,0.0,0.0,0.0,0.0,5,10,6,1,20,799.9814285714286,652.226,0.0,0.0,0.0,0.0,0.0,0.0,0.0,0.0,0.0,0.0,315.64,0.0,0.0,0.0,6282.389999999999,4981.0,1.2612708291507728,0.0,0.0,0.0,184.38,0.0,0.0
real_ramya_user,2023-06-11,0.0,0.0,0.0,0.0,0.0,6,11,6,1,19,598.2728571428573,652.226,0.0,0.0,0.0,0.0,0.0,0.0,0.0,0.0,0.0,0.0,0.0,0.0,0.0,0.0,6282.389999999999,4981.0,1.2612708291507728,0.0,0.0,0.0,0.0,0.0,0.0
real_ramya_user,2023-06-12,0.0,0.0,0.0,0.0,0.0,0,12,6,0,18,424.19285714285724,652.226,0.0,0.0,0.0,0.0,0.0,0.0,0.0,0.0,0.0,0.0,0.0,0.0,0.0,0.0,6282.389999999999,4981.0,1.2612708291507728,0.0,0.0,0.0,0.0,0.0,0.0
real_ramya_user,2023-06-13,407.35,0.0,0.0,0.0,0.0,1,13,6,0,17,482.3857142857144,577.9873333333334,0.0,0.0,0.0,0.0,0.0,0.0,0.0,0.0,0.0,0.0,407.35,0.0,0.0,0.0,6689.74,4981.0,1.343051596065047,0.0,0.0,0.0,0.0,0.0,0.0
real_ramya_user,2023-06-14,0.0,0.0,0.0,0.0,0.0,2,14,6,0,16,482.3857142857144,512.4396666666667,0.0,0.0,0.0,0.0,0.0,0.0,0.0,0.0,0.0,0.0,0.0,0.0,0.0,0.0,6689.74,4981.0,1.343051596065047,0.0,0.0,0.0,0.0,0.0,0.0
real_ramya_user,2023-06-15,0.0,2890.0,0.0,0.0,0.0,3,15,6,0,15,334.39000000000004,500.02833333333336,412.85714285714283,0.0,0.0,0.0,0.0,0.0,0.0,0.0,0.0,0.0,0.0,0.0,0.0,0.0,6689.74,7871.0,0.8499225003176216,0.0,0.0,0.0,0.0,0.0,0.0
real_ramya_user,2023-06-16,2636.2799999999997,0.0,0.0,0.0,0.0,4,16,6,0,14,506.2357142857144,545.1410000000001,412.85714285714283,0.0,0.0,0.0,0.0,0.0,0.0,0.0,0.0,0.0,1689.1,0.0,0.0,0.0,9326.02,7871.0,1.1848583407445052,0.0,0.0,0.0,947.18,0.0,0.0
real_ramya_user,2023-06-17,939.69,0.0,0.0,0.0,0.0,5,17,6,1,13,569.0457142857143,576.4639999999999,412.85714285714283,0.0,0.0,0.0,0.0,0.0,0.0,0.0,0.0,0.0,0.0,0.0,0.0,0.0,10265.71,7871.0,1.3042446957184601,0.0,0.0,0.0,0.0,191.36,748.33
real_ramya_user,2023-06-18,0.0,0.0,0.0,0.0,0.0,6,18,6,1,12,569.0457142857143,560.3436666666665,412.85714285714283,0.0,0.0,0.0,0.0,0.0,0.0,0.0,0.0,0.0,0.0,0.0,0.0,0.0,10265.71,7871.0,1.3042446957184601,0.0,0.0,0.0,0.0,0.0,0.0
real_ramya_user,2023-06-19,897.09,0.0,0.0,0.0,0.0,0,19,6,0,11,697.2014285714287,471.4393333333333,412.85714285714283,0.0,0.0,0.0,0.0,0.0,0.0,0.0,0.0,0.0,0.0,0.0,0.0,0.0,11162.8,7871.0,1.4182187777918942,0.0,0.0,0.0,0.0,0.0,897.09
real_ramya_user,2023-06-20,0.0,0.0,0.0,0.0,0.0,1,20,6,0,10,639.0085714285715,471.4393333333333,412.85714285714283,0.0,0.0,0.0,0.0,0.0,0.0,0.0,0.0,0.0,0.0,0.0,0.0,0.0,11162.8,7871.0,1.4182187777918942,0.0,0.0,0.0,0.0,0.0,0.0
real_ramya_user,2023-06-21,534.17,0.0,0.0,0.0,0.0,2,21,6,0,9,715.3185714285715,408.08333333333326,412.85714285714283,0.0,0.0,0.0,0.0,0.0,0.0,0.0,0.0,0.0,534.17,0.0,0.0,0.0,11696.97,7871.0,1.4860843603099987,0.0,0.0,0.0,0.0,0.0,0.0
real_ramya_user,2023-06-22,491.31,0.0,0.0,0.0,0.0,3,22,6,0,8,785.5057142857142,424.4603333333334,0.0,0.0,0.0,0.0,310.75,0.0,0.0,0.0,0.0,0.0,0.0,0.0,0.0,0.0,12188.279999999999,7871.0,1.5485046372760767,0.0,0.0,180.56,0.0,0.0,0.0
real_ramya_user,2023-06-23,1941.7,0.0,0.0,0.0,0.0,4,23,6,0,7,686.2800000000001,489.1836666666667,0.0,0.0,0.0,0.0,0.0,0.0,0.0,0.0,0.0,0.0,0.0,0.0,0.0,0.0,14129.98,7871.0,1.7951950196925421,0.0,0.0,0.0,1941.7,0.0,0.0
real_ramya_user,2023-06-24,0.0,0.0,0.0,0.0,0.0,5,24,6,1,6,552.0385714285716,482.12233333333336,0.0,0.0,0.0,0.0,0.0,0.0,0.0,0.0,0.0,0.0,0.0,0.0,0.0,0.0,14129.98,7871.0,1.7951950196925421,0.0,0.0,0.0,0.0,0.0,0.0
real_ramya_user,2023-06-25,4764.49,0.0,0.0,0.0,0.0,6,25,6,1,5,1232.68,640.9386666666667,0.0,0.0,0.0,0.0,1683.19,0.0,0.0,0.0,0.0,0.0,1149.7,0.0,0.0,0.0,18894.47,7871.0,2.400517088044721,0.0,0.0,0.0,1931.6,0.0,0.0
real_ramya_user,2023-06-26,167.12,0.0,0.0,0.0,0.0,0,26,6,0,4,1128.3985714285714,646.5093333333333,0.0,0.0,0.0,0.0,0.0,0.0,0.0,0.0,0.0,0.0,0.0,0.0,0.0,0.0,19061.59,7871.0,2.4217494600431966,0.0,0.0,0.0,0.0,167.12,0.0
real_ramya_user,2023-06-27,0.0,0.0,0.0,0.0,0.0,1,27,6,0,3,1128.3985714285714,635.3863333333333,0.0,0.0,0.0,0.0,0.0,0.0,0.0,0.0,0.0,0.0,0.0,0.0,0.0,0.0,19061.59,7871.0,2.4217494600431966,0.0,0.0,0.0,0.0,0.0,0.0
real_ramya_user,2023-06-28,0.0,0.0,0.0,0.0,0.0,2,28,6,0,2,1052.0885714285714,635.3863333333333,0.0,0.0,0.0,0.0,0.0,0.0,0.0,0.0,0.0,0.0,0.0,0.0,0.0,0.0,19061.59,7871.0,2.4217494600431966,0.0,0.0,0.0,0.0,0.0,0.0
real_ramya_user,2023-06-29,0.0,0.0,0.0,0.0,0.0,3,29,6,0,1,981.9014285714286,635.3863333333333,0.0,0.0,0.0,0.0,0.0,0.0,0.0,0.0,0.0,0.0,0.0,0.0,0.0,0.0,19061.59,7871.0,2.4217494600431966,0.0,0.0,0.0,0.0,0.0,0.0
real_ramya_user,2023-06-30,1009.18,0.0,0.0,0.0,0.0,4,30,6,0,0,848.6842857142858,669.0256666666666,0.0,0.0,0.0,0.0,1009.18,0.0,0.0,0.0,0.0,0.0,0.0,0.0,0.0,0.0,20070.77,7871.0,2.549964426375302,0.0,0.0,0.0,0.0,0.0,0.0
real_ramya_user,2023-07-01,249.36,0.0,0.0,0.0,0.0,5,1,7,1,30,884.3071428571429,677.3376666666666,0.0,0.0,0.0,0.0,0.0,0.0,0.0,0.0,0.0,0.0,0.0,0.0,0.0,0.0,249.36,0.0,0.0,0.0,0.0,0.0,0.0,0.0,249.36
real_ramya_user,2023-07-02,1898.63,0.0,0.0,0.0,0.0,6,2,7,1,29,474.89857142857153,740.6253333333333,0.0,0.0,0.0,0.0,0.0,0.0,0.0,0.0,0.0,0.0,0.0,0.0,0.0,0.0,2147.9900000000002,0.0,0.0,0.0,0.0,0.0,0.0,0.0,1898.63
real_ramya_user,2023-07-03,0.0,0.0,0.0,0.0,0.0,0,3,7,0,28,451.02428571428584,717.8746666666667,0.0,0.0,0.0,0.0,0.0,0.0,0.0,0.0,0.0,0.0,0.0,0.0,0.0,0.0,2147.9900000000002,0.0,0.0,0.0,0.0,0.0,0.0,0.0,0.0
real_ramya_user,2023-07-04,0.0,0.0,0.0,0.0,0.0,1,4,7,0,27,451.02428571428584,670.8093333333333,0.0,0.0,0.0,0.0,0.0,0.0,0.0,0.0,0.0,0.0,0.0,0.0,0.0,0.0,2147.9900000000002,0.0,0.0,0.0,0.0,0.0,0.0,0.0,0.0
real_ramya_user,2023-07-05,0.0,3219.0,0.0,0.0,0.0,2,5,7,0,26,451.02428571428584,630.1906666666667,459.85714285714283,0.0,0.0,0.0,0.0,0.0,0.0,0.0,0.0,0.0,0.0,0.0,0.0,0.0,2147.9900000000002,3219.0,0.6672848710779746,0.0,0.0,0.0,0.0,0.0,0.0
real_ramya_user,2023-07-06,411.82,0.0,0.0,0.0,0.0,3,6,7,0,25,509.85571428571444,643.918,459.85714285714283,0.0,0.0,0.0,0.0,0.0,0.0,0.0,0.0,0.0,0.0,0.0,0.0,0.0,2559.8100000000004,3219.0,0.795219012115564,0.0,0.0,0.0,411.82,0.0,0.0
real_ramya_user,2023-07-07,1853.0600000000002,0.0,0.0,0.0,0.0,4,7,7,0,24,630.4100000000001,705.6866666666666,459.85714285714283,0.0,0.0,0.0,0.0,0.0,0.0,0.0,0.0,0.0,0.0,0.0,0.0,0.0,4412.870000000001,3219.0,1.370882261571917,0.0,0.0,183.18,0.0,0.0,1669.88
real_ramya_user,2023-07-08,0.0,0.0,0.0,0.0,0.0,5,8,7,1,23,594.7871428571428,671.1543333333333,459.85714285714283,0.0,0.0,0.0,0.0,0.0,0.0,0.0,0.0,0.0,0.0,0.0,0.0,0.0,4412.870000000001,3219.0,1.370882261571917,0.0,0.0,0.0,0.0,0.0,0.0
real_ramya_user,2023-07-09,0.0,0.0,0.0,0.0,0.0,6,9,7,1,22,323.55428571428587,623.3756666666666,459.85714285714283,0.0,0.0,0.0,0.0,0.0,0.0,0.0,0.0,0.0,0.0,0.0,0.0,0.0,4412.870000000001,3219.0,1.370882261571917,0.0,0.0,0.0,0.0,0.0,0.0
real_ramya_user,2023-07-10,3523.83,1365.0,0.0,0.0,0.0,0,10,7,0,21,826.9585714285715,724.1693333333333,654.8571428571429,0.0,0.0,0.0,1575.24,0.0,0.0,0.0,0.0,0.0,0.0,0.0,0.0,0.0,7936.700000000001,4584.0,1.7313917975567192,0.0,1714.68,0.0,233.91,0.0,0.0
real_ramya_user,2023-07-11,1573.63,0.0,0.0,0.0,0.0,1,11,7,0,20,1051.7628571428572,776.6236666666666,654.8571428571429,0.0,0.0,0.0,0.0,0.0,0.0,0.0,0.0,0.0,0.0,0.0,0.0,0.0,9510.33,4584.0,2.074679319371728,0.0,0.0,1573.63,0.0,0.0,0.0
real_ramya_user,2023-07-12,0.0,0.0,0.0,0.0,0.0,2,12,7,0,19,1051.7628571428572,776.6236666666666,195.0,0.0,0.0,0.0,0.0,0.0,0.0,0.0,0.0,0.0,0.0,0.0,0.0,0.0,9510.33,4584.0,2.074679319371728,0.0,0.0,0.0,0.0,0.0,0.0
real_ramya_user,2023-07-13,1757.01,0.0,0.0,0.0,0.0,3,13,7,0,18,1243.9328571428573,821.6123333333333,195.0,0.0,0.0,0.0,0.0,0.0,0.0,0.0,0.0,0.0,0.0,0.0,0.0,0.0,11267.34,4584.0,2.457971204188482,0.0,1757.01,0.0,0.0,0.0,0.0
real_ramya_user,2023-07-14,0.0,0.0,0.0,0.0,0.0,4,14,7,0,17,979.2100000000002,821.6123333333333,195.0,0.0,0.0,0.0,0.0,0.0,0.0,0.0,0.0,0.0,0.0,0.0,0.0,0.0,11267.34,4584.0,2.457971204188482,0.0,0.0,0.0,0.0,0.0,0.0
real_ramya_user,2023-07-15,3090.52,3517.0,0.0,0.0,0.0,5,15,7,1,16,1420.7128571428573,924.6296666666666,697.4285714285714,0.0,0.0,0.0,0.0,0.0,0.0,0.0,0.0,0.0,1148.33,0.0,0.0,0.0,14357.86,8101.0,1.77235649919763,0.0,1384.12,0.0,0.0,0.0,558.07
real_ramya_user,2023-07-16,682.35,0.0,0.0,0.0,0.0,6,16,7,1,15,1518.1914285714286,859.4986666666666,697.4285714285714,0.0,0.0,0.0,682.35,0.0,0.0,0.0,0.0,0.0,0.0,0.0,0.0,0.0,15040.210000000001,8101.0,1.8565868411307247,0.0,0.0,0.0,0.0,0.0,0.0
real_ramya_user,2023-07-17,567.89,0.0,0.0,0.0,0.0,0,17,7,0,14,1095.9142857142858,847.1053333333333,502.42857142857144,0.0,0.0,0.0,0.0,0.0,0.0,0.0,0.0,0.0,0.0,0.0,0.0,0.0,15608.1,8101.0,1.9266880632020738,0.0,0.0,0.0,0.0,567.89,0.0
real_ramya_user,2023-07-18,1945.27,0.0,0.0,0.0,0.0,1,18,7,0,13,1149.0057142857145,911.9476666666666,502.42857142857144,0.0,0.0,0.0,0.0,0.0,0.0,0.0,0.0,0.0,0.0,0.0,0.0,0.0,17553.37,8101.0,2.1668152079990124,0.0,0.0,1945.27,0.0,0.0,0.0
real_ramya_user,2023-07-19,2494.85,0.0,0.0,0.0,0.0,2,19,7,0,12,1505.412857142857,965.2063333333333,502.42857142857144,0.0,0.0,0.0,0.0,0.0,0.0,0.0,0.0,0.0,0.0,0.0,0.0,0.0,20048.22,8101.0,2.4747833600790026,0.0,546.15,0.0,0.0,1948.7,0.0
real_ramya_user,2023-07-20,383.99,0.0,0.0,0.0,0.0,3,20,7,0,11,1309.267142857143,978.0059999999999,502.42857142857144,0.0,0.0,0.0,0.0,0.0,0.0,0.0,0.0,0.0,0.0,0.0,0.0,0.0,20432.21,8101.0,2.5221836810270335,0.0,0.0,383.99,0.0,0.0,0.0
real_ramya_user,2023-07-21,1484.48,0.0,0.0,0.0,0.0,4,21,7,0,10,1521.3357142857144,1009.6829999999999,502.42857142857144,0.0,0.0,0.0,0.0,0.0,0.0,0.0,0.0,0.0,0.0,0.0,0.0,0.0,21916.69,8101.0,2.705430193803234,0.0,0.0,0.0,1484.48,0.0,0.0
real_ramya_user,2023-07-22,0.0,0.0,0.0,0.0,0.0,5,22,7,1,9,1079.8328571428572,993.3059999999999,0.0,0.0,0.0,0.0,0.0,0.0,0.0,0.0,0.0,0.0,0.0,0.0,0.0,0.0,21916.69,8101.0,2.705430193803234,0.0,0.0,0.0,0.0,0.0,0.0
real_ramya_user,2023-07-23,1643.82,0.0,0.0,0.0,0.0,6,23,7,1,8,1217.185714285714,983.3766666666666,0.0,0.0,0.0,0.0,0.0,0.0,0.0,0.0,0.0,0.0,0.0,0.0,0.0,0.0,23560.510000000002,8101.0,2.9083458832242934,0.0,1643.82,0.0,0.0,0.0,0.0
real_ramya_user,2023-07-24,0.0,0.0,0.0,0.0,0.0,0,24,7,0,7,1136.0585714285714,983.3766666666666,0.0,0.0,0.0,0.0,0.0,0.0,0.0,0.0,0.0,0.0,0.0,0.0,0.0,0.0,23560.510000000002,8101.0,2.9083458832242934,0.0,0.0,0.0,0.0,0.0,0.0
real_ramya_user,2023-07-25,140.58,0.0,0.0,0.0,0.0,1,25,7,0,6,878.2457142857144,829.2463333333333,0.0,0.0,0.0,0.0,0.0,0.0,0.0,0.0,0.0,0.0,0.0,0.0,0.0,0.0,23701.09,8101.0,2.9256992963831627,0.0,0.0,0.0,0.0,0.0,140.58
real_ramya_user,2023-07-26,279.94,0.0,0.0,0.0,0.0,2,26,7,0,5,561.8300000000002,833.007,0.0,0.0,0.0,0.0,0.0,0.0,0.0,0.0,0.0,0.0,0.0,0.0,0.0,0.0,23981.03,8101.0,2.9602555240093813,0.0,0.0,0.0,279.94,0.0,0.0
real_ramya_user,2023-07-27,2031.32,0.0,0.0,0.0,0.0,3,27,7,0,4,797.1628571428572,900.7176666666667,0.0,0.0,0.0,0.0,355.74,0.0,0.0,0.0,0.0,0.0,0.0,0.0,0.0,0.0,26012.35,8101.0,3.2110048142204666,1675.58,0.0,0.0,0.0,0.0,0.0
real_ramya_user,2023-07-28,0.0,0.0,0.0,0.0,0.0,4,28,7,0,3,585.0942857142858,900.7176666666667,0.0,0.0,0.0,0.0,0.0,0.0,0.0,0.0,0.0,0.0,0.0,0.0,0.0,0.0,26012.35,8101.0,3.2110048142204666,0.0,0.0,0.0,0.0,0.0,0.0
real_ramya_user,2023-07-29,0.0,0.0,0.0,0.0,0.0,5,29,7,1,2,585.0942857142858,900.7176666666667,0.0,0.0,0.0,0.0,0.0,0.0,0.0,0.0,0.0,0.0,0.0,0.0,0.0,0.0,26012.35,8101.0,3.2110048142204666,0.0,0.0,0.0,0.0,0.0,0.0
real_ramya_user,2023-07-30,110.61,0.0,0.0,0.0,0.0,6,30,7,1,1,366.0642857142858,870.7653333333333,0.0,0.0,0.0,0.0,0.0,0.0,0.0,0.0,0.0,0.0,110.61,0.0,0.0,0.0,26122.96,8101.0,3.224658684113072,0.0,0.0,0.0,0.0,0.0,0.0
real_ramya_user,2023-07-31,0.0,0.0,0.0,0.0,0.0,0,31,7,0,0,366.0642857142858,862.4533333333333,0.0,0.0,0.0,0.0,0.0,0.0,0.0,0.0,0.0,0.0,0.0,0.0,0.0,0.0,26122.96,8101.0,3.224658684113072,0.0,0.0,0.0,0.0,0.0,0.0
real_ramya_user,2023-08-01,555.22,0.0,0.0,0.0,0.0,1,1,8,0,30,425.29857142857156,817.673,0.0,0.0,0.0,0.0,0.0,0.0,0.0,0.0,0.0,0.0,0.0,0.0,0.0,0.0,555.22,0.0,0.0,555.22,0.0,0.0,0.0,0.0,0.0
real_ramya_user,2023-08-02,0.0,0.0,0.0,0.0,0.0,2,2,8,0,29,385.307142857143,817.673,0.0,0.0,0.0,0.0,0.0,0.0,0.0,0.0,0.0,0.0,0.0,0.0,0.0,0.0,555.22,0.0,0.0,0.0,0.0,0.0,0.0,0.0,0.0
real_ramya_user,2023-08-03,0.0,0.0,0.0,0.0,0.0,3,3,8,0,28,95.11857142857157,817.673,0.0,0.0,0.0,0.0,0.0,0.0,0.0,0.0,0.0,0.0,0.0,0.0,0.0,0.0,555.22,0.0,0.0,0.0,0.0,0.0,0.0,0.0,0.0
real_ramya_user,2023-08-04,1274.47,0.0,0.0,0.0,0.0,4,4,8,0,27,277.1857142857144,860.1553333333334,0.0,0.0,0.0,0.0,0.0,0.0,0.0,0.0,0.0,0.0,0.0,0.0,0.0,0.0,1829.69,0.0,0.0,0.0,0.0,0.0,1274.47,0.0,0.0
real_ramya_user,2023-08-05,0.0,2481.0,0.0,0.0,0.0,5,5,8,1,26,277.1857142857144,846.428,354.42857142857144,0.0,0.0,0.0,0.0,0.0,0.0,0.0,0.0,0.0,0.0,0.0,0.0,0.0,1829.69,2481.0,0.7374808544941556,0.0,0.0,0.0,0.0,0.0,0.0
real_ramya_user,2023-08-06,0.0,0.0,0.0,0.0,0.0,6,6,8,1,25,261.38428571428585,784.6593333333333,354.42857142857144,0.0,0.0,0.0,0.0,0.0,0.0,0.0,0.0,0.0,0.0,0.0,0.0,0.0,1829.69,2481.0,0.7374808544941556,0.0,0.0,0.0,0.0,0.0,0.0
real_ramya_user,2023-08-07,1058.4499999999998,0.0,0.0,0.0,0.0,0,7,8,0,24,412.5914285714287,819.9409999999999,354.42857142857144,0.0,0.0,0.0,0.0,0.0,0.0,0.0,0.0,0.0,363.39,0.0,0.0,0.0,2888.14,2481.0,1.1641031841999194,0.0,695.06,0.0,0.0,0.0,0.0
real_ramya_user,2023-08-08,0.0,0.0,0.0,0.0,0.0,1,8,8,0,23,333.2742857142858,819.9409999999999,354.42857142857144,0.0,0.0,0.0,0.0,0.0,0.0,0.0,0.0,0.0,0.0,0.0,0.0,0.0,2888.14,2481.0,1.1641031841999194,0.0,0.0,0.0,0.0,0.0,0.0
real_ramya_user,2023-08-09,1565.06,0.0,0.0,0.0,0.0,2,9,8,0,22,556.8542857142858,754.6486666666666,354.42857142857144,0.0,0.0,0.0,0.0,0.0,0.0,0.0,0.0,0.0,0.0,0.0,0.0,0.0,4453.2,2481.0,1.7949214026602176,0.0,0.0,0.0,0.0,1565.06,0.0
real_ramya_user,2023-08-10,545.48,2313.0,0.0,0.0,0.0,3,10,8,0,21,634.7800000000001,720.377,684.8571428571429,0.0,0.0,0.0,0.0,0.0,0.0,0.0,0.0,0.0,0.0,0.0,0.0,0.0,4998.68,4794.0,1.042695035460993,545.48,0.0,0.0,0.0,0.0,0.0
real_ramya_user,2023-08-11,1730.61,0.0,0.0,0.0,0.0,4,11,8,0,20,699.9428571428572,778.064,684.8571428571429,0.0,0.0,0.0,1730.61,0.0,0.0,0.0,0.0,0.0,0.0,0.0,0.0,0.0,6729.29,4794.0,1.4036900292031707,0.0,0.0,0.0,0.0,0.0,0.0
real_ramya_user,2023-08-12,0.0,0.0,0.0,0.0,0.0,5,12,8,1,19,699.9428571428572,719.497,330.42857142857144,0.0,0.0,0.0,0.0,0.0,0.0,0.0,0.0,0.0,0.0,0.0,0.0,0.0,6729.29,4794.0,1.4036900292031707,0.0,0.0,0.0,0.0,0.0,0.0
real_ramya_user,2023-08-13,0.0,0.0,0.0,0.0,0.0,6,13,8,1,18,699.9428571428572,719.497,330.42857142857144,0.0,0.0,0.0,0.0,0.0,0.0,0.0,0.0,0.0,0.0,0.0,0.0,0.0,6729.29,4794.0,1.4036900292031707,0.0,0.0,0.0,0.0,0.0,0.0
real_ramya_user,2023-08-14,0.0,0.0,0.0,0.0,0.0,0,14,8,0,17,548.7357142857144,616.4796666666666,330.42857142857144,0.0,0.0,0.0,0.0,0.0,0.0,0.0,0.0,0.0,0.0,0.0,0.0,0.0,6729.29,4794.0,1.4036900292031707,0.0,0.0,0.0,0.0,0.0,0.0
real_ramya_user,2023-08-15,0.0,0.0,0.0,0.0,0.0,1,15,8,0,16,548.7357142857144,593.7346666666667,330.42857142857144,0.0,0.0,0.0,0.0,0.0,0.0,0.0,0.0,0.0,0.0,0.0,0.0,0.0,6729.29,4794.0,1.4036900292031707,0.0,0.0,0.0,0.0,0.0,0.0
real_ramya_user,2023-08-16,953.45,0.0,0.0,0.0,0.0,2,16,8,0,15,461.36285714285725,606.5866666666666,330.42857142857144,0.0,0.0,0.0,953.45,0.0,0.0,0.0,0.0,0.0,0.0,0.0,0.0,0.0,7682.74,4794.0,1.6025740508969544,0.0,0.0,0.0,0.0,0.0,0.0
real_ramya_user,2023-08-17,1428.35,569.0,0.0,0.0,0.0,3,17,8,0,14,587.487142857143,589.356,81.28571428571429,0.0,0.0,0.0,0.0,0.0,0.0,0.0,0.0,0.0,0.0,0.0,0.0,0.0,9111.09,5363.0,1.6988793585679658,0.0,0.0,0.0,0.0,1428.35,0.0
real_ramya_user,2023-08-18,0.0,0.0,0.0,0.0,0.0,4,18,8,0,13,340.25714285714304,506.1943333333333,81.28571428571429,0.0,0.0,0.0,0.0,0.0,0.0,0.0,0.0,0.0,0.0,0.0,0.0,0.0,9111.09,5363.0,1.6988793585679658,0.0,0.0,0.0,0.0,0.0,0.0
real_ramya_user,2023-08-19,0.0,0.0,0.0,0.0,0.0,5,19,8,1,12,340.25714285714304,493.39466666666664,81.28571428571429,0.0,0.0,0.0,0.0,0.0,0.0,0.0,0.0,0.0,0.0,0.0,0.0,0.0,9111.09,5363.0,1.6988793585679658,0.0,0.0,0.0,0.0,0.0,0.0
real_ramya_user,2023-08-20,0.0,0.0,0.0,0.0,0.0,6,20,8,1,11,340.25714285714304,443.912,81.28571428571429,0.0,0.0,0.0,0.0,0.0,0.0,0.0,0.0,0.0,0.0,0.0,0.0,0.0,9111.09,5363.0,1.6988793585679658,0.0,0.0,0.0,0.0,0.0,0.0
real_ramya_user,2023-08-21,853.38,0.0,0.0,0.0,0.0,0,21,8,0,10,462.1685714285716,472.358,81.28571428571429,0.0,0.0,0.0,0.0,0.0,0.0,0.0,0.0,0.0,0.0,0.0,0.0,0.0,9964.47,5363.0,1.8580029834048106,0.0,0.0,0.0,0.0,853.38,0.0
real_ramya_user,2023-08-22,923.41,0.0,0.0,0.0,0.0,1,22,8,0,9,594.0842857142859,448.34433333333334,81.28571428571429,0.0,0.0,0.0,0.0,0.0,0.0,0.0,0.0,0.0,0.0,0.0,0.0,0.0,10887.88,5363.0,2.0301845981726645,0.0,923.41,0.0,0.0,0.0,0.0
real_ramya_user,2023-08-23,1357.62,0.0,0.0,0.0,0.0,2,23,8,0,8,651.8228571428572,493.5983333333333,81.28571428571429,0.0,0.0,0.0,0.0,0.0,0.0,0.0,0.0,0.0,0.0,0.0,0.0,0.0,12245.5,5363.0,2.2833302256199888,0.0,0.0,0.0,0.0,1357.62,0.0
real_ramya_user,2023-08-24,0.0,0.0,0.0,0.0,0.0,3,24,8,0,7,447.7728571428573,488.9123333333333,0.0,0.0,0.0,0.0,0.0,0.0,0.0,0.0,0.0,0.0,0.0,0.0,0.0,0.0,12245.5,5363.0,2.2833302256199888,0.0,0.0,0.0,0.0,0.0,0.0
real_ramya_user,2023-08-25,1173.13,0.0,0.0,0.0,0.0,4,25,8,0,6,615.3628571428573,518.6853333333333,0.0,0.0,0.0,0.0,0.0,0.0,0.0,0.0,0.0,0.0,0.0,0.0,0.0,0.0,13418.63,5363.0,2.502075330971471,0.0,0.0,0.0,1173.13,0.0,0.0
real_ramya_user,2023-08-26,0.0,0.0,0.0,0.0,0.0,5,26,8,1,5,615.3628571428573,450.9746666666667,0.0,0.0,0.0,0.0,0.0,0.0,0.0,0.0,0.0,0.0,0.0,0.0,0.0,0.0,13418.63,5363.0,2.502075330971471,0.0,0.0,0.0,0.0,0.0,0.0
real_ramya_user,2023-08-27,0.0,2815.0,0.0,0.0,0.0,6,27,8,1,4,615.3628571428573,450.9746666666667,402.14285714285717,0.0,0.0,0.0,0.0,0.0,0.0,0.0,0.0,0.0,0.0,0.0,0.0,0.0,13418.63,8178.0,1.6408204940083149,0.0,0.0,0.0,0.0,0.0,0.0
real_ramya_user,2023-08-28,0.0,0.0,0.0,0.0,0.0,0,28,8,0,3,493.45142857142866,450.9746666666667,402.14285714285717,0.0,0.0,0.0,0.0,0.0,0.0,0.0,0.0,0.0,0.0,0.0,0.0,0.0,13418.63,8178.0,1.6408204940083149,0.0,0.0,0.0,0.0,0.0,0.0
real_ramya_user,2023-08-29,0.0,0.0,0.0,0.0,0.0,1,29,8,0,2,361.5357142857144,447.28766666666667,402.14285714285717,0.0,0.0,0.0,0.0,0.0,0.0,0.0,0.0,0.0,0.0,0.0,0.0,0.0,13418.63,8178.0,1.6408204940083149,0.0,0.0,0.0,0.0,0.0,0.0
real_ramya_user,2023-08-30,3953.96,0.0,0.0,0.0,0.0,2,30,8,0,1,732.4414285714287,579.0863333333333,402.14285714285717,0.0,0.0,0.0,0.0,0.0,0.0,0.0,0.0,0.0,0.0,0.0,0.0,0.0,17372.59,8178.0,2.1243078992418685,0.0,0.0,968.66,0.0,2985.3,0.0
real_ramya_user,2023-08-31,0.0,0.0,0.0,0.0,0.0,3,31,8,0,0,732.4414285714287,560.5790000000001,402.14285714285717,0.0,0.0,0.0,0.0,0.0,0.0,0.0,0.0,0.0,0.0,0.0,0.0,0.0,17372.59,8178.0,2.1243078992418685,0.0,0.0,0.0,0.0,0.0,0.0
real_ramya_user,2023-09-01,3124.84,0.0,0.0,0.0,0.0,4,1,9,0,29,1011.257142857143,664.7403333333334,402.14285714285717,0.0,0.0,0.0,0.0,0.0,0.0,0.0,0.0,0.0,0.0,0.0,0.0,0.0,3124.84,0.0,0.0,1800.38,0.0,0.0,1324.46,0.0,0.0
real_ramya_user,2023-09-02,0.0,0.0,0.0,0.0,0.0,5,2,9,1,28,1011.257142857143,664.7403333333334,402.14285714285717,0.0,0.0,0.0,0.0,0.0,0.0,0.0,0.0,0.0,0.0,0.0,0.0,0.0,3124.84,0.0,0.0,0.0,0.0,0.0,0.0,0.0,0.0
real_ramya_user,2023-09-03,1314.25,0.0,0.0,0.0,0.0,6,3,9,1,27,1199.007142857143,666.0663333333334,0.0,0.0,0.0,0.0,1314.25,0.0,0.0,0.0,0.0,0.0,0.0,0.0,0.0,0.0,4439.09,0.0,0.0,0.0,0.0,0.0,0.0,0.0,0.0
real_ramya_user,2023-09-04,3677.87,0.0,0.0,0.0,0.0,0,4,9,0,26,1724.417142857143,788.662,0.0,0.0,0.0,0.0,1170.22,0.0,0.0,0.0,0.0,0.0,0.0,0.0,0.0,0.0,8116.96,0.0,0.0,692.9,0.0,0.0,0.0,1814.75,0.0
real_ramya_user,2023-09-05,0.0,0.0,0.0,0.0,0.0,1,5,9,0,25,1724.417142857143,788.662,0.0,0.0,0.0,0.0,0.0,0.0,0.0,0.0,0.0,0.0,0.0,0.0,0.0,0.0,8116.96,0.0,0.0,0.0,0.0,0.0,0.0,0.0,0.0
real_ramya_user,2023-09-06,0.0,0.0,0.0,0.0,0.0,2,6,9,0,24,1159.5657142857144,753.3803333333333,0.0,0.0,0.0,0.0,0.0,0.0,0.0,0.0,0.0,0.0,0.0,0.0,0.0,0.0,8116.96,0.0,0.0,0.0,0.0,0.0,0.0,0.0,0.0
real_ramya_user,2023-09-07,1813.99,0.0,0.0,0.0,0.0,3,7,9,0,23,1418.707142857143,813.8466666666666,0.0,0.0,0.0,0.0,0.0,0.0,0.0,0.0,0.0,0.0,1813.99,0.0,0.0,0.0,9930.95,0.0,0.0,0.0,0.0,0.0,0.0,0.0,0.0
real_ramya_user,2023-09-08,0.0,0.0,0.0,0.0,0.0,4,8,9,0,22,972.3014285714287,761.6779999999999,0.0,0.0,0.0,0.0,0.0,0.0,0.0,0.0,0.0,0.0,0.0,0.0,0.0,0.0,9930.95,0.0,0.0,0.0,0.0,0.0,0.0,0.0,0.0
real_ramya_user,2023-09-09,0.0,0.0,0.0,0.0,0.0,5,9,9,1,21,972.3014285714287,743.4953333333332,0.0,0.0,0.0,0.0,0.0,0.0,0.0,0.0,0.0,0.0,0.0,0.0,0.0,0.0,9930.95,0.0,0.0,0.0,0.0,0.0,0.0,0.0,0.0
real_ramya_user,2023-09-10,1692.38,0.0,0.0,0.0,0.0,6,10,9,1,20,1026.3200000000002,742.221,0.0,0.0,0.0,0.0,0.0,0.0,0.0,0.0,0.0,0.0,0.0,0.0,0.0,0.0,11623.33,0.0,0.0,0.0,0.0,0.0,0.0,1692.38,0.0
real_ramya_user,2023-09-11,2047.75,0.0,0.0,0.0,0.0,0,11,9,0,19,793.4457142857144,810.4793333333333,0.0,0.0,0.0,0.0,0.0,0.0,0.0,0.0,0.0,0.0,0.0,0.0,0.0,0.0,13671.08,0.0,0.0,0.0,0.0,0.0,0.0,1453.12,594.63
real_ramya_user,2023-09-12,2346.66,0.0,0.0,0.0,0.0,1,12,9,0,18,1128.6828571428573,888.7013333333333,0.0,0.0,0.0,0.0,0.0,0.0,0.0,0.0,0.0,0.0,0.0,0.0,0.0,0.0,16017.74,0.0,0.0,0.0,0.0,452.28,0.0,0.0,1894.38
real_ramya_user,2023-09-13,846.74,0.0,0.0,0.0,0.0,2,13,9,0,17,1249.6457142857143,916.926,0.0,0.0,0.0,0.0,0.0,0.0,0.0,0.0,0.0,0.0,0.0,0.0,0.0,0.0,16864.48,0.0,0.0,0.0,0.0,0.0,0.0,846.74,0.0
real_ramya_user,2023-09-14,2424.6,0.0,0.0,0.0,0.0,3,14,9,0,16,1336.8757142857144,997.746,0.0,0.0,0.0,0.0,0.0,0.0,0.0,0.0,0.0,0.0,0.0,0.0,0.0,0.0,19289.08,0.0,0.0,0.0,528.51,1896.0900000000001,0.0,0.0,0.0
real_ramya_user,2023-09-15,117.58,3626.0,0.0,0.0,0.0,4,15,9,0,15,1353.6728571428573,969.8836666666667,518.0,0.0,0.0,0.0,0.0,0.0,0.0,0.0,0.0,0.0,0.0,0.0,0.0,0.0,19406.66,3626.0,5.0,0.0,0.0,0.0,117.58,0.0,0.0
real_ramya_user,2023-09-16,2279.79,0.0,0.0,0.0,0.0,5,16,9,1,14,1679.357142857143,998.2649999999999,518.0,0.0,0.0,0.0,0.0,0.0,0.0,0.0,0.0,0.0,295.02,0.0,0.0,0.0,21686.45,3626.0,5.0,0.0,0.0,0.0,0.0,0.0,1984.77
real_ramya_user,2023-09-17,0.0,0.0,0.0,0.0,0.0,6,17,9,1,13,1437.5885714285712,998.2649999999999,518.0,0.0,0.0,0.0,0.0,0.0,0.0,0.0,0.0,0.0,0.0,0.0,0.0,0.0,21686.45,3626.0,5.0,0.0,0.0,0.0,0.0,0.0,0.0
real_ramya_user,2023-09-18,0.0,0.0,0.0,0.0,0.0,0,18,9,0,12,1145.0528571428572,998.2649999999999,518.0,0.0,0.0,0.0,0.0,0.0,0.0,0.0,0.0,0.0,0.0,0.0,0.0,0.0,21686.45,3626.0,5.0,0.0,0.0,0.0,0.0,0.0,0.0
real_ramya_user,2023-09-19,0.0,0.0,0.0,0.0,0.0,1,19,9,0,11,809.8157142857144,998.2649999999999,518.0,0.0,0.0,0.0,0.0,0.0,0.0,0.0,0.0,0.0,0.0,0.0,0.0,0.0,21686.45,3626.0,5.0,0.0,0.0,0.0,0.0,0.0,0.0
real_ramya_user,2023-09-20,0.0,0.0,0.0,0.0,0.0,2,20,9,0,10,688.8528571428573,969.819,518.0,0.0,0.0,0.0,0.0,0.0,0.0,0.0,0.0,0.0,0.0,0.0,0.0,0.0,21686.45,3626.0,5.0,0.0,0.0,0.0,0.0,0.0,0.0
real_ramya_user,2023-09-21,2193.7799999999997,0.0,0.0,0.0,0.0,3,21,9,0,9,655.8785714285715,1012.1646666666668,518.0,0.0,0.0,0.0,0.0,0.0,0.0,0.0,0.0,0.0,0.0,0.0,0.0,0.0,23880.23,3626.0,5.0,0.0,0.0,0.0,0.0,0.0,2193.7799999999997
real_ramya_user,2023-09-22,0.0,0.0,0.0,0.0,0.0,4,22,9,0,8,639.0814285714287,966.9106666666667,0.0,0.0,0.0,0.0,0.0,0.0,0.0,0.0,0.0,0.0,0.0,0.0,0.0,0.0,23880.23,3626.0,5.0,0.0,0.0,0.0,0.0,0.0,0.0
real_ramya_user,2023-09-23,0.0,2740.0,0.0,0.0,0.0,5,23,9,1,7,313.39714285714297,966.9106666666667,391.42857142857144,0.0,0.0,0.0,0.0,0.0,0.0,0.0,0.0,0.0,0.0,0.0,0.0,0.0,23880.23,6366.0,3.751214263273641,0.0,0.0,0.0,0.0,0.0,0.0
real_ramya_user,2023-09-24,1156.8,0.0,0.0,0.0,0.0,6,24,9,1,6,478.65428571428583,966.3663333333334,391.42857142857144,0.0,0.0,0.0,0.0,0.0,0.0,0.0,0.0,0.0,0.0,0.0,0.0,0.0,25037.03,6366.0,3.9329296261388627,0.0,0.0,0.0,0.0,0.0,1156.8
real_ramya_user,2023-09-25,0.0,0.0,0.0,0.0,0.0,0,25,9,0,5,478.65428571428583,966.3663333333334,391.42857142857144,0.0,0.0,0.0,0.0,0.0,0.0,0.0,0.0,0.0,0.0,0.0,0.0,0.0,25037.03,6366.0,3.9329296261388627,0.0,0.0,0.0,0.0,0.0,0.0
real_ramya_user,2023-09-26,0.0,0.0,0.0,0.0,0.0,1,26,9,0,4,478.65428571428583,966.3663333333334,391.42857142857144,0.0,0.0,0.0,0.0,0.0,0.0,0.0,0.0,0.0,0.0,0.0,0.0,0.0,25037.03,6366.0,3.9329296261388627,0.0,0.0,0.0,0.0,0.0,0.0
real_ramya_user,2023-09-27,0.0,0.0,0.0,0.0,0.0,2,27,9,0,3,478.65428571428583,966.3663333333334,391.42857142857144,0.0,0.0,0.0,0.0,0.0,0.0,0.0,0.0,0.0,0.0,0.0,0.0,0.0,25037.03,6366.0,3.9329296261388627,0.0,0.0,0.0,0.0,0.0,0.0
real_ramya_user,2023-09-28,0.0,1560.0,0.0,0.0,0.0,3,28,9,0,2,165.25714285714298,966.3663333333334,614.2857142857143,0.0,0.0,0.0,0.0,0.0,0.0,0.0,0.0,0.0,0.0,0.0,0.0,0.0,25037.03,7926.0,3.1588480948776176,0.0,0.0,0.0,0.0,0.0,0.0
real_ramya_user,2023-09-29,812.75,0.0,0.0,0.0,0.0,4,29,9,0,1,281.3642857142858,861.6593333333333,614.2857142857143,0.0,0.0,0.0,0.0,0.0,0.0,0.0,0.0,0.0,0.0,0.0,0.0,0.0,25849.78,7926.0,3.261390360837749,0.0,0.0,0.0,812.75,0.0,0.0
real_ramya_user,2023-09-30,0.0,0.0,0.0,0.0,0.0,5,30,9,1,0,281.3642857142858,861.6593333333333,222.85714285714286,0.0,0.0,0.0,0.0,0.0,0.0,0.0,0.0,0.0,0.0,0.0,0.0,0.0,25849.78,7926.0,3.261390360837749,0.0,0.0,0.0,0.0,0.0,0.0
real_ramya_user,2023-10-01,0.0,0.0,0.0,0.0,0.0,6,1,10,1,30,116.10714285714299,757.4979999999999,222.85714285714286,0.0,0.0,0.0,0.0,0.0,0.0,0.0,0.0,0.0,0.0,0.0,0.0,0.0,0.0,0.0,0.0,0.0,0.0,0.0,0.0,0.0,0.0
real_ramya_user,2023-10-02,0.0,0.0,0.0,0.0,0.0,0,2,10,0,29,116.10714285714299,757.4979999999999,222.85714285714286,0.0,0.0,0.0,0.0,0.0,0.0,0.0,0.0,0.0,0.0,0.0,0.0,0.0,0.0,0.0,0.0,0.0,0.0,0.0,0.0,0.0,0.0
real_ramya_user,2023-10-03,19.29,0.0,0.0,0.0,0.0,1,3,10,0,28,118.86285714285727,714.3326666666667,222.85714285714286,0.0,0.0,0.0,0.0,0.0,0.0,0.0,0.0,0.0,0.0,0.0,0.0,0.0,19.29,0.0,0.0,0.0,0.0,0.0,19.29,0.0,0.0
real_ramya_user,2023-10-04,1946.2900000000002,0.0,0.0,0.0,0.0,2,4,10,0,27,396.90428571428583,656.6133333333333,222.85714285714286,0.0,0.0,0.0,0.0,0.0,0.0,0.0,0.0,0.0,0.0,0.0,0.0,0.0,1965.5800000000002,0.0,0.0,45.65,1900.64,0.0,0.0,0.0,0.0
real_ramya_user,2023-10-05,0.0,2353.0,0.0,0.0,0.0,3,5,10,0,26,396.90428571428583,656.6133333333333,336.14285714285717,0.0,0.0,0.0,0.0,0.0,0.0,0.0,0.0,0.0,0.0,0.0,0.0,0.0,1965.5800000000002,2353.0,0.8353506162345942,0.0,0.0,0.0,0.0,0.0,0.0
real_ramya_user,2023-10-06,631.06,0.0,0.0,0.0,0.0,4,6,10,0,25,370.9485714285716,677.6486666666666,336.14285714285717,0.0,0.0,0.0,0.0,0.0,0.0,0.0,0.0,0.0,0.0,0.0,0.0,0.0,2596.6400000000003,2353.0,1.1035444113897155,0.0,631.06,0.0,0.0,0.0,0.0
real_ramya_user,2023-10-07,0.0,0.0,0.0,0.0,0.0,5,7,10,1,24,370.9485714285716,617.1823333333334,336.14285714285717,0.0,0.0,0.0,0.0,0.0,0.0,0.0,0.0,0.0,0.0,0.0,0.0,0.0,2596.6400000000003,2353.0,1.1035444113897155,0.0,0.0,0.0,0.0,0.0,0.0
real_ramya_user,2023-10-08,1458.39,4810.0,0.0,0.0,0.0,6,8,10,1,23,579.2900000000002,665.7953333333334,1023.2857142857143,0.0,0.0,0.0,0.0,0.0,0.0,0.0,0.0,0.0,1458.39,0.0,0.0,0.0,4055.03,7163.0,0.5661077760714784,0.0,0.0,0.0,0.0,0.0,0.0
real_ramya_user,2023-10-09,1565.03,0.0,0.0,0.0,0.0,0,9,10,0,22,802.8657142857145,717.9630000000001,1023.2857142857143,0.0,0.0,0.0,0.0,0.0,0.0,0.0,0.0,0.0,0.0,0.0,0.0,0.0,5620.06,7163.0,0.7845958397319559,0.0,872.99,0.0,0.0,0.0,692.04
real_ramya_user,2023-10-10,0.0,0.0,0.0,0.0,0.0,1,10,10,0,21,800.1100000000002,661.5503333333334,1023.2857142857143,0.0,0.0,0.0,0.0,0.0,0.0,0.0,0.0,0.0,0.0,0.0,0.0,0.0,5620.06,7163.0,0.7845958397319559,0.0,0.0,0.0,0.0,0.0,0.0
real_ramya_user,2023-10-11,1502.73,0.0,0.0,0.0,0.0,2,11,10,0,20,736.7442857142859,643.383,1023.2857142857143,0.0,0.0,0.0,0.0,0.0,0.0,0.0,0.0,0.0,0.0,0.0,0.0,0.0,7122.79,7163.0,0.9943864302666481,0.0,1502.73,0.0,0.0,0.0,0.0
real_ramya_user,2023-10-12,0.0,0.0,0.0,0.0,0.0,3,12,10,0,19,736.7442857142859,565.1610000000001,687.1428571428571,0.0,0.0,0.0,0.0,0.0,0.0,0.0,0.0,0.0,0.0,0.0,0.0,0.0,7122.79,7163.0,0.9943864302666481,0.0,0.0,0.0,0.0,0.0,0.0
real_ramya_user,2023-10-13,0.0,656.0,0.0,0.0,0.0,4,13,10,0,18,646.5928571428573,536.9363333333333,780.8571428571429,0.0,0.0,0.0,0.0,0.0,0.0,0.0,0.0,0.0,0.0,0.0,0.0,0.0,7122.79,7819.0,0.9109592019439826,0.0,0.0,0.0,0.0,0.0,0.0
real_ramya_user,2023-10-14,430.27,1508.0,0.0,0.0,0.0,5,14,10,1,17,708.0600000000002,470.45866666666666,996.2857142857143,0.0,0.0,0.0,0.0,0.0,0.0,0.0,0.0,0.0,0.0,0.0,0.0,0.0,7553.06,9327.0,0.8098059397448268,0.0,0.0,0.0,0.0,0.0,430.27
real_ramya_user,2023-10-15,1948.54,0.0,0.0,0.0,0.0,6,15,10,1,16,778.0814285714287,531.4906666666667,309.14285714285717,0.0,0.0,0.0,1948.54,0.0,0.0,0.0,0.0,0.0,0.0,0.0,0.0,0.0,9501.6,9327.0,1.0187198456095208,0.0,0.0,0.0,0.0,0.0,0.0
real_ramya_user,2023-10-16,0.0,661.0,0.0,0.0,0.0,0,16,10,0,15,554.5057142857144,455.4976666666667,403.57142857142856,0.0,0.0,0.0,0.0,0.0,0.0,0.0,0.0,0.0,0.0,0.0,0.0,0.0,9501.6,9988.0,0.9513015618742492,0.0,0.0,0.0,0.0,0.0,0.0
real_ramya_user,2023-10-17,1099.09,3914.0,0.0,0.0,0.0,1,17,10,0,14,711.5185714285716,492.134,962.7142857142857,0.0,0.0,0.0,0.0,0.0,0.0,0.0,0.0,0.0,0.0,0.0,0.0,0.0,10600.69,13902.0,0.7625298518198821,0.0,0.0,1099.09,0.0,0.0,0.0
real_ramya_user,2023-10-18,0.0,0.0,0.0,0.0,0.0,2,18,10,0,13,496.8428571428572,492.134,962.7142857142857,0.0,0.0,0.0,0.0,0.0,0.0,0.0,0.0,0.0,0.0,0.0,0.0,0.0,10600.69,13902.0,0.7625298518198821,0.0,0.0,0.0,0.0,0.0,0.0
real_ramya_user,2023-10-19,0.0,0.0,0.0,0.0,0.0,3,19,10,0,12,496.8428571428572,492.134,962.7142857142857,0.0,0.0,0.0,0.0,0.0,0.0,0.0,0.0,0.0,0.0,0.0,0.0,0.0,10600.69,13902.0,0.7625298518198821,0.0,0.0,0.0,0.0,0.0,0.0
real_ramya_user,2023-10-20,0.0,0.0,0.0,0.0,0.0,4,20,10,0,11,496.8428571428572,492.134,869.0,0.0,0.0,0.0,0.0,0.0,0.0,0.0,0.0,0.0,0.0,0.0,0.0,0.0,10600.69,13902.0,0.7625298518198821,0.0,0.0,0.0,0.0,0.0,0.0
real_ramya_user,2023-10-21,0.0,0.0,0.0,0.0,0.0,5,21,10,1,10,435.3757142857144,419.00800000000004,653.5714285714286,0.0,0.0,0.0,0.0,0.0,0.0,0.0,0.0,0.0,0.0,0.0,0.0,0.0,10600.69,13902.0,0.7625298518198821,0.0,0.0,0.0,0.0,0.0,0.0
real_ramya_user,2023-10-22,0.0,0.0,0.0,0.0,0.0,6,22,10,1,9,157.01285714285726,419.00800000000004,653.5714285714286,0.0,0.0,0.0,0.0,0.0,0.0,0.0,0.0,0.0,0.0,0.0,0.0,0.0,10600.69,13902.0,0.7625298518198821,0.0,0.0,0.0,0.0,0.0,0.0
real_ramya_user,2023-10-23,0.0,0.0,0.0,0.0,0.0,0,23,10,0,8,157.01285714285726,419.00800000000004,559.1428571428571,0.0,0.0,0.0,0.0,0.0,0.0,0.0,0.0,0.0,0.0,0.0,0.0,0.0,10600.69,13902.0,0.7625298518198821,0.0,0.0,0.0,0.0,0.0,0.0
real_ramya_user,2023-10-24,0.0,0.0,0.0,0.0,0.0,1,24,10,0,7,0.0,380.44800000000004,0.0,0.0,0.0,0.0,0.0,0.0,0.0,0.0,0.0,0.0,0.0,0.0,0.0,0.0,10600.69,13902.0,0.7625298518198821,0.0,0.0,0.0,0.0,0.0,0.0
real_ramya_user,2023-10-25,0.0,0.0,0.0,0.0,0.0,2,25,10,0,6,0.0,380.44800000000004,0.0,0.0,0.0,0.0,0.0,0.0,0.0,0.0,0.0,0.0,0.0,0.0,0.0,0.0,10600.69,13902.0,0.7625298518198821,0.0,0.0,0.0,0.0,0.0,0.0
real_ramya_user,2023-10-26,0.0,0.0,0.0,0.0,0.0,3,26,10,0,5,0.0,380.44800000000004,0.0,0.0,0.0,0.0,0.0,0.0,0.0,0.0,0.0,0.0,0.0,0.0,0.0,0.0,10600.69,13902.0,0.7625298518198821,0.0,0.0,0.0,0.0,0.0,0.0
real_ramya_user,2023-10-27,1028.15,0.0,0.0,0.0,0.0,4,27,10,0,4,146.87857142857158,414.7196666666667,0.0,0.0,0.0,0.0,609.22,0.0,0.0,0.0,0.0,0.0,0.0,0.0,0.0,0.0,11628.84,13902.0,0.8364868364264135,0.0,0.0,0.0,0.0,0.0,418.93
real_ramya_user,2023-10-28,0.0,0.0,0.0,0.0,0.0,5,28,10,1,3,146.87857142857158,414.7196666666667,0.0,0.0,0.0,0.0,0.0,0.0,0.0,0.0,0.0,0.0,0.0,0.0,0.0,0.0,11628.84,13902.0,0.8364868364264135,0.0,0.0,0.0,0.0,0.0,0.0
real_ramya_user,2023-10-29,1249.37,0.0,0.0,0.0,0.0,6,29,10,1,2,325.3600000000001,429.27366666666666,0.0,0.0,0.0,0.0,0.0,0.0,0.0,0.0,0.0,0.0,0.0,0.0,0.0,0.0,12878.21,13902.0,0.92635663933247,0.0,0.0,0.0,0.0,1249.37,0.0
real_ramya_user,2023-10-30,1663.0,2815.0,0.0,0.0,0.0,0,30,10,0,1,562.9314285714287,484.707,402.14285714285717,0.0,0.0,0.0,0.0,0.0,0.0,0.0,0.0,0.0,0.0,0.0,0.0,0.0,14541.21,16717.0,0.869845666088413,0.0,0.0,0.0,1663.0,0.0,0.0
real_ramya_user,2023-10-31,0.0,0.0,0.0,0.0,0.0,1,31,10,0,0,562.9314285714287,484.707,402.14285714285717,0.0,0.0,0.0,0.0,0.0,0.0,0.0,0.0,0.0,0.0,0.0,0.0,0.0,14541.21,16717.0,0.869845666088413,0.0,0.0,0.0,0.0,0.0,0.0
real_ramya_user,2023-11-01,0.0,0.0,0.0,0.0,0.0,2,1,11,0,29,562.9314285714287,484.707,402.14285714285717,0.0,0.0,0.0,0.0,0.0,0.0,0.0,0.0,0.0,0.0,0.0,0.0,0.0,0.0,0.0,0.0,0.0,0.0,0.0,0.0,0.0,0.0
real_ramya_user,2023-11-02,0.0,0.0,0.0,0.0,0.0,3,2,11,0,28,562.9314285714287,484.064,402.14285714285717,0.0,0.0,0.0,0.0,0.0,0.0,0.0,0.0,0.0,0.0,0.0,0.0,0.0,0.0,0.0,0.0,0.0,0.0,0.0,0.0,0.0,0.0
real_ramya_user,2023-11-03,0.0,0.0,0.0,0.0,0.0,4,3,11,0,27,416.05285714285725,419.18766666666664,402.14285714285717,0.0,0.0,0.0,0.0,0.0,0.0,0.0,0.0,0.0,0.0,0.0,0.0,0.0,0.0,0.0,0.0,0.0,0.0,0.0,0.0,0.0,0.0
real_ramya_user,2023-11-04,0.0,4577.0,0.0,0.0,0.0,5,4,11,1,26,416.05285714285725,419.18766666666664,1056.0,0.0,0.0,0.0,0.0,0.0,0.0,0.0,0.0,0.0,0.0,0.0,0.0,0.0,0.0,4577.0,0.0,0.0,0.0,0.0,0.0,0.0,0.0
real_ramya_user,2023-11-05,0.0,2654.0,0.0,0.0,0.0,6,5,11,1,25,237.5714285714287,398.15233333333333,1435.142857142857,0.0,0.0,0.0,0.0,0.0,0.0,0.0,0.0,0.0,0.0,0.0,0.0,0.0,0.0,7231.0,0.0,0.0,0.0,0.0,0.0,0.0,0.0
real_ramya_user,2023-11-06,0.0,0.0,0.0,0.0,0.0,0,6,11,0,24,0.0,398.15233333333333,1033.0,0.0,0.0,0.0,0.0,0.0,0.0,0.0,0.0,0.0,0.0,0.0,0.0,0.0,0.0,7231.0,0.0,0.0,0.0,0.0,0.0,0.0,0.0
real_ramya_user,2023-11-07,0.0,0.0,0.0,0.0,0.0,1,7,11,0,23,0.0,349.5393333333333,1033.0,0.0,0.0,0.0,0.0,0.0,0.0,0.0,0.0,0.0,0.0,0.0,0.0,0.0,0.0,7231.0,0.0,0.0,0.0,0.0,0.0,0.0,0.0
real_ramya_user,2023-11-08,2190.21,0.0,0.0,0.0,0.0,2,8,11,0,22,312.887142857143,370.3786666666667,1033.0,0.0,0.0,0.0,0.0,0.0,0.0,0.0,0.0,0.0,0.0,0.0,0.0,0.0,2190.21,7231.0,0.3028917162218227,2101.79,0.0,0.0,0.0,0.0,88.42
real_ramya_user,2023-11-09,1687.56,0.0,0.0,0.0,0.0,3,9,11,0,21,553.967142857143,426.6306666666667,1033.0,0.0,0.0,0.0,0.0,0.0,0.0,0.0,0.0,0.0,0.0,0.0,0.0,0.0,3877.77,7231.0,0.5362702254183377,15.45,0.0,1672.11,0.0,0.0,0.0
real_ramya_user,2023-11-10,0.0,0.0,0.0,0.0,0.0,4,10,11,0,20,553.967142857143,376.5396666666666,1033.0,0.0,0.0,0.0,0.0,0.0,0.0,0.0,0.0,0.0,0.0,0.0,0.0,0.0,3877.77,7231.0,0.5362702254183377,0.0,0.0,0.0,0.0,0.0,0.0
real_ramya_user,2023-11-11,3349.29,0.0,0.0,0.0,0.0,5,11,11,1,19,1032.437142857143,488.18266666666665,379.14285714285717,0.0,0.0,0.0,0.0,0.0,0.0,0.0,0.0,0.0,0.0,0.0,0.0,0.0,7227.0599999999995,7231.0,0.9994551237726454,0.0,0.0,1449.89,0.0,0.0,1899.4
real_ramya_user,2023-11-12,0.0,0.0,0.0,0.0,0.0,6,12,11,1,18,1032.437142857143,488.18266666666665,0.0,0.0,0.0,0.0,0.0,0.0,0.0,0.0,0.0,0.0,0.0,0.0,0.0,0.0,7227.0599999999995,7231.0,0.9994551237726454,0.0,0.0,0.0,0.0,0.0,0.0
real_ramya_user,2023-11-13,0.0,2393.0,0.0,0.0,0.0,0,13,11,0,17,1032.437142857143,473.8403333333334,341.85714285714283,0.0,0.0,0.0,0.0,0.0,0.0,0.0,0.0,0.0,0.0,0.0,0.0,0.0,7227.0599999999995,9624.0,0.7509413965087282,0.0,0.0,0.0,0.0,0.0,0.0
real_ramya_user,2023-11-14,535.61,823.0,0.0,0.0,0.0,1,14,11,0,16,1108.9528571428573,426.74266666666665,459.42857142857144,0.0,0.0,0.0,0.0,0.0,0.0,0.0,0.0,0.0,0.0,0.0,0.0,0.0,7762.67,10447.0,0.7430525509715707,0.0,0.0,0.0,0.0,535.61,0.0
real_ramya_user,2023-11-15,1605.18,0.0,0.0,0.0,0.0,2,15,11,0,15,1025.377142857143,480.2486666666666,459.42857142857144,0.0,0.0,0.0,0.0,0.0,0.0,0.0,0.0,0.0,0.0,0.0,0.0,0.0,9367.85,10447.0,0.8967024026036183,0.0,1605.18,0.0,0.0,0.0,0.0
real_ramya_user,2023-11-16,0.0,0.0,0.0,0.0,0.0,3,16,11,0,14,784.2971428571431,443.6123333333333,459.42857142857144,0.0,0.0,0.0,0.0,0.0,0.0,0.0,0.0,0.0,0.0,0.0,0.0,0.0,9367.85,10447.0,0.8967024026036183,0.0,0.0,0.0,0.0,0.0,0.0
real_ramya_user,2023-11-17,199.05,0.0,0.0,0.0,0.0,4,17,11,0,13,812.7328571428573,450.24733333333336,459.42857142857144,0.0,0.0,0.0,0.0,0.0,0.0,0.0,0.0,0.0,0.0,0.0,0.0,0.0,9566.9,10447.0,0.9157557193452666,0.0,0.0,199.05,0.0,0.0,0.0
real_ramya_user,2023-11-18,29.25,0.0,0.0,0.0,0.0,5,18,11,1,12,338.44142857142873,451.2223333333333,459.42857142857144,0.0,0.0,0.0,29.25,0.0,0.0,0.0,0.0,0.0,0.0,0.0,0.0,0.0,9596.15,10447.0,0.918555566191251,0.0,0.0,0.0,0.0,0.0,0.0
real_ramya_user,2023-11-19,0.0,0.0,0.0,0.0,0.0,6,19,11,1,11,338.44142857142873,451.2223333333333,459.42857142857144,0.0,0.0,0.0,0.0,0.0,0.0,0.0,0.0,0.0,0.0,0.0,0.0,0.0,9596.15,10447.0,0.918555566191251,0.0,0.0,0.0,0.0,0.0,0.0
real_ramya_user,2023-11-20,0.0,0.0,0.0,0.0,0.0,0,20,11,0,10,338.44142857142873,451.2223333333333,117.57142857142857,0.0,0.0,0.0,0.0,0.0,0.0,0.0,0.0,0.0,0.0,0.0,0.0,0.0,9596.15,10447.0,0.918555566191251,0.0,0.0,0.0,0.0,0.0,0.0
real_ramya_user,2023-11-21,1910.63,3192.0,0.0,0.0,0.0,1,21,11,0,9,534.8728571428572,514.91,456.0,0.0,0.0,0.0,0.0,0.0,0.0,0.0,0.0,0.0,1910.63,0.0,0.0,0.0,11506.78,13639.0,0.8436674242979691,0.0,0.0,0.0,0.0,0.0,0.0
real_ramya_user,2023-11-22,751.52,0.0,0.0,0.0,0.0,2,22,11,0,8,412.9214285714287,539.9606666666666,456.0,0.0,0.0,0.0,0.0,0.0,0.0,0.0,0.0,0.0,0.0,0.0,0.0,0.0,12258.3,13639.0,0.8987682381406261,0.0,0.0,751.52,0.0,0.0,0.0
real_ramya_user,2023-11-23,2480.6099999999997,0.0,0.0,0.0,0.0,3,23,11,0,7,767.2942857142858,622.6476666666666,456.0,0.0,0.0,0.0,0.0,0.0,0.0,0.0,0.0,0.0,0.0,0.0,0.0,0.0,14738.91,13639.0,1.0806444754014224,0.0,0.0,807.55,0.0,1673.06,0.0
real_ramya_user,2023-11-24,0.0,0.0,0.0,0.0,0.0,4,24,11,0,6,738.8585714285715,622.6476666666666,456.0,0.0,0.0,0.0,0.0,0.0,0.0,0.0,0.0,0.0,0.0,0.0,0.0,0.0,14738.91,13639.0,1.0806444754014224,0.0,0.0,0.0,0.0,0.0,0.0
real_ramya_user,2023-11-25,0.0,0.0,0.0,0.0,0.0,5,25,11,1,5,734.6800000000001,622.6476666666666,456.0,0.0,0.0,0.0,0.0,0.0,0.0,0.0,0.0,0.0,0.0,0.0,0.0,0.0,14738.91,13639.0,1.0806444754014224,0.0,0.0,0.0,0.0,0.0,0.0
real_ramya_user,2023-11-26,4638.0,0.0,0.0,0.0,0.0,6,26,11,1,4,1397.2514285714285,742.9760000000001,456.0,0.0,0.0,0.0,1963.32,0.0,0.0,0.0,0.0,0.0,1601.8,0.0,0.0,0.0,19376.91,13639.0,1.4206987315785615,0.0,0.0,837.9,0.0,0.0,234.98
real_ramya_user,2023-11-27,1597.31,0.0,0.0,0.0,0.0,0,27,11,0,3,1625.4385714285713,796.2196666666666,456.0,0.0,0.0,0.0,0.0,0.0,0.0,0.0,0.0,0.0,370.71,0.0,0.0,0.0,20974.22,13639.0,1.5378121563164455,0.0,1226.6,0.0,0.0,0.0,0.0
real_ramya_user,2023-11-28,1858.3000000000002,0.0,0.0,0.0,0.0,1,28,11,0,2,1617.9628571428573,816.5173333333333,0.0,0.0,0.0,0.0,0.0,0.0,0.0,0.0,0.0,0.0,0.0,0.0,0.0,0.0,22832.52,13639.0,1.674061148178019,0.0,0.0,0.0,886.97,0.0,971.33
real_ramya_user,2023-11-29,0.0,601.0,0.0,0.0,0.0,2,29,11,0,1,1510.6028571428574,761.0840000000001,85.85714285714286,0.0,0.0,0.0,0.0,0.0,0.0,0.0,0.0,0.0,0.0,0.0,0.0,0.0,22832.52,14240.0,1.6034073033707865,0.0,0.0,0.0,0.0,0.0,0.0
real_ramya_user,2023-11-30,0.0,0.0,0.0,0.0,0.0,3,30,11,0,0,1156.23,761.0840000000001,85.85714285714286,0.0,0.0,0.0,0.0,0.0,0.0,0.0,0.0,0.0,0.0,0.0,0.0,0.0,22832.52,14240.0,1.6034073033707865,0.0,0.0,0.0,0.0,0.0,0.0
real_ramya_user,2023-12-01,0.0,0.0,0.0,0.0,0.0,4,1,12,0,30,1156.23,761.0840000000001,85.85714285714286,0.0,0.0,0.0,0.0,0.0,0.0,0.0,0.0,0.0,0.0,0.0,0.0,0.0,0.0,0.0,0.0,0.0,0.0,0.0,0.0,0.0,0.0
real_ramya_user,2023-12-02,0.0,0.0,0.0,0.0,0.0,5,2,12,1,29,1156.23,761.0840000000001,85.85714285714286,0.0,0.0,0.0,0.0,0.0,0.0,0.0,0.0,0.0,0.0,0.0,0.0,0.0,0.0,0.0,0.0,0.0,0.0,0.0,0.0,0.0,0.0
real_ramya_user,2023-12-03,0.0,0.0,0.0,0.0,0.0,6,3,12,1,28,493.6585714285716,761.0840000000001,85.85714285714286,0.0,0.0,0.0,0.0,0.0,0.0,0.0,0.0,0.0,0.0,0.0,0.0,0.0,0.0,0.0,0.0,0.0,0.0,0.0,0.0,0.0,0.0
real_ramya_user,2023-12-04,0.0,0.0,0.0,0.0,0.0,0,4,12,0,27,265.4714285714287,761.0840000000001,85.85714285714286,0.0,0.0,0.0,0.0,0.0,0.0,0.0,0.0,0.0,0.0,0.0,0.0,0.0,0.0,0.0,0.0,0.0,0.0,0.0,0.0,0.0,0.0
real_ramya_user,2023-12-05,2999.02,0.0,0.0,0.0,0.0,1,5,12,0,26,428.4314285714287,861.0513333333333,85.85714285714286,0.0,0.0,0.0,0.0,0.0,0.0,0.0,0.0,0.0,0.0,0.0,0.0,0.0,2999.02,0.0,0.0,1956.01,1043.01,0.0,0.0,0.0,0.0
real_ramya_user,2023-12-06,871.37,0.0,0.0,0.0,0.0,2,6,12,0,25,552.9128571428572,890.097,0.0,0.0,0.0,0.0,0.0,0.0,0.0,0.0,0.0,0.0,0.0,0.0,0.0,0.0,3870.39,0.0,0.0,0.0,0.0,871.37,0.0,0.0,0.0
real_ramya_user,2023-12-07,0.0,0.0,0.0,0.0,0.0,3,7,12,0,24,552.9128571428572,890.097,0.0,0.0,0.0,0.0,0.0,0.0,0.0,0.0,0.0,0.0,0.0,0.0,0.0,0.0,3870.39,0.0,0.0,0.0,0.0,0.0,0.0,0.0,0.0
real_ramya_user,2023-12-08,698.04,0.0,0.0,0.0,0.0,4,8,12,0,23,652.6328571428573,840.3580000000001,0.0,0.0,0.0,0.0,0.0,0.0,0.0,0.0,0.0,0.0,698.04,0.0,0.0,0.0,4568.43,0.0,0.0,0.0,0.0,0.0,0.0,0.0,0.0
real_ramya_user,2023-12-09,338.99,0.0,0.0,0.0,0.0,5,9,12,1,22,701.0600000000002,795.4056666666667,0.0,0.0,0.0,0.0,33.17,0.0,0.0,0.0,0.0,0.0,0.0,0.0,0.0,0.0,4907.42,0.0,0.0,0.0,0.0,0.0,305.82,0.0,0.0
real_ramya_user,2023-12-10,1705.22,0.0,0.0,0.0,0.0,6,10,12,1,21,944.6628571428573,852.2463333333333,0.0,0.0,0.0,0.0,0.0,0.0,0.0,0.0,0.0,0.0,1705.22,0.0,0.0,0.0,6612.639999999999,0.0,0.0,0.0,0.0,0.0,0.0,0.0,0.0
real_ramya_user,2023-12-11,1505.35,0.0,0.0,0.0,0.0,0,11,12,0,20,1159.7128571428573,790.7816666666666,0.0,0.0,0.0,0.0,0.0,0.0,0.0,0.0,0.0,0.0,0.0,0.0,0.0,0.0,8117.99,0.0,0.0,0.0,0.0,1505.35,0.0,0.0,0.0
real_ramya_user,2023-12-12,0.0,0.0,0.0,0.0,0.0,1,12,12,0,19,731.2814285714287,790.7816666666666,0.0,0.0,0.0,0.0,0.0,0.0,0.0,0.0,0.0,0.0,0.0,0.0,0.0,0.0,8117.99,0.0,0.0,0.0,0.0,0.0,0.0,0.0,0.0
real_ramya_user,2023-12-13,1940.59,0.0,0.0,0.0,0.0,2,13,12,0,18,884.027142857143,855.4680000000001,0.0,0.0,0.0,0.0,0.0,0.0,0.0,0.0,0.0,0.0,0.0,0.0,0.0,0.0,10058.58,0.0,0.0,0.0,1940.59,0.0,0.0,0.0,0.0
real_ramya_user,2023-12-14,166.87,3601.0,0.0,0.0,0.0,3,14,12,0,17,907.8657142857144,843.1766666666666,514.4285714285714,0.0,0.0,0.0,0.0,0.0,0.0,0.0,0.0,0.0,0.0,0.0,0.0,0.0,10225.449999999999,3601.0,2.839613996112191,166.87,0.0,0.0,0.0,0.0,0.0
real_ramya_user,2023-12-15,0.0,0.0,0.0,0.0,0.0,4,15,12,0,16,808.1457142857143,789.6706666666666,514.4285714285714,0.0,0.0,0.0,0.0,0.0,0.0,0.0,0.0,0.0,0.0,0.0,0.0,0.0,10225.449999999999,3601.0,2.839613996112191,0.0,0.0,0.0,0.0,0.0,0.0
real_ramya_user,2023-12-16,0.0,0.0,0.0,0.0,0.0,5,16,12,1,15,759.7185714285715,789.6706666666666,514.4285714285714,0.0,0.0,0.0,0.0,0.0,0.0,0.0,0.0,0.0,0.0,0.0,0.0,0.0,10225.449999999999,3601.0,2.839613996112191,0.0,0.0,0.0,0.0,0.0,0.0
real_ramya_user,2023-12-17,0.0,0.0,0.0,0.0,0.0,6,17,12,1,14,516.1157142857144,783.0356666666667,514.4285714285714,0.0,0.0,0.0,0.0,0.0,0.0,0.0,0.0,0.0,0.0,0.0,0.0,0.0,10225.449999999999,3601.0,2.839613996112191,0.0,0.0,0.0,0.0,0.0,0.0
real_ramya_user,2023-12-18,185.16,0.0,0.0,0.0,0.0,0,18,12,0,13,327.51714285714297,788.2326666666667,514.4285714285714,0.0,0.0,0.0,0.0,0.0,0.0,0.0,0.0,0.0,185.16,0.0,0.0,0.0,10410.61,3601.0,2.8910330463760068,0.0,0.0,0.0,0.0,0.0,0.0
real_ramya_user,2023-12-19,0.0,0.0,0.0,0.0,0.0,1,19,12,0,12,327.51714285714297,788.2326666666667,514.4285714285714,0.0,0.0,0.0,0.0,0.0,0.0,0.0,0.0,0.0,0.0,0.0,0.0,0.0,10410.61,3601.0,2.8910330463760068,0.0,0.0,0.0,0.0,0.0,0.0
real_ramya_user,2023-12-20,246.23,0.0,0.0,0.0,0.0,2,20,12,0,11,85.46571428571441,796.4403333333333,514.4285714285714,0.0,0.0,0.0,0.0,0.0,0.0,0.0,0.0,0.0,0.0,0.0,0.0,0.0,10656.84,3601.0,2.9594112746459316,0.0,246.23,0.0,0.0,0.0,0.0
real_ramya_user,2023-12-21,214.26,0.0,0.0,0.0,0.0,3,21,12,0,10,92.23571428571441,739.8946666666667,0.0,0.0,0.0,0.0,214.26,0.0,0.0,0.0,0.0,0.0,0.0,0.0,0.0,0.0,10871.1,3601.0,3.018911413496251,0.0,0.0,0.0,0.0,0.0,0.0
real_ramya_user,2023-12-22,1653.56,0.0,0.0,0.0,0.0,4,22,12,0,9,328.4585714285716,769.9626666666667,0.0,0.0,0.0,0.0,1653.56,0.0,0.0,0.0,0.0,0.0,0.0,0.0,0.0,0.0,12524.66,3601.0,3.478106081643988,0.0,0.0,0.0,0.0,0.0,0.0
real_ramya_user,2023-12-23,1781.32,0.0,0.0,0.0,0.0,5,23,12,1,8,582.9328571428572,746.653,0.0,0.0,0.0,0.0,0.0,0.0,0.0,0.0,0.0,0.0,0.0,0.0,0.0,0.0,14305.98,3601.0,3.9727797833935017,0.0,0.0,0.0,0.0,1781.32,0.0
real_ramya_user,2023-12-24,0.0,0.0,0.0,0.0,0.0,6,24,12,1,7,582.9328571428572,746.653,0.0,0.0,0.0,0.0,0.0,0.0,0.0,0.0,0.0,0.0,0.0,0.0,0.0,0.0,14305.98,3601.0,3.9727797833935017,0.0,0.0,0.0,0.0,0.0,0.0
real_ramya_user,2023-12-25,1901.21,0.0,0.0,0.0,0.0,0,25,12,0,6,828.0828571428573,810.0266666666666,0.0,0.0,0.0,0.0,0.0,0.0,0.0,0.0,0.0,0.0,1901.21,0.0,0.0,0.0,16207.189999999999,3601.0,4.500747014718134,0.0,0.0,0.0,0.0,0.0,0.0
real_ramya_user,2023-12-26,1635.01,0.0,0.0,0.0,0.0,1,26,12,0,5,1061.6557142857143,709.9269999999999,0.0,0.0,0.0,0.0,1635.01,0.0,0.0,0.0,0.0,0.0,0.0,0.0,0.0,0.0,17842.2,3601.0,4.954790336017773,0.0,0.0,0.0,0.0,0.0,0.0
real_ramya_user,2023-12-27,1124.7,0.0,0.0,0.0,0.0,2,27,12,0,4,1187.1514285714288,694.1733333333334,0.0,0.0,0.0,0.0,0.0,0.0,0.0,0.0,0.0,0.0,0.0,0.0,0.0,0.0,18966.9,3601.0,5.0,0.0,1124.7,0.0,0.0,0.0,0.0
real_ramya_user,2023-12-28,0.0,0.0,0.0,0.0,0.0,3,28,12,0,3,1156.5428571428572,632.2299999999999,0.0,0.0,0.0,0.0,0.0,0.0,0.0,0.0,0.0,0.0,0.0,0.0,0.0,0.0,18966.9,3601.0,5.0,0.0,0.0,0.0,0.0,0.0,0.0
real_ramya_user,2023-12-29,1687.43,0.0,0.0,0.0,0.0,4,29,12,0,2,1161.3814285714286,688.4776666666666,0.0,0.0,0.0,0.0,0.0,0.0,0.0,0.0,0.0,0.0,1673.0600000000002,0.0,0.0,0.0,20654.329999999998,3601.0,5.0,14.37,0.0,0.0,0.0,0.0,0.0
real_ramya_user,2023-12-30,0.0,0.0,0.0,0.0,0.0,5,30,12,1,1,906.9071428571431,688.4776666666666,0.0,0.0,0.0,0.0,0.0,0.0,0.0,0.0,0.0,0.0,0.0,0.0,0.0,0.0,20654.329999999998,3601.0,5.0,0.0,0.0,0.0,0.0,0.0,0.0
real_ramya_user,2023-12-31,0.0,0.0,0.0,0.0,0.0,6,31,12,1,0,906.9071428571431,688.4776666666666,0.0,0.0,0.0,0.0,0.0,0.0,0.0,0.0,0.0,0.0,0.0,0.0,0.0,0.0,20654.329999999998,3601.0,5.0,0.0,0.0,0.0,0.0,0.0,0.0
real_ramya_user,2024-01-01,0.0,0.0,0.0,0.0,0.0,0,1,1,0,30,635.3057142857144,688.4776666666666,0.0,0.0,0.0,0.0,0.0,0.0,0.0,0.0,0.0,0.0,0.0,0.0,0.0,0.0,0.0,0.0,0.0,0.0,0.0,0.0,0.0,0.0,0.0
real_ramya_user,2024-01-02,1201.0,0.0,0.0,0.0,0.0,1,2,1,0,29,573.3042857142858,728.511,0.0,0.0,0.0,0.0,0.0,0.0,0.0,0.0,0.0,0.0,0.0,0.0,0.0,0.0,1201.0,0.0,0.0,0.0,0.0,101.1,0.0,1099.9,0.0
real_ramya_user,2024-01-03,0.0,0.0,0.0,0.0,0.0,2,3,1,0,28,412.6328571428573,728.511,0.0,0.0,0.0,0.0,0.0,0.0,0.0,0.0,0.0,0.0,0.0,0.0,0.0,0.0,1201.0,0.0,0.0,0.0,0.0,0.0,0.0,0.0,0.0
real_ramya_user,2024-01-04,0.0,5888.0,0.0,0.0,0.0,3,4,1,0,27,412.6328571428573,628.5436666666666,841.1428571428571,0.0,0.0,0.0,0.0,0.0,0.0,0.0,0.0,0.0,0.0,0.0,0.0,0.0,1201.0,5888.0,0.2039741847826087,0.0,0.0,0.0,0.0,0.0,0.0
real_ramya_user,2024-01-05,0.0,0.0,0.0,0.0,0.0,4,5,1,0,26,171.5714285714287,599.4979999999999,841.1428571428571,0.0,0.0,0.0,0.0,0.0,0.0,0.0,0.0,0.0,0.0,0.0,0.0,0.0,1201.0,5888.0,0.2039741847826087,0.0,0.0,0.0,0.0,0.0,0.0
real_ramya_user,2024-01-06,0.0,0.0,0.0,0.0,0.0,5,6,1,1,25,171.5714285714287,599.4979999999999,841.1428571428571,0.0,0.0,0.0,0.0,0.0,0.0,0.0,0.0,0.0,0.0,0.0,0.0,0.0,1201.0,5888.0,0.2039741847826087,0.0,0.0,0.0,0.0,0.0,0.0
real_ramya_user,2024-01-07,0.0,2266.0,0.0,0.0,0.0,6,7,1,1,24,171.5714285714287,576.2299999999999,1164.857142857143,0.0,0.0,0.0,0.0,0.0,0.0,0.0,0.0,0.0,0.0,0.0,0.0,0.0,1201.0,8154.0,0.14728967377974,0.0,0.0,0.0,0.0,0.0,0.0
real_ramya_user,2024-01-08,0.0,0.0,0.0,0.0,0.0,0,8,1,0,23,171.5714285714287,564.9303333333334,1164.857142857143,0.0,0.0,0.0,0.0,0.0,0.0,0.0,0.0,0.0,0.0,0.0,0.0,0.0,1201.0,8154.0,0.14728967377974,0.0,0.0,0.0,0.0,0.0,0.0
real_ramya_user,2024-01-09,1436.41,880.0,0.0,0.0,0.0,1,9,1,0,22,205.20142857142872,555.9699999999999,1290.5714285714287,0.0,0.0,0.0,0.0,0.0,0.0,0.0,0.0,0.0,0.0,0.0,0.0,0.0,2637.41,9034.0,0.2919426610582245,1436.41,0.0,0.0,0.0,0.0,0.0
real_ramya_user,2024-01-10,1546.57,0.0,0.0,0.0,0.0,2,10,1,0,21,426.14000000000016,557.3439999999999,1290.5714285714287,0.0,0.0,0.0,0.0,0.0,0.0,0.0,0.0,0.0,0.0,0.0,0.0,0.0,4183.98,9034.0,0.4631370378569847,0.0,0.0,1546.57,0.0,0.0,0.0
real_ramya_user,2024-01-11,3777.5699999999997,4045.0,0.0,0.0,0.0,3,11,1,0,20,965.7928571428573,683.263,1027.2857142857142,0.0,0.0,0.0,0.0,0.0,0.0,0.0,0.0,0.0,1849.5,0.0,0.0,0.0,7961.549999999999,13079.0,0.6087277314779417,0.0,0.0,0.0,0.0,0.0,1928.07
real_ramya_user,2024-01-12,1386.72,0.0,0.0,0.0,0.0,4,12,1,0,19,1163.8957142857143,664.8006666666666,1027.2857142857142,0.0,0.0,0.0,0.0,0.0,0.0,0.0,0.0,0.0,0.0,0.0,0.0,0.0,9348.27,13079.0,0.7147541860998547,0.0,0.0,0.0,0.0,0.0,1386.72
real_ramya_user,2024-01-13,0.0,1348.0,0.0,0.0,0.0,5,13,1,1,18,1163.8957142857143,659.2383333333333,1219.857142857143,0.0,0.0,0.0,0.0,0.0,0.0,0.0,0.0,0.0,0.0,0.0,0.0,0.0,9348.27,14427.0,0.6479704720316074,0.0,0.0,0.0,0.0,0.0,0.0
real_ramya_user,2024-01-14,1013.18,0.0,0.0,0.0,0.0,6,14,1,1,17,1308.6357142857144,693.0110000000001,896.1428571428571,0.0,0.0,0.0,0.0,0.0,0.0,0.0,0.0,0.0,0.0,0.0,0.0,0.0,10361.449999999999,14427.0,0.7181985166701323,0.0,1013.18,0.0,0.0,0.0,0.0
real_ramya_user,2024-01-15,554.46,0.0,0.0,0.0,0.0,0,15,1,0,16,1387.8442857142857,711.493,896.1428571428571,0.0,0.0,0.0,0.0,0.0,0.0,0.0,0.0,0.0,0.0,0.0,0.0,0.0,10915.91,14427.0,0.7566306231371733,554.46,0.0,0.0,0.0,0.0,0.0
real_ramya_user,2024-01-16,2337.79,4696.0,0.0,0.0,0.0,1,16,1,0,15,1516.6128571428574,789.4193333333334,1441.2857142857142,0.0,0.0,0.0,0.0,0.0,0.0,0.0,0.0,0.0,0.0,0.0,0.0,0.0,13253.7,19123.0,0.6930764001464206,0.0,1426.63,0.0,0.0,911.16,0.0
real_ramya_user,2024-01-17,409.77,0.0,0.0,0.0,0.0,2,17,1,0,14,1354.2128571428573,796.9063333333335,1441.2857142857142,0.0,0.0,0.0,0.0,0.0,0.0,0.0,0.0,0.0,0.0,0.0,0.0,0.0,13663.47,19123.0,0.714504523348847,409.77,0.0,0.0,0.0,0.0,0.0
real_ramya_user,2024-01-18,0.0,0.0,0.0,0.0,0.0,3,18,1,0,13,814.5600000000003,796.9063333333335,863.4285714285714,0.0,0.0,0.0,0.0,0.0,0.0,0.0,0.0,0.0,0.0,0.0,0.0,0.0,13663.47,19123.0,0.714504523348847,0.0,0.0,0.0,0.0,0.0,0.0
real_ramya_user,2024-01-19,5775.57,0.0,0.0,0.0,0.0,4,19,1,0,12,1441.5385714285715,981.2176666666667,863.4285714285714,0.0,0.0,0.0,0.0,0.0,0.0,0.0,0.0,0.0,0.0,0.0,0.0,0.0,19439.04,19123.0,1.0165266956021546,0.0,1423.6,0.0,0.0,1376.36,2975.6099999999997
real_ramya_user,2024-01-20,1169.78,0.0,0.0,0.0,0.0,5,20,1,1,11,1608.65,1013.0683333333333,670.8571428571429,0.0,0.0,0.0,0.0,0.0,0.0,0.0,0.0,0.0,1169.78,0.0,0.0,0.0,20608.82,19123.0,1.0776980599278356,0.0,0.0,0.0,0.0,0.0,0.0
real_ramya_user,2024-01-21,0.0,0.0,0.0,0.0,0.0,6,21,1,1,10,1463.91,957.9496666666666,670.8571428571429,0.0,0.0,0.0,0.0,0.0,0.0,0.0,0.0,0.0,0.0,0.0,0.0,0.0,20608.82,19123.0,1.0776980599278356,0.0,0.0,0.0,0.0,0.0,0.0
real_ramya_user,2024-01-22,1351.74,0.0,0.0,0.0,0.0,0,22,1,0,9,1577.8071428571432,943.6303333333333,670.8571428571429,0.0,0.0,0.0,0.0,0.0,0.0,0.0,0.0,0.0,0.0,0.0,0.0,0.0,21960.559999999998,19123.0,1.1483846676776654,0.0,0.0,0.0,1351.74,0.0,0.0
real_ramya_user,2024-01-23,1756.18,0.0,0.0,0.0,0.0,1,23,1,0,8,1494.72,1002.1696666666667,0.0,0.0,0.0,0.0,0.0,0.0,0.0,0.0,0.0,0.0,0.0,0.0,0.0,0.0,23716.739999999998,19123.0,1.2402206766720703,0.0,0.0,0.0,0.0,1756.18,0.0
real_ramya_user,2024-01-24,1050.23,0.0,0.0,0.0,0.0,2,24,1,0,7,1586.2142857142858,973.8036666666667,0.0,0.0,0.0,0.0,1050.23,0.0,0.0,0.0,0.0,0.0,0.0,0.0,0.0,0.0,24766.969999999998,19123.0,1.2951404068399308,0.0,0.0,0.0,0.0,0.0,0.0
real_ramya_user,2024-01-25,0.0,934.0,0.0,0.0,0.0,3,25,1,0,6,1586.2142857142858,919.3033333333334,133.42857142857142,0.0,0.0,0.0,0.0,0.0,0.0,0.0,0.0,0.0,0.0,0.0,0.0,0.0,24766.969999999998,20057.0,1.2348292366754747,0.0,0.0,0.0,0.0,0.0,0.0
real_ramya_user,2024-01-26,1911.24,2917.0,0.0,0.0,0.0,4,26,1,0,5,1034.167142857143,945.5213333333334,550.1428571428571,0.0,0.0,0.0,0.0,0.0,0.0,0.0,0.0,0.0,0.0,0.0,0.0,0.0,26678.21,22974.0,1.1612348742056238,541.29,0.0,0.0,0.0,1369.95,0.0
real_ramya_user,2024-01-27,723.78,0.0,0.0,0.0,0.0,5,27,1,1,4,970.4528571428573,969.6473333333334,550.1428571428571,0.0,0.0,0.0,723.78,0.0,0.0,0.0,0.0,0.0,0.0,0.0,0.0,0.0,27401.989999999998,22974.0,1.192739183424741,0.0,0.0,0.0,0.0,0.0,0.0
real_ramya_user,2024-01-28,1487.4,0.0,0.0,0.0,0.0,6,28,1,1,3,1182.9385714285715,962.9796666666666,550.1428571428571,0.0,0.0,0.0,0.0,0.0,0.0,0.0,0.0,0.0,0.0,0.0,0.0,0.0,28889.39,22974.0,1.2574819361016802,1487.4,0.0,0.0,0.0,0.0,0.0
real_ramya_user,2024-01-29,0.0,0.0,0.0,0.0,0.0,0,29,1,0,2,989.8328571428574,962.9796666666666,550.1428571428571,0.0,0.0,0.0,0.0,0.0,0.0,0.0,0.0,0.0,0.0,0.0,0.0,0.0,28889.39,22974.0,1.2574819361016802,0.0,0.0,0.0,0.0,0.0,0.0
real_ramya_user,2024-01-30,1026.74,0.0,0.0,0.0,0.0,1,30,1,0,1,885.627142857143,997.2043333333334,550.1428571428571,0.0,0.0,0.0,0.0,0.0,0.0,0.0,0.0,0.0,0.0,0.0,0.0,0.0,29916.129999999997,22974.0,1.3021733263689388,1026.74,0.0,0.0,0.0,0.0,0.0
real_ramya_user,2024-01-31,0.0,0.0,0.0,0.0,0.0,2,31,1,0,0,735.5942857142858,997.2043333333334,550.1428571428571,0.0,0.0,0.0,0.0,0.0,0.0,0.0,0.0,0.0,0.0,0.0,0.0,0.0,29916.129999999997,22974.0,1.3021733263689388,0.0,0.0,0.0,0.0,0.0,0.0
real_ramya_user,2024-02-01,1388.94,0.0,0.0,0.0,0.0,3,1,2,0,28,934.0142857142857,1003.4689999999999,416.7142857142857,0.0,0.0,0.0,0.0,0.0,0.0,0.0,0.0,0.0,0.0,0.0,0.0,0.0,1388.94,0.0,0.0,0.0,0.0,0.0,0.0,1388.94,0.0
real_ramya_user,2024-02-02,0.0,0.0,0.0,0.0,0.0,4,2,2,0,27,660.9800000000001,1003.4689999999999,0.0,0.0,0.0,0.0,0.0,0.0,0.0,0.0,0.0,0.0,0.0,0.0,0.0,0.0,1388.94,0.0,0.0,0.0,0.0,0.0,0.0,0.0,0.0
real_ramya_user,2024-02-03,0.0,0.0,0.0,0.0,0.0,5,3,2,1,26,557.5828571428573,1003.4689999999999,0.0,0.0,0.0,0.0,0.0,0.0,0.0,0.0,0.0,0.0,0.0,0.0,0.0,0.0,1388.94,0.0,0.0,0.0,0.0,0.0,0.0,0.0,0.0
real_ramya_user,2024-02-04,0.0,0.0,0.0,0.0,0.0,6,4,2,1,25,345.097142857143,1003.4689999999999,0.0,0.0,0.0,0.0,0.0,0.0,0.0,0.0,0.0,0.0,0.0,0.0,0.0,0.0,1388.94,0.0,0.0,0.0,0.0,0.0,0.0,0.0,0.0
real_ramya_user,2024-02-05,0.0,0.0,0.0,0.0,0.0,0,5,2,0,24,345.097142857143,1003.4689999999999,0.0,0.0,0.0,0.0,0.0,0.0,0.0,0.0,0.0,0.0,0.0,0.0,0.0,0.0,1388.94,0.0,0.0,0.0,0.0,0.0,0.0,0.0,0.0
real_ramya_user,2024-02-06,0.0,3674.0,0.0,0.0,0.0,1,6,2,0,23,198.42000000000013,1003.4689999999999,524.8571428571429,0.0,0.0,0.0,0.0,0.0,0.0,0.0,0.0,0.0,0.0,0.0,0.0,0.0,1388.94,3674.0,0.37804572672836145,0.0,0.0,0.0,0.0,0.0,0.0
real_ramya_user,2024-02-07,1932.01,2163.0,0.0,0.0,0.0,2,7,2,0,22,474.4214285714287,1067.8693333333333,833.8571428571429,0.0,0.0,0.0,0.0,0.0,0.0,0.0,0.0,0.0,0.0,0.0,0.0,0.0,3320.95,5837.0,0.5689480897721432,0.0,1932.01,0.0,0.0,0.0,0.0
real_ramya_user,2024-02-08,0.0,0.0,0.0,0.0,0.0,3,8,2,0,21,276.0014285714287,1019.989,833.8571428571429,0.0,0.0,0.0,0.0,0.0,0.0,0.0,0.0,0.0,0.0,0.0,0.0,0.0,3320.95,5837.0,0.5689480897721432,0.0,0.0,0.0,0.0,0.0,0.0
real_ramya_user,2024-02-09,0.0,0.0,0.0,0.0,0.0,4,9,2,0,20,276.0014285714287,968.4366666666667,833.8571428571429,0.0,0.0,0.0,0.0,0.0,0.0,0.0,0.0,0.0,0.0,0.0,0.0,0.0,3320.95,5837.0,0.5689480897721432,0.0,0.0,0.0,0.0,0.0,0.0
real_ramya_user,2024-02-10,4728.860000000001,0.0,0.0,0.0,0.0,5,10,2,1,19,951.5528571428574,1000.1463333333334,833.8571428571429,0.0,0.0,0.0,0.0,0.0,0.0,0.0,0.0,0.0,1661.67,0.0,0.0,0.0,8049.81,5837.0,1.3791005653589172,1554.53,1512.66,0.0,0.0,0.0,0.0
real_ramya_user,2024-02-11,0.0,0.0,0.0,0.0,0.0,6,11,2,1,18,951.5528571428574,953.9223333333333,833.8571428571429,0.0,0.0,0.0,0.0,0.0,0.0,0.0,0.0,0.0,0.0,0.0,0.0,0.0,8049.81,5837.0,1.3791005653589172,0.0,0.0,0.0,0.0,0.0,0.0
real_ramya_user,2024-02-12,0.0,0.0,0.0,0.0,0.0,0,12,2,0,17,951.5528571428574,953.9223333333333,833.8571428571429,0.0,0.0,0.0,0.0,0.0,0.0,0.0,0.0,0.0,0.0,0.0,0.0,0.0,8049.81,5837.0,1.3791005653589172,0.0,0.0,0.0,0.0,0.0,0.0
real_ramya_user,2024-02-13,0.0,0.0,0.0,0.0,0.0,1,13,2,0,16,951.5528571428574,920.1496666666666,309.0,0.0,0.0,0.0,0.0,0.0,0.0,0.0,0.0,0.0,0.0,0.0,0.0,0.0,8049.81,5837.0,1.3791005653589172,0.0,0.0,0.0,0.0,0.0,0.0
real_ramya_user,2024-02-14,1285.22,0.0,0.0,0.0,0.0,2,14,2,0,15,859.154285714286,944.5083333333333,0.0,0.0,0.0,0.0,0.0,0.0,0.0,0.0,0.0,0.0,0.0,0.0,0.0,0.0,9335.03,5837.0,1.5992855919136544,0.0,0.0,382.08,0.0,903.14,0.0
real_ramya_user,2024-02-15,0.0,3590.0,0.0,0.0,0.0,3,15,2,0,14,859.154285714286,866.582,512.8571428571429,0.0,0.0,0.0,0.0,0.0,0.0,0.0,0.0,0.0,0.0,0.0,0.0,0.0,9335.03,9427.0,0.9902439800572823,0.0,0.0,0.0,0.0,0.0,0.0
real_ramya_user,2024-02-16,0.0,2664.0,0.0,0.0,0.0,4,16,2,0,13,859.154285714286,852.923,893.4285714285714,0.0,0.0,0.0,0.0,0.0,0.0,0.0,0.0,0.0,0.0,0.0,0.0,0.0,9335.03,12091.0,0.7720643453808619,0.0,0.0,0.0,0.0,0.0,0.0
real_ramya_user,2024-02-17,0.0,546.0,0.0,0.0,0.0,5,17,2,1,12,183.6028571428573,852.923,971.4285714285714,0.0,0.0,0.0,0.0,0.0,0.0,0.0,0.0,0.0,0.0,0.0,0.0,0.0,9335.03,12637.0,0.7387061802643032,0.0,0.0,0.0,0.0,0.0,0.0
real_ramya_user,2024-02-18,0.0,0.0,0.0,0.0,0.0,6,18,2,1,11,183.6028571428573,660.404,971.4285714285714,0.0,0.0,0.0,0.0,0.0,0.0,0.0,0.0,0.0,0.0,0.0,0.0,0.0,9335.03,12637.0,0.7387061802643032,0.0,0.0,0.0,0.0,0.0,0.0
real_ramya_user,2024-02-19,89.48,0.0,0.0,0.0,0.0,0,19,2,0,10,196.3857142857144,624.394,971.4285714285714,0.0,0.0,0.0,0.0,0.0,0.0,0.0,0.0,0.0,0.0,0.0,0.0,0.0,9424.51,12637.0,0.745786974756667,0.0,0.0,0.0,0.0,0.0,89.48
real_ramya_user,2024-02-20,0.0,0.0,0.0,0.0,0.0,1,20,2,0,9,196.3857142857144,624.394,971.4285714285714,0.0,0.0,0.0,0.0,0.0,0.0,0.0,0.0,0.0,0.0,0.0,0.0,0.0,9424.51,12637.0,0.745786974756667,0.0,0.0,0.0,0.0,0.0,0.0
real_ramya_user,2024-02-21,2690.82,0.0,0.0,0.0,0.0,2,21,2,0,8,397.1857142857144,669.03,971.4285714285714,0.0,0.0,0.0,1549.59,0.0,0.0,0.0,0.0,0.0,0.0,0.0,0.0,0.0,12115.33,12637.0,0.9587188414971908,0.0,155.03,0.0,0.0,986.2,0.0
real_ramya_user,2024-02-22,1914.41,0.0,0.0,0.0,0.0,3,22,2,0,7,670.6728571428573,674.3043333333333,458.57142857142856,0.0,0.0,0.0,0.0,0.0,0.0,0.0,0.0,0.0,0.0,0.0,0.0,0.0,14029.74,12637.0,1.110211284323811,1914.41,0.0,0.0,0.0,0.0,0.0
real_ramya_user,2024-02-23,1543.01,0.0,0.0,0.0,0.0,4,23,2,0,6,891.1028571428573,690.7303333333333,78.0,0.0,0.0,0.0,0.0,0.0,0.0,0.0,0.0,0.0,0.0,0.0,0.0,0.0,15572.75,12637.0,1.2323138403102003,0.0,0.0,705.31,0.0,0.0,837.7
real_ramya_user,2024-02-24,2662.12,0.0,0.0,0.0,0.0,5,24,2,1,5,1271.4057142857143,779.4676666666667,0.0,0.0,0.0,0.0,0.0,0.0,0.0,0.0,0.0,0.0,1993.3,0.0,0.0,0.0,18234.87,12637.0,1.4429745984015192,0.0,668.82,0.0,0.0,0.0,0.0
real_ramya_user,2024-02-25,238.3,0.0,0.0,0.0,0.0,6,25,2,1,4,1305.4485714285715,723.703,0.0,0.0,0.0,0.0,238.3,0.0,0.0,0.0,0.0,0.0,0.0,0.0,0.0,0.0,18473.170000000002,12637.0,1.461831922133418,0.0,0.0,0.0,0.0,0.0,0.0
real_ramya_user,2024-02-26,0.0,0.0,0.0,0.0,0.0,0,26,2,0,3,1292.6657142857146,699.5769999999999,0.0,0.0,0.0,0.0,0.0,0.0,0.0,0.0,0.0,0.0,0.0,0.0,0.0,0.0,18473.170000000002,12637.0,1.461831922133418,0.0,0.0,0.0,0.0,0.0,0.0
real_ramya_user,2024-02-27,4497.08,0.0,0.0,0.0,0.0,1,27,2,0,2,1935.1057142857146,799.8996666666667,0.0,0.0,0.0,0.0,0.0,0.0,0.0,0.0,0.0,0.0,0.0,0.0,0.0,0.0,22970.25,12637.0,1.817698029595632,3728.15,768.93,0.0,0.0,0.0,0.0
real_ramya_user,2024-02-28,777.89,0.0,0.0,0.0,0.0,2,28,2,0,1,1661.8300000000002,825.8293333333334,0.0,0.0,0.0,0.0,0.0,0.0,0.0,0.0,0.0,0.0,0.0,0.0,0.0,0.0,23748.14,12637.0,1.8792545699137453,0.0,0.0,777.89,0.0,0.0,0.0
real_ramya_user,2024-02-29,59.16,0.0,0.0,0.0,0.0,3,29,2,0,0,1396.7942857142857,793.5766666666666,0.0,0.0,0.0,0.0,0.0,0.0,0.0,0.0,0.0,0.0,0.0,0.0,0.0,0.0,23807.3,12637.0,1.8839360607739177,0.0,0.0,0.0,0.0,59.16,0.0
real_ramya_user,2024-03-01,0.0,0.0,0.0,0.0,0.0,4,1,3,0,30,1176.3642857142856,793.5766666666666,0.0,0.0,0.0,0.0,0.0,0.0,0.0,0.0,0.0,0.0,0.0,0.0,0.0,0.0,0.0,0.0,0.0,0.0,0.0,0.0,0.0,0.0,0.0
real_ramya_user,2024-03-02,1033.48,0.0,0.0,0.0,0.0,5,2,3,1,29,943.7014285714287,781.728,0.0,0.0,0.0,0.0,0.0,0.0,0.0,0.0,0.0,0.0,0.0,0.0,0.0,0.0,1033.48,0.0,0.0,0.0,1033.48,0.0,0.0,0.0,0.0
real_ramya_user,2024-03-03,97.26,0.0,0.0,0.0,0.0,6,3,3,1,28,923.5528571428573,784.97,0.0,0.0,0.0,0.0,0.0,0.0,0.0,0.0,0.0,0.0,97.26,0.0,0.0,0.0,1130.74,0.0,0.0,0.0,0.0,0.0,0.0,0.0,0.0
real_ramya_user,2024-03-04,0.0,0.0,0.0,0.0,0.0,0,4,3,0,27,923.5528571428573,784.97,0.0,0.0,0.0,0.0,0.0,0.0,0.0,0.0,0.0,0.0,0.0,0.0,0.0,0.0,1130.74,0.0,0.0,0.0,0.0,0.0,0.0,0.0,0.0
real_ramya_user,2024-03-05,647.42,1871.0,0.0,0.0,0.0,1,5,3,0,26,373.6014285714287,806.5506666666666,267.2857142857143,0.0,0.0,0.0,0.0,0.0,0.0,0.0,0.0,0.0,0.0,0.0,0.0,0.0,1778.1599999999999,1871.0,0.9503794762159272,647.42,0.0,0.0,0.0,0.0,0.0
real_ramya_user,2024-03-06,3407.95,0.0,0.0,0.0,0.0,2,6,3,0,25,749.3242857142858,920.149,267.2857142857143,0.0,0.0,0.0,1257.6,0.0,0.0,0.0,0.0,0.0,0.0,0.0,0.0,0.0,5186.11,1871.0,2.7718385889898447,1731.25,0.0,419.1,0.0,0.0,0.0
real_ramya_user,2024-03-07,1353.93,0.0,0.0,0.0,0.0,3,7,3,0,24,934.2914285714287,965.2800000000001,267.2857142857143,0.0,0.0,0.0,0.0,0.0,0.0,0.0,0.0,0.0,0.0,0.0,0.0,0.0,6540.04,1871.0,3.4954783538214858,0.0,0.0,0.0,1296.66,0.0,57.27
real_ramya_user,2024-03-08,184.17,0.0,0.0,0.0,0.0,4,8,3,0,23,960.6014285714288,907.0186666666666,267.2857142857143,0.0,0.0,0.0,184.17,0.0,0.0,0.0,0.0,0.0,0.0,0.0,0.0,0.0,6724.21,1871.0,3.5939123463388563,0.0,0.0,0.0,0.0,0.0,0.0
real_ramya_user,2024-03-09,0.0,0.0,0.0,0.0,0.0,5,9,3,1,22,812.9614285714287,907.0186666666666,267.2857142857143,0.0,0.0,0.0,0.0,0.0,0.0,0.0,0.0,0.0,0.0,0.0,0.0,0.0,6724.21,1871.0,3.5939123463388563,0.0,0.0,0.0,0.0,0.0,0.0
real_ramya_user,2024-03-10,0.0,0.0,0.0,0.0,0.0,6,10,3,1,21,799.0671428571429,907.0186666666666,267.2857142857143,0.0,0.0,0.0,0.0,0.0,0.0,0.0,0.0,0.0,0.0,0.0,0.0,0.0,6724.21,1871.0,3.5939123463388563,0.0,0.0,0.0,0.0,0.0,0.0
real_ramya_user,2024-03-11,0.0,1077.0,0.0,0.0,0.0,0,11,3,0,20,799.0671428571429,749.3899999999999,421.14285714285717,0.0,0.0,0.0,0.0,0.0,0.0,0.0,0.0,0.0,0.0,0.0,0.0,0.0,6724.21,2948.0,2.280939620081411,0.0,0.0,0.0,0.0,0.0,0.0
real_ramya_user,2024-03-12,0.0,0.0,0.0,0.0,0.0,1,12,3,0,19,706.5785714285715,749.3899999999999,153.85714285714286,0.0,0.0,0.0,0.0,0.0,0.0,0.0,0.0,0.0,0.0,0.0,0.0,0.0,6724.21,2948.0,2.280939620081411,0.0,0.0,0.0,0.0,0.0,0.0
real_ramya_user,2024-03-13,1822.86,0.0,0.0,0.0,0.0,2,13,3,0,18,480.137142857143,810.1519999999999,153.85714285714286,0.0,0.0,0.0,0.0,0.0,0.0,0.0,0.0,0.0,0.0,0.0,0.0,0.0,8547.07,2948.0,2.899277476255088,1822.86,0.0,0.0,0.0,0.0,0.0
real_ramya_user,2024-03-14,0.0,0.0,0.0,0.0,0.0,3,14,3,0,17,286.7185714285716,810.1519999999999,153.85714285714286,0.0,0.0,0.0,0.0,0.0,0.0,0.0,0.0,0.0,0.0,0.0,0.0,0.0,8547.07,2948.0,2.899277476255088,0.0,0.0,0.0,0.0,0.0,0.0
real_ramya_user,2024-03-15,1264.13,0.0,0.0,0.0,0.0,4,15,3,0,16,440.99857142857155,809.4490000000001,153.85714285714286,0.0,0.0,0.0,0.0,0.0,0.0,0.0,0.0,0.0,1264.13,0.0,0.0,0.0,9811.2,2948.0,3.3280868385346,0.0,0.0,0.0,0.0,0.0,0.0
real_ramya_user,2024-03-16,785.11,0.0,0.0,0.0,0.0,5,16,3,1,15,553.157142857143,835.6193333333334,153.85714285714286,0.0,0.0,0.0,785.11,0.0,0.0,0.0,0.0,0.0,0.0,0.0,0.0,0.0,10596.31,2948.0,3.5944063772048844,0.0,0.0,0.0,0.0,0.0,0.0
real_ramya_user,2024-03-17,0.0,0.0,0.0,0.0,0.0,6,17,3,1,14,553.157142857143,835.6193333333334,153.85714285714286,0.0,0.0,0.0,0.0,0.0,0.0,0.0,0.0,0.0,0.0,0.0,0.0,0.0,10596.31,2948.0,3.5944063772048844,0.0,0.0,0.0,0.0,0.0,0.0
real_ramya_user,2024-03-18,0.0,1018.0,0.0,0.0,0.0,0,18,3,0,13,553.157142857143,835.6193333333334,145.42857142857142,0.0,0.0,0.0,0.0,0.0,0.0,0.0,0.0,0.0,0.0,0.0,0.0,0.0,10596.31,3966.0,2.6717876954109934,0.0,0.0,0.0,0.0,0.0,0.0
real_ramya_user,2024-03-19,0.0,0.0,0.0,0.0,0.0,1,19,3,0,12,553.157142857143,835.6193333333334,145.42857142857142,0.0,0.0,0.0,0.0,0.0,0.0,0.0,0.0,0.0,0.0,0.0,0.0,0.0,10596.31,3966.0,2.6717876954109934,0.0,0.0,0.0,0.0,0.0,0.0
real_ramya_user,2024-03-20,0.0,0.0,0.0,0.0,0.0,2,20,3,0,11,292.74857142857155,832.6366666666668,145.42857142857142,0.0,0.0,0.0,0.0,0.0,0.0,0.0,0.0,0.0,0.0,0.0,0.0,0.0,10596.31,3966.0,2.6717876954109934,0.0,0.0,0.0,0.0,0.0,0.0
real_ramya_user,2024-03-21,0.0,0.0,0.0,0.0,0.0,3,21,3,0,10,292.74857142857155,832.6366666666668,145.42857142857142,0.0,0.0,0.0,0.0,0.0,0.0,0.0,0.0,0.0,0.0,0.0,0.0,0.0,10596.31,3966.0,2.6717876954109934,0.0,0.0,0.0,0.0,0.0,0.0
real_ramya_user,2024-03-22,0.0,0.0,0.0,0.0,0.0,4,22,3,0,9,112.15857142857156,742.9426666666667,145.42857142857142,0.0,0.0,0.0,0.0,0.0,0.0,0.0,0.0,0.0,0.0,0.0,0.0,0.0,10596.31,3966.0,2.6717876954109934,0.0,0.0,0.0,0.0,0.0,0.0
real_ramya_user,2024-03-23,0.0,0.0,0.0,0.0,0.0,5,23,3,1,8,0.0,679.1290000000001,145.42857142857142,0.0,0.0,0.0,0.0,0.0,0.0,0.0,0.0,0.0,0.0,0.0,0.0,0.0,10596.31,3966.0,2.6717876954109934,0.0,0.0,0.0,0.0,0.0,0.0
real_ramya_user,2024-03-24,0.0,0.0,0.0,0.0,0.0,6,24,3,1,7,0.0,627.6953333333333,145.42857142857142,0.0,0.0,0.0,0.0,0.0,0.0,0.0,0.0,0.0,0.0,0.0,0.0,0.0,10596.31,3966.0,2.6717876954109934,0.0,0.0,0.0,0.0,0.0,0.0
real_ramya_user,2024-03-25,0.0,0.0,0.0,0.0,0.0,0,25,3,0,6,0.0,538.958,0.0,0.0,0.0,0.0,0.0,0.0,0.0,0.0,0.0,0.0,0.0,0.0,0.0,0.0,10596.31,3966.0,2.6717876954109934,0.0,0.0,0.0,0.0,0.0,0.0
real_ramya_user,2024-03-26,1404.76,0.0,0.0,0.0,0.0,1,26,3,0,5,200.68000000000012,577.8399999999999,0.0,0.0,0.0,0.0,1404.76,0.0,0.0,0.0,0.0,0.0,0.0,0.0,0.0,0.0,12001.07,3966.0,3.0259884014120018,0.0,0.0,0.0,0.0,0.0,0.0
real_ramya_user,2024-03-27,0.0,2874.0,0.0,0.0,0.0,2,27,3,0,4,200.68000000000012,577.8399999999999,410.57142857142856,0.0,0.0,0.0,0.0,0.0,0.0,0.0,0.0,0.0,0.0,0.0,0.0,0.0,12001.07,6840.0,1.7545423976608188,0.0,0.0,0.0,0.0,0.0,0.0
real_ramya_user,2024-03-28,1217.07,0.0,0.0,0.0,0.0,3,28,3,0,3,374.547142857143,468.5063333333334,410.57142857142856,0.0,0.0,0.0,0.0,0.0,0.0,0.0,0.0,0.0,0.0,0.0,0.0,0.0,13218.14,6840.0,1.9324766081871345,0.0,0.0,0.0,0.0,1217.07,0.0
real_ramya_user,2024-03-29,769.01,0.0,0.0,0.0,0.0,4,29,3,0,2,484.40571428571445,468.2103333333333,410.57142857142856,0.0,0.0,0.0,0.0,0.0,0.0,0.0,0.0,0.0,769.01,0.0,0.0,0.0,13987.15,6840.0,2.044904970760234,0.0,0.0,0.0,0.0,0.0,0.0
real_ramya_user,2024-03-30,2449.2799999999997,0.0,0.0,0.0,0.0,5,30,3,1,1,834.3028571428573,547.881,410.57142857142856,0.0,0.0,0.0,953.24,0.0,0.0,0.0,0.0,0.0,0.0,0.0,0.0,0.0,16436.43,6840.0,2.402986842105263,0.0,0.0,0.0,0.0,0.0,1496.04
real_ramya_user,2024-03-31,0.0,0.0,0.0,0.0,0.0,6,31,3,1,0,834.3028571428573,547.881,410.57142857142856,0.0,0.0,0.0,0.0,0.0,0.0,0.0,0.0,0.0,0.0,0.0,0.0,0.0,16436.43,6840.0,2.402986842105263,0.0,0.0,0.0,0.0,0.0,0.0
real_ramya_user,2024-04-01,0.0,0.0,0.0,0.0,0.0,0,1,4,0,29,834.3028571428573,513.4316666666667,410.57142857142856,0.0,0.0,0.0,0.0,0.0,0.0,0.0,0.0,0.0,0.0,0.0,0.0,0.0,0.0,0.0,0.0,0.0,0.0,0.0,0.0,0.0,0.0
real_ramya_user,2024-04-02,0.0,0.0,0.0,0.0,0.0,1,2,4,0,28,633.6228571428572,510.1896666666666,410.57142857142856,0.0,0.0,0.0,0.0,0.0,0.0,0.0,0.0,0.0,0.0,0.0,0.0,0.0,0.0,0.0,0.0,0.0,0.0,0.0,0.0,0.0,0.0
real_ramya_user,2024-04-03,1920.67,0.0,0.0,0.0,0.0,2,3,4,0,27,908.0042857142859,574.212,0.0,0.0,0.0,0.0,0.0,0.0,0.0,0.0,0.0,0.0,0.0,0.0,0.0,0.0,1920.67,0.0,0.0,0.0,0.0,0.0,0.0,1920.67,0.0
real_ramya_user,2024-04-04,0.0,591.0,0.0,0.0,0.0,3,4,4,0,26,734.137142857143,552.6313333333334,84.42857142857143,0.0,0.0,0.0,0.0,0.0,0.0,0.0,0.0,0.0,0.0,0.0,0.0,0.0,1920.67,591.0,3.249864636209814,0.0,0.0,0.0,0.0,0.0,0.0
real_ramya_user,2024-04-05,0.0,0.0,0.0,0.0,0.0,4,5,4,0,25,624.2785714285716,439.0330000000001,84.42857142857143,0.0,0.0,0.0,0.0,0.0,0.0,0.0,0.0,0.0,0.0,0.0,0.0,0.0,1920.67,591.0,3.249864636209814,0.0,0.0,0.0,0.0,0.0,0.0
real_ramya_user,2024-04-06,255.24,0.0,0.0,0.0,0.0,5,6,4,1,24,310.84428571428583,402.41,84.42857142857143,0.0,0.0,0.0,0.0,0.0,0.0,0.0,0.0,0.0,0.0,0.0,0.0,0.0,2175.91,591.0,3.681742808798646,0.0,0.0,0.0,0.0,0.0,255.24
real_ramya_user,2024-04-07,0.0,4900.0,0.0,0.0,0.0,6,7,4,1,23,310.84428571428583,396.271,784.4285714285714,0.0,0.0,0.0,0.0,0.0,0.0,0.0,0.0,0.0,0.0,0.0,0.0,0.0,2175.91,5491.0,0.39626843926425054,0.0,0.0,0.0,0.0,0.0,0.0
real_ramya_user,2024-04-08,616.34,0.0,0.0,0.0,0.0,0,8,4,0,22,398.8928571428573,416.8156666666667,784.4285714285714,0.0,0.0,0.0,0.0,0.0,0.0,0.0,0.0,0.0,0.0,0.0,0.0,0.0,2792.25,5491.0,0.5085139318885449,0.0,0.0,616.34,0.0,0.0,0.0
real_ramya_user,2024-04-09,761.6600000000001,0.0,0.0,0.0,0.0,1,9,4,0,21,507.7014285714287,442.20433333333335,784.4285714285714,0.0,0.0,0.0,0.0,0.0,0.0,0.0,0.0,0.0,0.0,0.0,0.0,0.0,3553.9100000000003,5491.0,0.6472245492624294,0.0,431.36,0.0,0.0,0.0,330.3
real_ramya_user,2024-04-10,396.71,4996.0,0.0,0.0,0.0,2,10,4,0,20,289.9928571428573,455.428,1498.142857142857,0.0,0.0,0.0,0.0,0.0,0.0,0.0,0.0,0.0,0.0,0.0,0.0,0.0,3950.6200000000003,10487.0,0.3767159340135406,0.0,0.0,0.0,0.0,396.71,0.0
real_ramya_user,2024-04-11,588.4,0.0,0.0,0.0,0.0,3,11,4,0,19,374.0500000000002,475.04133333333334,1413.7142857142858,0.0,0.0,0.0,0.0,0.0,0.0,0.0,0.0,0.0,0.0,0.0,0.0,0.0,4539.02,10487.0,0.43282349575665113,0.0,0.0,588.4,0.0,0.0,0.0
real_ramya_user,2024-04-12,0.0,0.0,0.0,0.0,0.0,4,12,4,0,18,374.0500000000002,414.2793333333333,1413.7142857142858,0.0,0.0,0.0,0.0,0.0,0.0,0.0,0.0,0.0,0.0,0.0,0.0,0.0,4539.02,10487.0,0.43282349575665113,0.0,0.0,0.0,0.0,0.0,0.0
real_ramya_user,2024-04-13,0.0,2117.0,0.0,0.0,0.0,5,13,4,1,17,337.5871428571431,414.2793333333333,1716.142857142857,0.0,0.0,0.0,0.0,0.0,0.0,0.0,0.0,0.0,0.0,0.0,0.0,0.0,4539.02,12604.0,0.3601253570295145,0.0,0.0,0.0,0.0,0.0,0.0
real_ramya_user,2024-04-14,0.0,0.0,0.0,0.0,0.0,6,14,4,1,16,337.5871428571431,372.14166666666665,1016.1428571428571,0.0,0.0,0.0,0.0,0.0,0.0,0.0,0.0,0.0,0.0,0.0,0.0,0.0,4539.02,12604.0,0.3601253570295145,0.0,0.0,0.0,0.0,0.0,0.0
real_ramya_user,2024-04-15,0.0,0.0,0.0,0.0,0.0,0,15,4,0,15,249.5385714285716,345.9713333333333,1016.1428571428571,0.0,0.0,0.0,0.0,0.0,0.0,0.0,0.0,0.0,0.0,0.0,0.0,0.0,4539.02,12604.0,0.3601253570295145,0.0,0.0,0.0,0.0,0.0,0.0
real_ramya_user,2024-04-16,1903.56,0.0,0.0,0.0,0.0,1,16,4,0,14,412.667142857143,409.42333333333335,1016.1428571428571,0.0,0.0,0.0,0.0,0.0,0.0,0.0,0.0,0.0,1903.56,0.0,0.0,0.0,6442.58,12604.0,0.5111536020311013,0.0,0.0,0.0,0.0,0.0,0.0
real_ramya_user,2024-04-17,2241.46,0.0,0.0,0.0,0.0,2,17,4,0,13,676.2028571428573,484.13866666666667,302.42857142857144,0.0,0.0,0.0,0.0,0.0,0.0,0.0,0.0,0.0,0.0,0.0,0.0,0.0,8684.04,12604.0,0.6889907965725167,851.48,0.0,0.0,0.0,1389.98,0.0
real_ramya_user,2024-04-18,0.0,3091.0,0.0,0.0,0.0,3,18,4,0,12,592.1457142857145,484.13866666666667,744.0,0.0,0.0,0.0,0.0,0.0,0.0,0.0,0.0,0.0,0.0,0.0,0.0,0.0,8684.04,15695.0,0.5532997769990443,0.0,0.0,0.0,0.0,0.0,0.0
real_ramya_user,2024-04-19,0.0,0.0,0.0,0.0,0.0,4,19,4,0,11,592.1457142857145,484.13866666666667,744.0,0.0,0.0,0.0,0.0,0.0,0.0,0.0,0.0,0.0,0.0,0.0,0.0,0.0,8684.04,15695.0,0.5532997769990443,0.0,0.0,0.0,0.0,0.0,0.0
real_ramya_user,2024-04-20,19.62,0.0,0.0,0.0,0.0,5,20,4,1,10,594.9485714285717,484.79266666666666,441.57142857142856,0.0,0.0,0.0,0.0,0.0,0.0,0.0,0.0,0.0,0.0,0.0,0.0,0.0,8703.66,15695.0,0.5545498566422428,0.0,0.0,0.0,0.0,0.0,19.62
real_ramya_user,2024-04-21,1427.28,0.0,0.0,0.0,0.0,6,21,4,1,9,798.8457142857144,532.3686666666666,441.57142857142856,0.0,0.0,0.0,0.0,0.0,0.0,0.0,0.0,0.0,0.0,0.0,0.0,0.0,10130.94,15695.0,0.6454883720930233,1427.28,0.0,0.0,0.0,0.0,0.0
real_ramya_user,2024-04-22,1681.82,0.0,0.0,0.0,0.0,0,22,4,0,8,1039.1057142857146,588.4293333333334,441.57142857142856,0.0,0.0,0.0,0.0,0.0,0.0,0.0,0.0,0.0,0.0,0.0,0.0,0.0,11812.76,15695.0,0.75264479133482,0.0,0.0,0.0,0.0,1681.82,0.0
real_ramya_user,2024-04-23,0.0,4431.0,0.0,0.0,0.0,1,23,4,0,7,767.1685714285715,588.4293333333334,1074.5714285714287,0.0,0.0,0.0,0.0,0.0,0.0,0.0,0.0,0.0,0.0,0.0,0.0,0.0,11812.76,20126.0,0.5869402762595648,0.0,0.0,0.0,0.0,0.0,0.0
real_ramya_user,2024-04-24,0.0,0.0,0.0,0.0,0.0,2,24,4,0,6,446.9600000000001,588.4293333333334,1074.5714285714287,0.0,0.0,0.0,0.0,0.0,0.0,0.0,0.0,0.0,0.0,0.0,0.0,0.0,11812.76,20126.0,0.5869402762595648,0.0,0.0,0.0,0.0,0.0,0.0
real_ramya_user,2024-04-25,1551.79,0.0,0.0,0.0,0.0,3,25,4,0,5,668.6442857142857,593.3303333333333,633.0,0.0,0.0,0.0,0.0,0.0,0.0,0.0,0.0,0.0,0.0,0.0,0.0,0.0,13364.55,20126.0,0.6640440226572593,0.0,1551.79,0.0,0.0,0.0,0.0
real_ramya_user,2024-04-26,2078.62,0.0,0.0,0.0,0.0,4,26,4,0,4,965.5900000000001,662.6176666666667,633.0,0.0,0.0,0.0,0.0,0.0,0.0,0.0,0.0,0.0,0.0,0.0,0.0,0.0,15443.17,20126.0,0.7673243565537117,0.0,0.0,359.78,0.0,1718.84,0.0
real_ramya_user,2024-04-27,0.0,0.0,0.0,0.0,0.0,5,27,4,1,3,962.7871428571428,622.0486666666667,633.0,0.0,0.0,0.0,0.0,0.0,0.0,0.0,0.0,0.0,0.0,0.0,0.0,0.0,15443.17,20126.0,0.7673243565537117,0.0,0.0,0.0,0.0,0.0,0.0
real_ramya_user,2024-04-28,0.0,0.0,0.0,0.0,0.0,6,28,4,1,2,758.8900000000002,596.4149999999998,633.0,0.0,0.0,0.0,0.0,0.0,0.0,0.0,0.0,0.0,0.0,0.0,0.0,0.0,15443.17,20126.0,0.7673243565537117,0.0,0.0,0.0,0.0,0.0,0.0
real_ramya_user,2024-04-29,0.0,0.0,0.0,0.0,0.0,0,29,4,0,1,518.6300000000001,514.7723333333332,633.0,0.0,0.0,0.0,0.0,0.0,0.0,0.0,0.0,0.0,0.0,0.0,0.0,0.0,15443.17,20126.0,0.7673243565537117,0.0,0.0,0.0,0.0,0.0,0.0
real_ramya_user,2024-04-30,0.0,2656.0,0.0,0.0,0.0,1,30,4,0,0,518.6300000000001,514.7723333333332,379.42857142857144,0.0,0.0,0.0,0.0,0.0,0.0,0.0,0.0,0.0,0.0,0.0,0.0,0.0,15443.17,22782.0,0.6778671758405759,0.0,0.0,0.0,0.0,0.0,0.0
real_ramya_user,2024-05-01,0.0,0.0,0.0,0.0,0.0,2,1,5,0,30,518.6300000000001,514.7723333333332,379.42857142857144,0.0,0.0,0.0,0.0,0.0,0.0,0.0,0.0,0.0,0.0,0.0,0.0,0.0,0.0,0.0,0.0,0.0,0.0,0.0,0.0,0.0,0.0
real_ramya_user,2024-05-02,1457.58,0.0,0.0,0.0,0.0,3,2,5,0,29,505.1714285714287,563.3583333333333,379.42857142857144,0.0,0.0,0.0,0.0,0.0,0.0,0.0,0.0,0.0,0.0,0.0,0.0,0.0,1457.58,0.0,0.0,0.0,0.0,1457.58,0.0,0.0,0.0
real_ramya_user,2024-05-03,1627.16,0.0,0.0,0.0,0.0,4,3,5,0,28,440.67714285714294,553.5746666666668,379.42857142857144,0.0,0.0,0.0,1627.16,0.0,0.0,0.0,0.0,0.0,0.0,0.0,0.0,0.0,3084.74,0.0,0.0,0.0,0.0,0.0,0.0,0.0,0.0
real_ramya_user,2024-05-04,3124.8199999999997,0.0,0.0,0.0,0.0,5,4,5,1,27,887.08,657.7353333333334,379.42857142857144,0.0,0.0,0.0,0.0,0.0,0.0,0.0,0.0,0.0,1311.28,0.0,0.0,0.0,6209.5599999999995,0.0,0.0,1813.54,0.0,0.0,0.0,0.0,0.0
real_ramya_user,2024-05-05,276.42,2329.0,0.0,0.0,0.0,6,5,5,1,26,926.5685714285715,666.9493333333334,712.1428571428571,0.0,0.0,0.0,0.0,0.0,0.0,0.0,0.0,0.0,0.0,0.0,0.0,0.0,6485.98,2329.0,2.78487762988407,0.0,0.0,0.0,0.0,276.42,0.0
real_ramya_user,2024-05-06,0.0,0.0,0.0,0.0,0.0,0,6,5,0,25,926.5685714285715,658.4413333333333,712.1428571428571,0.0,0.0,0.0,0.0,0.0,0.0,0.0,0.0,0.0,0.0,0.0,0.0,0.0,6485.98,2329.0,2.78487762988407,0.0,0.0,0.0,0.0,0.0,0.0
real_ramya_user,2024-05-07,0.0,0.0,0.0,0.0,0.0,1,7,5,0,24,926.5685714285715,658.4413333333333,332.7142857142857,0.0,0.0,0.0,0.0,0.0,0.0,0.0,0.0,0.0,0.0,0.0,0.0,0.0,6485.98,2329.0,2.78487762988407,0.0,0.0,0.0,0.0,0.0,0.0
real_ramya_user,2024-05-08,0.0,0.0,0.0,0.0,0.0,2,8,5,0,23,926.5685714285715,637.8966666666666,332.7142857142857,0.0,0.0,0.0,0.0,0.0,0.0,0.0,0.0,0.0,0.0,0.0,0.0,0.0,6485.98,2329.0,2.78487762988407,0.0,0.0,0.0,0.0,0.0,0.0
real_ramya_user,2024-05-09,0.0,0.0,0.0,0.0,0.0,3,9,5,0,22,718.3428571428573,612.5079999999999,332.7142857142857,0.0,0.0,0.0,0.0,0.0,0.0,0.0,0.0,0.0,0.0,0.0,0.0,0.0,6485.98,2329.0,2.78487762988407,0.0,0.0,0.0,0.0,0.0,0.0
real_ramya_user,2024-05-10,0.0,0.0,0.0,0.0,0.0,4,10,5,0,21,485.89142857142866,599.2843333333333,332.7142857142857,0.0,0.0,0.0,0.0,0.0,0.0,0.0,0.0,0.0,0.0,0.0,0.0,0.0,6485.98,2329.0,2.78487762988407,0.0,0.0,0.0,0.0,0.0,0.0
real_ramya_user,2024-05-11,0.0,0.0,0.0,0.0,0.0,5,11,5,1,20,39.48857142857156,579.6709999999999,332.7142857142857,0.0,0.0,0.0,0.0,0.0,0.0,0.0,0.0,0.0,0.0,0.0,0.0,0.0,6485.98,2329.0,2.78487762988407,0.0,0.0,0.0,0.0,0.0,0.0
real_ramya_user,2024-05-12,0.0,0.0,0.0,0.0,0.0,6,12,5,1,19,0.0,579.6709999999999,0.0,0.0,0.0,0.0,0.0,0.0,0.0,0.0,0.0,0.0,0.0,0.0,0.0,0.0,6485.98,2329.0,2.78487762988407,0.0,0.0,0.0,0.0,0.0,0.0
real_ramya_user,2024-05-13,0.0,0.0,0.0,0.0,0.0,0,13,5,0,18,0.0,579.6709999999999,0.0,0.0,0.0,0.0,0.0,0.0,0.0,0.0,0.0,0.0,0.0,0.0,0.0,0.0,6485.98,2329.0,2.78487762988407,0.0,0.0,0.0,0.0,0.0,0.0
real_ramya_user,2024-05-14,799.6,0.0,0.0,0.0,0.0,1,14,5,0,17,114.22857142857156,606.3243333333334,0.0,0.0,0.0,0.0,0.0,0.0,0.0,0.0,0.0,0.0,0.0,0.0,0.0,0.0,7285.58,2329.0,3.128200944611421,0.0,0.0,799.6,0.0,0.0,0.0
real_ramya_user,2024-05-15,1697.48,0.0,0.0,0.0,0.0,2,15,5,0,16,356.7257142857144,662.9069999999999,0.0,0.0,0.0,0.0,0.0,0.0,0.0,0.0,0.0,0.0,0.0,0.0,0.0,0.0,8983.06,2329.0,3.857045942464577,1697.48,0.0,0.0,0.0,0.0,0.0
real_ramya_user,2024-05-16,0.0,0.0,0.0,0.0,0.0,3,16,5,0,15,356.7257142857144,599.455,0.0,0.0,0.0,0.0,0.0,0.0,0.0,0.0,0.0,0.0,0.0,0.0,0.0,0.0,8983.06,2329.0,3.857045942464577,0.0,0.0,0.0,0.0,0.0,0.0
real_ramya_user,2024-05-17,1516.84,0.0,0.0,0.0,0.0,4,17,5,0,14,573.417142857143,575.3009999999999,0.0,0.0,0.0,0.0,0.0,0.0,0.0,0.0,0.0,0.0,0.0,0.0,0.0,0.0,10499.9,2329.0,4.508329755259768,0.0,0.0,0.0,0.0,0.0,1516.84
real_ramya_user,2024-05-18,0.0,0.0,0.0,0.0,0.0,5,18,5,1,13,573.417142857143,575.3009999999999,0.0,0.0,0.0,0.0,0.0,0.0,0.0,0.0,0.0,0.0,0.0,0.0,0.0,0.0,10499.9,2329.0,4.508329755259768,0.0,0.0,0.0,0.0,0.0,0.0
real_ramya_user,2024-05-19,0.0,0.0,0.0,0.0,0.0,6,19,5,1,12,573.417142857143,575.3009999999999,0.0,0.0,0.0,0.0,0.0,0.0,0.0,0.0,0.0,0.0,0.0,0.0,0.0,0.0,10499.9,2329.0,4.508329755259768,0.0,0.0,0.0,0.0,0.0,0.0
real_ramya_user,2024-05-20,0.0,1967.0,0.0,0.0,0.0,0,20,5,0,11,573.417142857143,574.647,281.0,0.0,0.0,0.0,0.0,0.0,0.0,0.0,0.0,0.0,0.0,0.0,0.0,0.0,10499.9,4296.0,2.444110800744879,0.0,0.0,0.0,0.0,0.0,0.0
real_ramya_user,2024-05-21,0.0,0.0,0.0,0.0,0.0,1,21,5,0,10,459.1885714285715,527.071,281.0,0.0,0.0,0.0,0.0,0.0,0.0,0.0,0.0,0.0,0.0,0.0,0.0,0.0,10499.9,4296.0,2.444110800744879,0.0,0.0,0.0,0.0,0.0,0.0
real_ramya_user,2024-05-22,1474.48,0.0,0.0,0.0,0.0,2,22,5,0,9,427.33142857142866,520.1596666666667,281.0,0.0,0.0,0.0,0.0,0.0,0.0,0.0,0.0,0.0,0.0,0.0,0.0,0.0,11974.38,4296.0,2.787332402234637,0.0,0.0,0.0,0.0,0.0,1474.48
real_ramya_user,2024-05-23,90.44,0.0,0.0,0.0,0.0,3,23,5,0,8,440.2514285714287,523.1743333333333,281.0,0.0,0.0,0.0,0.0,0.0,0.0,0.0,0.0,0.0,0.0,0.0,0.0,0.0,12064.82,4296.0,2.8083845437616386,0.0,90.44,0.0,0.0,0.0,0.0
real_ramya_user,2024-05-24,0.0,0.0,0.0,0.0,0.0,4,24,5,0,7,223.56000000000014,523.1743333333333,281.0,0.0,0.0,0.0,0.0,0.0,0.0,0.0,0.0,0.0,0.0,0.0,0.0,0.0,12064.82,4296.0,2.8083845437616386,0.0,0.0,0.0,0.0,0.0,0.0
real_ramya_user,2024-05-25,135.09,0.0,0.0,0.0,0.0,5,25,5,1,6,242.85857142857157,475.95099999999996,281.0,0.0,0.0,0.0,0.0,0.0,0.0,0.0,0.0,0.0,0.0,0.0,0.0,0.0,12199.91,4296.0,2.8398300744878955,135.09,0.0,0.0,0.0,0.0,0.0
real_ramya_user,2024-05-26,1340.49,0.0,0.0,0.0,0.0,6,26,5,1,5,434.357142857143,451.34666666666664,281.0,0.0,0.0,0.0,1340.49,0.0,0.0,0.0,0.0,0.0,0.0,0.0,0.0,0.0,13540.4,4296.0,3.1518621973929237,0.0,0.0,0.0,0.0,0.0,0.0
real_ramya_user,2024-05-27,871.7199999999999,0.0,0.0,0.0,0.0,0,27,5,0,4,558.8885714285715,480.40400000000005,0.0,0.0,0.0,0.0,89.41,0.0,0.0,0.0,0.0,0.0,0.0,0.0,0.0,0.0,14412.119999999999,4296.0,3.354776536312849,0.0,782.31,0.0,0.0,0.0,0.0
real_ramya_user,2024-05-28,0.0,0.0,0.0,0.0,0.0,1,28,5,0,3,558.8885714285715,480.40400000000005,0.0,0.0,0.0,0.0,0.0,0.0,0.0,0.0,0.0,0.0,0.0,0.0,0.0,0.0,14412.119999999999,4296.0,3.354776536312849,0.0,0.0,0.0,0.0,0.0,0.0
real_ramya_user,2024-05-29,0.0,0.0,0.0,0.0,0.0,2,29,5,0,2,348.24857142857155,480.40400000000005,0.0,0.0,0.0,0.0,0.0,0.0,0.0,0.0,0.0,0.0,0.0,0.0,0.0,0.0,14412.119999999999,4296.0,3.354776536312849,0.0,0.0,0.0,0.0,0.0,0.0
real_ramya_user,2024-05-30,0.0,0.0,0.0,0.0,0.0,3,30,5,0,1,335.32857142857154,480.40400000000005,0.0,0.0,0.0,0.0,0.0,0.0,0.0,0.0,0.0,0.0,0.0,0.0,0.0,0.0,14412.119999999999,4296.0,3.354776536312849,0.0,0.0,0.0,0.0,0.0,0.0
real_ramya_user,2024-05-31,1410.44,0.0,0.0,0.0,0.0,4,31,5,0,0,536.82,527.4186666666667,0.0,0.0,0.0,0.0,0.0,0.0,0.0,0.0,0.0,0.0,0.0,0.0,0.0,0.0,15822.56,4296.0,3.683091247672253,0.0,0.0,1410.44,0.0,0.0,0.0
real_ramya_user,2024-06-01,1671.4,0.0,0.0,0.0,0.0,5,1,6,1,29,756.2928571428573,534.546,0.0,0.0,0.0,0.0,0.0,0.0,0.0,0.0,0.0,0.0,0.0,0.0,0.0,0.0,1671.4,0.0,0.0,0.0,0.0,0.0,0.0,1671.4,0.0
real_ramya_user,2024-06-02,1797.71,0.0,0.0,0.0,0.0,6,2,6,1,28,821.61,540.231,0.0,0.0,0.0,0.0,0.0,0.0,0.0,0.0,0.0,0.0,0.0,0.0,0.0,0.0,3469.11,0.0,0.0,0.0,0.0,1038.16,0.0,0.0,759.55
real_ramya_user,2024-06-03,1037.58,0.0,0.0,0.0,0.0,0,3,6,0,27,845.3042857142858,470.65633333333335,0.0,0.0,0.0,0.0,0.0,0.0,0.0,0.0,0.0,0.0,0.0,0.0,0.0,0.0,4506.6900000000005,0.0,0.0,1037.58,0.0,0.0,0.0,0.0,0.0
real_ramya_user,2024-06-04,978.85,0.0,0.0,0.0,0.0,1,4,6,0,26,985.1400000000001,494.0706666666667,0.0,0.0,0.0,0.0,0.0,0.0,0.0,0.0,0.0,0.0,0.0,0.0,0.0,0.0,5485.54,0.0,0.0,0.0,978.85,0.0,0.0,0.0,0.0
real_ramya_user,2024-06-05,0.0,0.0,0.0,0.0,0.0,2,5,6,0,25,985.1400000000001,494.0706666666667,0.0,0.0,0.0,0.0,0.0,0.0,0.0,0.0,0.0,0.0,0.0,0.0,0.0,0.0,5485.54,0.0,0.0,0.0,0.0,0.0,0.0,0.0,0.0
real_ramya_user,2024-06-06,1008.66,0.0,0.0,0.0,0.0,3,6,6,0,24,1129.2342857142858,527.6926666666667,0.0,0.0,0.0,0.0,1008.66,0.0,0.0,0.0,0.0,0.0,0.0,0.0,0.0,0.0,6494.2,0.0,0.0,0.0,0.0,0.0,0.0,0.0,0.0
real_ramya_user,2024-06-07,0.0,2384.0,0.0,0.0,0.0,4,7,6,0,23,927.7428571428572,527.6926666666667,340.57142857142856,0.0,0.0,0.0,0.0,0.0,0.0,0.0,0.0,0.0,0.0,0.0,0.0,0.0,6494.2,2384.0,2.7240771812080538,0.0,0.0,0.0,0.0,0.0,0.0
real_ramya_user,2024-06-08,0.0,0.0,0.0,0.0,0.0,5,8,6,1,22,688.9714285714288,527.6926666666667,340.57142857142856,0.0,0.0,0.0,0.0,0.0,0.0,0.0,0.0,0.0,0.0,0.0,0.0,0.0,6494.2,2384.0,2.7240771812080538,0.0,0.0,0.0,0.0,0.0,0.0
real_ramya_user,2024-06-09,0.0,2232.0,0.0,0.0,0.0,6,9,6,1,21,432.15571428571445,527.6926666666667,659.4285714285714,0.0,0.0,0.0,0.0,0.0,0.0,0.0,0.0,0.0,0.0,0.0,0.0,0.0,6494.2,4616.0,1.406889081455806,0.0,0.0,0.0,0.0,0.0,0.0
real_ramya_user,2024-06-10,0.0,3467.0,0.0,0.0,0.0,0,10,6,0,20,283.9300000000001,527.6926666666667,1154.7142857142858,0.0,0.0,0.0,0.0,0.0,0.0,0.0,0.0,0.0,0.0,0.0,0.0,0.0,6494.2,8083.0,0.8034393170852406,0.0,0.0,0.0,0.0,0.0,0.0
real_ramya_user,2024-06-11,0.0,0.0,0.0,0.0,0.0,1,11,6,0,19,144.09428571428583,527.6926666666667,1154.7142857142858,0.0,0.0,0.0,0.0,0.0,0.0,0.0,0.0,0.0,0.0,0.0,0.0,0.0,6494.2,8083.0,0.8034393170852406,0.0,0.0,0.0,0.0,0.0,0.0
real_ramya_user,2024-06-12,1325.61,0.0,0.0,0.0,0.0,2,12,6,0,18,333.46714285714296,571.8796666666666,1154.7142857142858,0.0,0.0,0.0,0.0,0.0,0.0,0.0,0.0,0.0,0.0,0.0,0.0,0.0,7819.8099999999995,8083.0,0.9674390696523567,0.0,0.0,1325.61,0.0,0.0,0.0
real_ramya_user,2024-06-13,2406.56,0.0,0.0,0.0,0.0,3,13,6,0,17,533.167142857143,625.4449999999999,1154.7142857142858,0.0,0.0,0.0,0.0,0.0,0.0,0.0,0.0,0.0,963.25,0.0,0.0,0.0,10226.369999999999,8083.0,1.2651701101076331,0.0,1443.31,0.0,0.0,0.0,0.0
real_ramya_user,2024-06-14,54.67,0.0,0.0,0.0,0.0,4,14,6,0,16,540.9771428571429,570.6846666666667,814.1428571428571,0.0,0.0,0.0,0.0,0.0,0.0,0.0,0.0,0.0,0.0,0.0,0.0,0.0,10281.039999999999,8083.0,1.2719336879871335,0.0,0.0,0.0,54.67,0.0,0.0
real_ramya_user,2024-06-15,0.0,1603.0,0.0,0.0,0.0,5,15,6,1,15,540.9771428571429,570.6846666666667,1043.142857142857,0.0,0.0,0.0,0.0,0.0,0.0,0.0,0.0,0.0,0.0,0.0,0.0,0.0,10281.039999999999,9686.0,1.0614329960768119,0.0,0.0,0.0,0.0,0.0,0.0
real_ramya_user,2024-06-16,1782.69,0.0,0.0,0.0,0.0,6,16,6,1,14,795.647142857143,579.5463333333333,724.2857142857143,0.0,0.0,0.0,1782.69,0.0,0.0,0.0,0.0,0.0,0.0,0.0,0.0,0.0,12063.73,9686.0,1.245481106752013,0.0,0.0,0.0,0.0,0.0,0.0
real_ramya_user,2024-06-17,0.0,2615.0,0.0,0.0,0.0,0,17,6,0,13,795.647142857143,579.5463333333333,602.5714285714286,0.0,0.0,0.0,0.0,0.0,0.0,0.0,0.0,0.0,0.0,0.0,0.0,0.0,12063.73,12301.0,0.9807113242825786,0.0,0.0,0.0,0.0,0.0,0.0
real_ramya_user,2024-06-18,0.0,0.0,0.0,0.0,0.0,1,18,6,0,12,795.647142857143,579.5463333333333,602.5714285714286,0.0,0.0,0.0,0.0,0.0,0.0,0.0,0.0,0.0,0.0,0.0,0.0,0.0,12063.73,12301.0,0.9807113242825786,0.0,0.0,0.0,0.0,0.0,0.0
real_ramya_user,2024-06-19,0.0,0.0,0.0,0.0,0.0,2,19,6,0,11,606.2742857142857,579.5463333333333,602.5714285714286,0.0,0.0,0.0,0.0,0.0,0.0,0.0,0.0,0.0,0.0,0.0,0.0,0.0,12063.73,12301.0,0.9807113242825786,0.0,0.0,0.0,0.0,0.0,0.0
real_ramya_user,2024-06-20,0.0,0.0,0.0,0.0,0.0,3,20,6,0,10,262.4800000000001,579.5463333333333,602.5714285714286,0.0,0.0,0.0,0.0,0.0,0.0,0.0,0.0,0.0,0.0,0.0,0.0,0.0,12063.73,12301.0,0.9807113242825786,0.0,0.0,0.0,0.0,0.0,0.0
real_ramya_user,2024-06-21,2960.95,0.0,0.0,0.0,0.0,4,21,6,0,9,677.6628571428572,629.0953333333333,602.5714285714286,0.0,0.0,0.0,1758.23,0.0,0.0,0.0,0.0,0.0,0.0,0.0,0.0,0.0,15024.68,12301.0,1.2214193967970084,0.0,0.0,0.0,1202.72,0.0,0.0
real_ramya_user,2024-06-22,1895.04,0.0,0.0,0.0,0.0,5,22,6,1,8,948.3828571428572,689.2486666666666,373.57142857142856,0.0,0.0,0.0,0.0,0.0,0.0,0.0,0.0,0.0,0.0,0.0,0.0,0.0,16919.72,12301.0,1.3754751646207626,0.0,0.0,0.0,0.0,1895.04,0.0
real_ramya_user,2024-06-23,5634.35,1669.0,0.0,0.0,0.0,6,23,6,1,7,1498.6200000000001,877.0603333333333,612.0,0.0,0.0,0.0,0.0,0.0,0.0,0.0,0.0,0.0,2933.0299999999997,0.0,0.0,0.0,22554.07,13970.0,1.6144645669291338,0.0,0.0,0.0,0.0,0.0,2701.32
real_ramya_user,2024-06-24,0.0,0.0,0.0,0.0,0.0,0,24,6,0,6,1498.6200000000001,872.5573333333334,238.42857142857142,0.0,0.0,0.0,0.0,0.0,0.0,0.0,0.0,0.0,0.0,0.0,0.0,0.0,22554.07,13970.0,1.6144645669291338,0.0,0.0,0.0,0.0,0.0,0.0
real_ramya_user,2024-06-25,0.0,0.0,0.0,0.0,0.0,1,25,6,0,5,1498.6200000000001,827.8743333333333,238.42857142857142,0.0,0.0,0.0,0.0,0.0,0.0,0.0,0.0,0.0,0.0,0.0,0.0,0.0,22554.07,13970.0,1.6144645669291338,0.0,0.0,0.0,0.0,0.0,0.0
real_ramya_user,2024-06-26,0.0,0.0,0.0,0.0,0.0,2,26,6,0,4,1498.6200000000001,798.8170000000001,238.42857142857142,0.0,0.0,0.0,0.0,0.0,0.0,0.0,0.0,0.0,0.0,0.0,0.0,0.0,22554.07,13970.0,1.6144645669291338,0.0,0.0,0.0,0.0,0.0,0.0
real_ramya_user,2024-06-27,0.0,0.0,0.0,0.0,0.0,3,27,6,0,3,1498.6200000000001,798.8170000000001,238.42857142857142,0.0,0.0,0.0,0.0,0.0,0.0,0.0,0.0,0.0,0.0,0.0,0.0,0.0,22554.07,13970.0,1.6144645669291338,0.0,0.0,0.0,0.0,0.0,0.0
real_ramya_user,2024-06-28,0.0,0.0,0.0,0.0,0.0,4,28,6,0,2,1075.627142857143,798.8170000000001,238.42857142857142,0.0,0.0,0.0,0.0,0.0,0.0,0.0,0.0,0.0,0.0,0.0,0.0,0.0,22554.07,13970.0,1.6144645669291338,0.0,0.0,0.0,0.0,0.0,0.0
real_ramya_user,2024-06-29,0.0,0.0,0.0,0.0,0.0,5,29,6,1,1,804.907142857143,798.8170000000001,238.42857142857142,0.0,0.0,0.0,0.0,0.0,0.0,0.0,0.0,0.0,0.0,0.0,0.0,0.0,22554.07,13970.0,1.6144645669291338,0.0,0.0,0.0,0.0,0.0,0.0
real_ramya_user,2024-06-30,0.0,0.0,0.0,0.0,0.0,6,30,6,1,0,0.0,751.8023333333333,0.0,0.0,0.0,0.0,0.0,0.0,0.0,0.0,0.0,0.0,0.0,0.0,0.0,0.0,22554.07,13970.0,1.6144645669291338,0.0,0.0,0.0,0.0,0.0,0.0
real_ramya_user,2024-07-01,0.0,3657.0,0.0,0.0,0.0,0,1,7,0,30,0.0,696.089,522.4285714285714,0.0,0.0,0.0,0.0,0.0,0.0,0.0,0.0,0.0,0.0,0.0,0.0,0.0,0.0,3657.0,0.0,0.0,0.0,0.0,0.0,0.0,0.0
real_ramya_user,2024-07-02,0.0,0.0,0.0,0.0,0.0,1,2,7,0,29,0.0,636.1653333333333,522.4285714285714,0.0,0.0,0.0,0.0,0.0,0.0,0.0,0.0,0.0,0.0,0.0,0.0,0.0,0.0,3657.0,0.0,0.0,0.0,0.0,0.0,0.0,0.0
real_ramya_user,2024-07-03,0.0,0.0,0.0,0.0,0.0,2,3,7,0,28,0.0,601.5793333333334,522.4285714285714,0.0,0.0,0.0,0.0,0.0,0.0,0.0,0.0,0.0,0.0,0.0,0.0,0.0,0.0,3657.0,0.0,0.0,0.0,0.0,0.0,0.0,0.0
real_ramya_user,2024-07-04,0.0,0.0,0.0,0.0,0.0,3,4,7,0,27,0.0,568.9509999999999,522.4285714285714,0.0,0.0,0.0,0.0,0.0,0.0,0.0,0.0,0.0,0.0,0.0,0.0,0.0,0.0,3657.0,0.0,0.0,0.0,0.0,0.0,0.0,0.0
real_ramya_user,2024-07-05,0.0,2157.0,0.0,0.0,0.0,4,5,7,0,26,0.0,568.9509999999999,830.5714285714286,0.0,0.0,0.0,0.0,0.0,0.0,0.0,0.0,0.0,0.0,0.0,0.0,0.0,0.0,5814.0,0.0,0.0,0.0,0.0,0.0,0.0,0.0
real_ramya_user,2024-07-06,1654.76,0.0,0.0,0.0,0.0,5,6,7,1,25,236.3942857142857,590.4876666666667,830.5714285714286,0.0,0.0,0.0,0.0,0.0,0.0,0.0,0.0,0.0,0.0,0.0,0.0,0.0,1654.76,5814.0,0.28461644306845546,0.0,0.0,0.0,1654.76,0.0,0.0
real_ramya_user,2024-07-07,4704.13,0.0,0.0,0.0,0.0,6,7,7,1,24,908.4128571428572,747.292,830.5714285714286,0.0,0.0,0.0,3551.7,0.0,0.0,0.0,0.0,0.0,0.0,0.0,0.0,0.0,6358.89,5814.0,1.0937203302373582,0.0,0.0,195.45,0.0,0.0,956.98
real_ramya_user,2024-07-08,0.0,0.0,0.0,0.0,0.0,0,8,7,0,23,908.4128571428572,747.292,308.14285714285717,0.0,0.0,0.0,0.0,0.0,0.0,0.0,0.0,0.0,0.0,0.0,0.0,0.0,6358.89,5814.0,1.0937203302373582,0.0,0.0,0.0,0.0,0.0,0.0
real_ramya_user,2024-07-09,0.0,0.0,0.0,0.0,0.0,1,9,7,0,22,908.4128571428572,747.292,308.14285714285717,0.0,0.0,0.0,0.0,0.0,0.0,0.0,0.0,0.0,0.0,0.0,0.0,0.0,6358.89,5814.0,1.0937203302373582,0.0,0.0,0.0,0.0,0.0,0.0
real_ramya_user,2024-07-10,0.0,0.0,0.0,0.0,0.0,2,10,7,0,21,908.4128571428572,747.292,308.14285714285717,0.0,0.0,0.0,0.0,0.0,0.0,0.0,0.0,0.0,0.0,0.0,0.0,0.0,6358.89,5814.0,1.0937203302373582,0.0,0.0,0.0,0.0,0.0,0.0
real_ramya_user,2024-07-11,0.0,0.0,0.0,0.0,0.0,3,11,7,0,20,908.4128571428572,747.292,308.14285714285717,0.0,0.0,0.0,0.0,0.0,0.0,0.0,0.0,0.0,0.0,0.0,0.0,0.0,6358.89,5814.0,1.0937203302373582,0.0,0.0,0.0,0.0,0.0,0.0
real_ramya_user,2024-07-12,0.0,0.0,0.0,0.0,0.0,4,12,7,0,19,908.4128571428572,703.105,0.0,0.0,0.0,0.0,0.0,0.0,0.0,0.0,0.0,0.0,0.0,0.0,0.0,0.0,6358.89,5814.0,1.0937203302373582,0.0,0.0,0.0,0.0,0.0,0.0
real_ramya_user,2024-07-13,2447.18,0.0,0.0,0.0,0.0,5,13,7,1,18,1021.6157142857143,704.4590000000002,0.0,0.0,0.0,0.0,1398.31,0.0,0.0,0.0,0.0,0.0,0.0,0.0,0.0,0.0,8806.07,5814.0,1.5146319229446163,0.0,0.0,0.0,1048.87,0.0,0.0
real_ramya_user,2024-07-14,0.0,0.0,0.0,0.0,0.0,6,14,7,1,17,349.59714285714284,702.6366666666668,0.0,0.0,0.0,0.0,0.0,0.0,0.0,0.0,0.0,0.0,0.0,0.0,0.0,0.0,8806.07,5814.0,1.5146319229446163,0.0,0.0,0.0,0.0,0.0,0.0
real_ramya_user,2024-07-15,0.0,0.0,0.0,0.0,0.0,0,15,7,0,16,349.59714285714284,702.6366666666668,0.0,0.0,0.0,0.0,0.0,0.0,0.0,0.0,0.0,0.0,0.0,0.0,0.0,0.0,8806.07,5814.0,1.5146319229446163,0.0,0.0,0.0,0.0,0.0,0.0
real_ramya_user,2024-07-16,1581.22,0.0,0.0,0.0,0.0,1,16,7,0,15,575.4857142857143,695.921,0.0,0.0,0.0,0.0,0.0,0.0,0.0,0.0,0.0,0.0,1581.22,0.0,0.0,0.0,10387.29,5814.0,1.7865995872033025,0.0,0.0,0.0,0.0,0.0,0.0
real_ramya_user,2024-07-17,0.0,0.0,0.0,0.0,0.0,2,17,7,0,14,575.4857142857143,695.921,0.0,0.0,0.0,0.0,0.0,0.0,0.0,0.0,0.0,0.0,0.0,0.0,0.0,0.0,10387.29,5814.0,1.7865995872033025,0.0,0.0,0.0,0.0,0.0,0.0
real_ramya_user,2024-07-18,0.0,0.0,0.0,0.0,0.0,3,18,7,0,13,575.4857142857143,695.921,0.0,0.0,0.0,0.0,0.0,0.0,0.0,0.0,0.0,0.0,0.0,0.0,0.0,0.0,10387.29,5814.0,1.7865995872033025,0.0,0.0,0.0,0.0,0.0,0.0
real_ramya_user,2024-07-19,0.0,0.0,0.0,0.0,0.0,4,19,7,0,12,575.4857142857143,695.921,0.0,0.0,0.0,0.0,0.0,0.0,0.0,0.0,0.0,0.0,0.0,0.0,0.0,0.0,10387.29,5814.0,1.7865995872033025,0.0,0.0,0.0,0.0,0.0,0.0
real_ramya_user,2024-07-20,856.72,0.0,0.0,0.0,0.0,5,20,7,1,11,348.27714285714285,724.4783333333334,0.0,0.0,0.0,0.0,0.0,0.0,0.0,0.0,0.0,0.0,0.0,0.0,0.0,0.0,11244.01,5814.0,1.933954248366013,0.0,0.0,856.72,0.0,0.0,0.0
real_ramya_user,2024-07-21,1821.07,0.0,0.0,0.0,0.0,6,21,7,1,10,608.4300000000001,686.4823333333334,0.0,0.0,0.0,0.0,0.0,0.0,0.0,0.0,0.0,0.0,0.0,0.0,0.0,0.0,13065.08,5814.0,2.247175782593739,1821.07,0.0,0.0,0.0,0.0,0.0
real_ramya_user,2024-07-22,0.0,2611.0,0.0,0.0,0.0,0,22,7,0,9,608.4300000000001,623.3143333333334,373.0,0.0,0.0,0.0,0.0,0.0,0.0,0.0,0.0,0.0,0.0,0.0,0.0,0.0,13065.08,8425.0,1.5507513353115727,0.0,0.0,0.0,0.0,0.0,0.0
real_ramya_user,2024-07-23,0.0,8352.0,0.0,0.0,0.0,1,23,7,0,8,382.5414285714286,435.50266666666664,1566.142857142857,0.0,0.0,0.0,0.0,0.0,0.0,0.0,0.0,0.0,0.0,0.0,0.0,0.0,13065.08,16777.0,0.7787494784526435,0.0,0.0,0.0,0.0,0.0,0.0
real_ramya_user,2024-07-24,0.0,0.0,0.0,0.0,0.0,2,24,7,0,7,382.5414285714286,435.50266666666664,1566.142857142857,0.0,0.0,0.0,0.0,0.0,0.0,0.0,0.0,0.0,0.0,0.0,0.0,0.0,13065.08,16777.0,0.7787494784526435,0.0,0.0,0.0,0.0,0.0,0.0
real_ramya_user,2024-07-25,823.6,0.0,0.0,0.0,0.0,3,25,7,0,6,500.1985714285714,462.956,1566.142857142857,0.0,0.0,0.0,0.0,0.0,0.0,0.0,0.0,0.0,0.0,0.0,0.0,0.0,13888.68,16777.0,0.8278404959170292,0.0,823.6,0.0,0.0,0.0,0.0
real_ramya_user,2024-07-26,3011.73,2577.0,0.0,0.0,0.0,4,26,7,0,5,930.4457142857144,563.347,1934.2857142857142,0.0,0.0,0.0,0.0,0.0,0.0,0.0,0.0,0.0,365.65,0.0,0.0,0.0,16900.41,19354.0,0.8732256897798905,0.0,0.0,0.0,2646.08,0.0,0.0
real_ramya_user,2024-07-27,3777.12,0.0,0.0,0.0,0.0,5,27,7,1,4,1347.6457142857143,689.251,1934.2857142857142,0.0,0.0,0.0,0.0,0.0,0.0,0.0,0.0,0.0,515.02,0.0,0.0,0.0,20677.53,19354.0,1.0683853466983568,0.0,1550.65,0.0,0.0,0.0,1711.45
real_ramya_user,2024-07-28,1108.27,0.0,0.0,0.0,0.0,6,28,7,1,3,1245.817142857143,726.1933333333333,1934.2857142857142,0.0,0.0,0.0,0.0,0.0,0.0,0.0,0.0,0.0,0.0,0.0,0.0,0.0,21785.8,19354.0,1.1256484447659398,898.72,0.0,0.0,0.0,0.0,209.55
real_ramya_user,2024-07-29,3544.27,0.0,0.0,0.0,0.0,0,29,7,0,2,1752.1414285714286,844.3356666666666,1561.2857142857142,0.0,0.0,0.0,1940.5700000000002,0.0,0.0,0.0,0.0,0.0,0.0,0.0,0.0,0.0,25330.07,19354.0,1.3087769970032035,0.0,1603.7,0.0,0.0,0.0,0.0
real_ramya_user,2024-07-30,2386.01,0.0,0.0,0.0,0.0,1,30,7,0,1,2093.0,923.8693333333334,368.14285714285717,0.0,0.0,0.0,0.0,0.0,0.0,0.0,0.0,0.0,1852.46,0.0,0.0,0.0,27716.08,19354.0,1.4320595225793118,0.0,0.0,533.55,0.0,0.0,0.0
real_ramya_user,2024-07-31,0.0,0.0,0.0,0.0,0.0,2,31,7,0,0,2093.0,923.8693333333334,368.14285714285717,0.0,0.0,0.0,0.0,0.0,0.0,0.0,0.0,0.0,0.0,0.0,0.0,0.0,27716.08,19354.0,1.4320595225793118,0.0,0.0,0.0,0.0,0.0,0.0
real_ramya_user,2024-08-01,1451.74,0.0,0.0,0.0,0.0,3,1,8,0,30,2182.7342857142858,972.2606666666667,368.14285714285717,0.0,0.0,0.0,1451.74,0.0,0.0,0.0,0.0,0.0,0.0,0.0,0.0,0.0,1451.74,0.0,0.0,0.0,0.0,0.0,0.0,0.0,0.0
real_ramya_user,2024-08-02,3123.76,0.0,0.0,0.0,0.0,4,2,8,0,29,2198.7385714285715,1076.386,0.0,0.0,0.0,0.0,1891.97,0.0,0.0,0.0,0.0,0.0,0.0,0.0,0.0,0.0,4575.5,0.0,0.0,0.0,0.0,0.0,1231.79,0.0,0.0
real_ramya_user,2024-08-03,1281.1,0.0,0.0,0.0,0.0,5,3,8,1,28,1842.1642857142856,1119.0893333333333,0.0,0.0,0.0,0.0,0.0,0.0,0.0,0.0,0.0,0.0,883.55,0.0,0.0,0.0,5856.6,0.0,0.0,0.0,0.0,0.0,0.0,397.55,0.0
real_ramya_user,2024-08-04,0.0,0.0,0.0,0.0,0.0,6,4,8,1,27,1683.8400000000001,1119.0893333333333,0.0,0.0,0.0,0.0,0.0,0.0,0.0,0.0,0.0,0.0,0.0,0.0,0.0,0.0,5856.6,0.0,0.0,0.0,0.0,0.0,0.0,0.0,0.0
real_ramya_user,2024-08-05,0.0,0.0,0.0,0.0,0.0,0,5,8,0,26,1177.5157142857145,1063.9306666666666,0.0,0.0,0.0,0.0,0.0,0.0,0.0,0.0,0.0,0.0,0.0,0.0,0.0,0.0,5856.6,0.0,0.0,0.0,0.0,0.0,0.0,0.0,0.0
real_ramya_user,2024-08-06,0.0,0.0,0.0,0.0,0.0,1,6,8,0,25,836.657142857143,907.1263333333334,0.0,0.0,0.0,0.0,0.0,0.0,0.0,0.0,0.0,0.0,0.0,0.0,0.0,0.0,5856.6,0.0,0.0,0.0,0.0,0.0,0.0,0.0,0.0
real_ramya_user,2024-08-07,0.0,0.0,0.0,0.0,0.0,2,7,8,0,24,836.657142857143,907.1263333333334,0.0,0.0,0.0,0.0,0.0,0.0,0.0,0.0,0.0,0.0,0.0,0.0,0.0,0.0,5856.6,0.0,0.0,0.0,0.0,0.0,0.0,0.0,0.0
real_ramya_user,2024-08-08,1234.23,0.0,0.0,0.0,0.0,3,8,8,0,23,805.5842857142858,948.2673333333333,0.0,0.0,0.0,0.0,0.0,0.0,0.0,0.0,0.0,0.0,0.0,0.0,0.0,0.0,7090.83,0.0,0.0,1234.23,0.0,0.0,0.0,0.0,0.0
real_ramya_user,2024-08-09,486.12,0.0,0.0,0.0,0.0,4,9,8,0,22,428.7785714285714,964.4713333333334,0.0,0.0,0.0,0.0,0.0,0.0,0.0,0.0,0.0,0.0,0.0,0.0,0.0,0.0,7576.95,0.0,0.0,0.0,486.12,0.0,0.0,0.0,0.0
real_ramya_user,2024-08-10,0.0,0.0,0.0,0.0,0.0,5,10,8,1,21,245.7642857142857,964.4713333333334,0.0,0.0,0.0,0.0,0.0,0.0,0.0,0.0,0.0,0.0,0.0,0.0,0.0,0.0,7576.95,0.0,0.0,0.0,0.0,0.0,0.0,0.0,0.0
real_ramya_user,2024-08-11,0.0,1211.0,0.0,0.0,0.0,6,11,8,1,20,245.7642857142857,964.4713333333334,173.0,0.0,0.0,0.0,0.0,0.0,0.0,0.0,0.0,0.0,0.0,0.0,0.0,0.0,7576.95,1211.0,5.0,0.0,0.0,0.0,0.0,0.0,0.0
real_ramya_user,2024-08-12,0.0,0.0,0.0,0.0,0.0,0,12,8,0,19,245.7642857142857,882.8986666666667,173.0,0.0,0.0,0.0,0.0,0.0,0.0,0.0,0.0,0.0,0.0,0.0,0.0,0.0,7576.95,1211.0,5.0,0.0,0.0,0.0,0.0,0.0,0.0
real_ramya_user,2024-08-13,0.0,0.0,0.0,0.0,0.0,1,13,8,0,18,245.7642857142857,882.8986666666667,173.0,0.0,0.0,0.0,0.0,0.0,0.0,0.0,0.0,0.0,0.0,0.0,0.0,0.0,7576.95,1211.0,5.0,0.0,0.0,0.0,0.0,0.0,0.0
real_ramya_user,2024-08-14,3592.19,0.0,0.0,0.0,0.0,2,14,8,0,17,758.9342857142857,1002.6383333333334,173.0,0.0,0.0,0.0,0.0,0.0,0.0,0.0,0.0,0.0,0.0,0.0,0.0,0.0,11169.14,1211.0,5.0,1040.31,0.0,1839.16,712.72,0.0,0.0
real_ramya_user,2024-08-15,701.48,0.0,0.0,0.0,0.0,3,15,8,0,16,682.8271428571428,973.3136666666667,173.0,0.0,0.0,0.0,0.0,0.0,0.0,0.0,0.0,0.0,0.0,0.0,0.0,0.0,11870.619999999999,1211.0,5.0,0.0,701.48,0.0,0.0,0.0,0.0
real_ramya_user,2024-08-16,0.0,0.0,0.0,0.0,0.0,4,16,8,0,15,613.3814285714286,973.3136666666667,173.0,0.0,0.0,0.0,0.0,0.0,0.0,0.0,0.0,0.0,0.0,0.0,0.0,0.0,11870.619999999999,1211.0,5.0,0.0,0.0,0.0,0.0,0.0,0.0
real_ramya_user,2024-08-17,0.0,0.0,0.0,0.0,0.0,5,17,8,1,14,613.3814285714286,973.3136666666667,173.0,0.0,0.0,0.0,0.0,0.0,0.0,0.0,0.0,0.0,0.0,0.0,0.0,0.0,11870.619999999999,1211.0,5.0,0.0,0.0,0.0,0.0,0.0,0.0
real_ramya_user,2024-08-18,0.0,0.0,0.0,0.0,0.0,6,18,8,1,13,613.3814285714286,973.3136666666667,0.0,0.0,0.0,0.0,0.0,0.0,0.0,0.0,0.0,0.0,0.0,0.0,0.0,0.0,11870.619999999999,1211.0,5.0,0.0,0.0,0.0,0.0,0.0,0.0
real_ramya_user,2024-08-19,0.0,0.0,0.0,0.0,0.0,0,19,8,0,12,613.3814285714286,944.7563333333334,0.0,0.0,0.0,0.0,0.0,0.0,0.0,0.0,0.0,0.0,0.0,0.0,0.0,0.0,11870.619999999999,1211.0,5.0,0.0,0.0,0.0,0.0,0.0,0.0
real_ramya_user,2024-08-20,0.0,0.0,0.0,0.0,0.0,1,20,8,0,11,613.3814285714286,884.054,0.0,0.0,0.0,0.0,0.0,0.0,0.0,0.0,0.0,0.0,0.0,0.0,0.0,0.0,11870.619999999999,1211.0,5.0,0.0,0.0,0.0,0.0,0.0,0.0
real_ramya_user,2024-08-21,0.0,0.0,0.0,0.0,0.0,2,21,8,0,10,100.21142857142857,884.054,0.0,0.0,0.0,0.0,0.0,0.0,0.0,0.0,0.0,0.0,0.0,0.0,0.0,0.0,11870.619999999999,1211.0,5.0,0.0,0.0,0.0,0.0,0.0,0.0
real_ramya_user,2024-08-22,1216.66,0.0,0.0,0.0,0.0,3,22,8,0,9,173.80857142857144,924.6093333333333,0.0,0.0,0.0,0.0,0.0,0.0,0.0,0.0,0.0,0.0,0.0,0.0,0.0,0.0,13087.28,1211.0,5.0,1216.66,0.0,0.0,0.0,0.0,0.0
real_ramya_user,2024-08-23,0.0,538.0,0.0,0.0,0.0,4,23,8,0,8,173.80857142857144,924.6093333333333,76.85714285714286,0.0,0.0,0.0,0.0,0.0,0.0,0.0,0.0,0.0,0.0,0.0,0.0,0.0,13087.28,1749.0,5.0,0.0,0.0,0.0,0.0,0.0,0.0
real_ramya_user,2024-08-24,0.0,0.0,0.0,0.0,0.0,5,24,8,1,7,173.80857142857144,897.1560000000001,76.85714285714286,0.0,0.0,0.0,0.0,0.0,0.0,0.0,0.0,0.0,0.0,0.0,0.0,0.0,13087.28,1749.0,5.0,0.0,0.0,0.0,0.0,0.0,0.0
real_ramya_user,2024-08-25,1703.94,4906.0,0.0,0.0,0.0,6,25,8,1,6,417.22857142857146,853.563,777.7142857142857,0.0,0.0,0.0,0.0,0.0,0.0,0.0,0.0,0.0,0.0,0.0,0.0,0.0,14791.22,6655.0,2.222572501878287,0.0,0.0,0.0,1017.41,686.53,0.0
real_ramya_user,2024-08-26,0.0,0.0,0.0,0.0,0.0,0,26,8,0,5,417.22857142857146,727.659,777.7142857142857,0.0,0.0,0.0,0.0,0.0,0.0,0.0,0.0,0.0,0.0,0.0,0.0,0.0,14791.22,6655.0,2.222572501878287,0.0,0.0,0.0,0.0,0.0,0.0
real_ramya_user,2024-08-27,2933.67,0.0,0.0,0.0,0.0,1,27,8,0,4,836.3242857142858,788.5056666666667,777.7142857142857,0.0,0.0,0.0,0.0,0.0,0.0,0.0,0.0,0.0,1542.23,0.0,0.0,0.0,17724.89,6655.0,2.6633944402704732,0.0,0.0,0.0,0.0,1391.44,0.0
real_ramya_user,2024-08-28,3606.48,0.0,0.0,0.0,0.0,2,28,8,0,3,1351.5357142857142,790.5793333333334,777.7142857142857,0.0,0.0,0.0,969.12,0.0,0.0,0.0,0.0,0.0,1366.37,0.0,0.0,0.0,21331.37,6655.0,3.2053148009015775,0.0,0.0,0.0,1270.99,0.0,0.0
real_ramya_user,2024-08-29,0.0,0.0,0.0,0.0,0.0,3,29,8,0,2,1177.7271428571428,711.0456666666666,777.7142857142857,0.0,0.0,0.0,0.0,0.0,0.0,0.0,0.0,0.0,0.0,0.0,0.0,0.0,21331.37,6655.0,3.2053148009015775,0.0,0.0,0.0,0.0,0.0,0.0
real_ramya_user,2024-08-30,1602.32,0.0,0.0,0.0,0.0,4,30,8,0,1,1406.6299999999999,764.4563333333333,700.8571428571429,0.0,0.0,0.0,0.0,0.0,0.0,0.0,0.0,0.0,0.0,0.0,0.0,0.0,22933.69,6655.0,3.4460841472577006,1602.32,0.0,0.0,0.0,0.0,0.0
real_ramya_user,2024-08-31,0.0,0.0,0.0,0.0,0.0,5,31,8,1,0,1406.6299999999999,716.065,700.8571428571429,0.0,0.0,0.0,0.0,0.0,0.0,0.0,0.0,0.0,0.0,0.0,0.0,0.0,22933.69,6655.0,3.4460841472577006,0.0,0.0,0.0,0.0,0.0,0.0
real_ramya_user,2024-09-01,1037.84,0.0,0.0,0.0,0.0,6,1,9,1,29,1311.472857142857,646.5343333333333,0.0,0.0,0.0,0.0,0.0,0.0,0.0,0.0,0.0,0.0,0.0,0.0,0.0,0.0,1037.84,0.0,0.0,0.0,1037.84,0.0,0.0,0.0,0.0
real_ramya_user,2024-09-02,0.0,2533.0,0.0,0.0,0.0,0,2,9,0,28,1311.472857142857,603.831,361.85714285714283,0.0,0.0,0.0,0.0,0.0,0.0,0.0,0.0,0.0,0.0,0.0,0.0,0.0,1037.84,2533.0,0.40972759573628104,0.0,0.0,0.0,0.0,0.0,0.0
real_ramya_user,2024-09-03,0.0,0.0,0.0,0.0,0.0,1,3,9,0,27,892.3771428571428,603.831,361.85714285714283,0.0,0.0,0.0,0.0,0.0,0.0,0.0,0.0,0.0,0.0,0.0,0.0,0.0,1037.84,2533.0,0.40972759573628104,0.0,0.0,0.0,0.0,0.0,0.0
real_ramya_user,2024-09-04,0.0,0.0,0.0,0.0,0.0,2,4,9,0,26,377.1657142857143,603.831,361.85714285714283,0.0,0.0,0.0,0.0,0.0,0.0,0.0,0.0,0.0,0.0,0.0,0.0,0.0,1037.84,2533.0,0.40972759573628104,0.0,0.0,0.0,0.0,0.0,0.0
real_ramya_user,2024-09-05,2837.96,3396.0,0.0,0.0,0.0,3,5,9,0,25,782.5885714285714,698.4296666666667,847.0,0.0,0.0,0.0,0.0,0.0,0.0,0.0,0.0,0.0,0.0,0.0,0.0,0.0,3875.8,5929.0,0.6537021420138304,0.0,0.0,1113.56,1350.66,373.74,0.0
real_ramya_user,2024-09-06,1003.01,0.0,0.0,0.0,0.0,4,6,9,0,24,696.9728571428572,731.8633333333333,847.0,0.0,0.0,0.0,0.0,0.0,0.0,0.0,0.0,0.0,0.0,0.0,0.0,0.0,4878.81,5929.0,0.8228723224827121,1003.01,0.0,0.0,0.0,0.0,0.0
real_ramya_user,2024-09-07,0.0,2674.0,0.0,0.0,0.0,5,7,9,1,23,696.9728571428572,690.7223333333334,1229.0,0.0,0.0,0.0,0.0,0.0,0.0,0.0,0.0,0.0,0.0,0.0,0.0,0.0,4878.81,8603.0,0.5671056608159945,0.0,0.0,0.0,0.0,0.0,0.0
real_ramya_user,2024-09-08,1671.53,0.0,0.0,0.0,0.0,6,8,9,1,22,787.5,730.236,1229.0,0.0,0.0,0.0,0.0,0.0,0.0,0.0,0.0,0.0,0.0,0.0,0.0,0.0,6550.34,8603.0,0.7614018365686389,1671.53,0.0,0.0,0.0,0.0,0.0
real_ramya_user,2024-09-09,0.0,0.0,0.0,0.0,0.0,0,9,9,0,21,787.5,730.236,867.1428571428571,0.0,0.0,0.0,0.0,0.0,0.0,0.0,0.0,0.0,0.0,0.0,0.0,0.0,6550.34,8603.0,0.7614018365686389,0.0,0.0,0.0,0.0,0.0,0.0
real_ramya_user,2024-09-10,320.43,0.0,0.0,0.0,0.0,1,10,9,0,20,833.2757142857143,740.9169999999999,867.1428571428571,0.0,0.0,0.0,0.0,0.0,0.0,0.0,0.0,0.0,0.0,0.0,0.0,0.0,6870.77,8603.0,0.798648145995583,0.0,320.43,0.0,0.0,0.0,0.0
real_ramya_user,2024-09-11,0.0,0.0,0.0,0.0,0.0,2,11,9,0,19,833.2757142857143,740.9169999999999,867.1428571428571,0.0,0.0,0.0,0.0,0.0,0.0,0.0,0.0,0.0,0.0,0.0,0.0,0.0,6870.77,8603.0,0.798648145995583,0.0,0.0,0.0,0.0,0.0,0.0
real_ramya_user,2024-09-12,0.0,0.0,0.0,0.0,0.0,3,12,9,0,18,427.8528571428571,740.9169999999999,382.0,0.0,0.0,0.0,0.0,0.0,0.0,0.0,0.0,0.0,0.0,0.0,0.0,0.0,6870.77,8603.0,0.798648145995583,0.0,0.0,0.0,0.0,0.0,0.0
real_ramya_user,2024-09-13,0.0,4535.0,0.0,0.0,0.0,4,13,9,0,17,284.5657142857143,621.1773333333333,1029.857142857143,0.0,0.0,0.0,0.0,0.0,0.0,0.0,0.0,0.0,0.0,0.0,0.0,0.0,6870.77,13138.0,0.5229692495052519,0.0,0.0,0.0,0.0,0.0,0.0
real_ramya_user,2024-09-14,0.0,0.0,0.0,0.0,0.0,5,14,9,1,16,284.5657142857143,597.7946666666667,647.8571428571429,0.0,0.0,0.0,0.0,0.0,0.0,0.0,0.0,0.0,0.0,0.0,0.0,0.0,6870.77,13138.0,0.5229692495052519,0.0,0.0,0.0,0.0,0.0,0.0
real_ramya_user,2024-09-15,1697.54,0.0,0.0,0.0,0.0,6,15,9,1,15,288.2814285714286,654.3793333333334,647.8571428571429,0.0,0.0,0.0,1697.54,0.0,0.0,0.0,0.0,0.0,0.0,0.0,0.0,0.0,8568.31,13138.0,0.6521776526107474,0.0,0.0,0.0,0.0,0.0,0.0
real_ramya_user,2024-09-16,989.76,0.0,0.0,0.0,0.0,0,16,9,0,14,429.67571428571426,687.3713333333333,647.8571428571429,0.0,0.0,0.0,0.0,0.0,0.0,0.0,0.0,0.0,0.0,0.0,0.0,0.0,9558.07,13138.0,0.7275133201400518,0.0,989.76,0.0,0.0,0.0,0.0
real_ramya_user,2024-09-17,1906.23,0.0,0.0,0.0,0.0,1,17,9,0,13,656.2185714285715,750.9123333333333,647.8571428571429,0.0,0.0,0.0,0.0,0.0,0.0,0.0,0.0,0.0,0.0,0.0,0.0,0.0,11464.3,13138.0,0.872606180544984,0.0,0.0,0.0,0.0,1788.48,117.75
real_ramya_user,2024-09-18,1879.91,0.0,0.0,0.0,0.0,2,18,9,0,12,924.777142857143,813.5759999999999,647.8571428571429,0.0,0.0,0.0,0.0,0.0,0.0,0.0,0.0,0.0,1879.91,0.0,0.0,0.0,13344.210000000001,13138.0,1.015695691886132,0.0,0.0,0.0,0.0,0.0,0.0
real_ramya_user,2024-09-19,0.0,0.0,0.0,0.0,0.0,3,19,9,0,11,924.777142857143,813.5759999999999,647.8571428571429,0.0,0.0,0.0,0.0,0.0,0.0,0.0,0.0,0.0,0.0,0.0,0.0,0.0,13344.210000000001,13138.0,1.015695691886132,0.0,0.0,0.0,0.0,0.0,0.0
real_ramya_user,2024-09-20,0.0,0.0,0.0,0.0,0.0,4,20,9,0,10,924.777142857143,813.5759999999999,0.0,0.0,0.0,0.0,0.0,0.0,0.0,0.0,0.0,0.0,0.0,0.0,0.0,0.0,13344.210000000001,13138.0,1.015695691886132,0.0,0.0,0.0,0.0,0.0,0.0
real_ramya_user,2024-09-21,0.0,3725.0,0.0,0.0,0.0,5,21,9,1,9,924.777142857143,773.0206666666667,532.1428571428571,0.0,0.0,0.0,0.0,0.0,0.0,0.0,0.0,0.0,0.0,0.0,0.0,0.0,13344.210000000001,16863.0,0.7913307240704501,0.0,0.0,0.0,0.0,0.0,0.0
real_ramya_user,2024-09-22,919.82,0.0,0.0,0.0,0.0,6,22,9,1,8,813.6742857142857,803.6813333333334,532.1428571428571,0.0,0.0,0.0,0.0,0.0,0.0,0.0,0.0,0.0,0.0,0.0,0.0,0.0,14264.03,16863.0,0.8458773646444879,0.0,0.0,0.0,0.0,0.0,919.82
real_ramya_user,2024-09-23,0.0,3085.0,0.0,0.0,0.0,0,23,9,0,7,672.28,803.6813333333334,972.8571428571429,0.0,0.0,0.0,0.0,0.0,0.0,0.0,0.0,0.0,0.0,0.0,0.0,0.0,14264.03,19948.0,0.7150606577100461,0.0,0.0,0.0,0.0,0.0,0.0
real_ramya_user,2024-09-24,1351.47,0.0,0.0,0.0,0.0,1,24,9,0,6,593.0285714285716,791.9323333333334,972.8571428571429,0.0,0.0,0.0,1351.47,0.0,0.0,0.0,0.0,0.0,0.0,0.0,0.0,0.0,15615.5,19948.0,0.7828103067976739,0.0,0.0,0.0,0.0,0.0,0.0
real_ramya_user,2024-09-25,657.62,0.0,0.0,0.0,0.0,2,25,9,0,5,418.41571428571433,813.8530000000002,972.8571428571429,0.0,0.0,0.0,0.0,0.0,0.0,0.0,0.0,0.0,0.0,0.0,0.0,0.0,16273.12,19948.0,0.815777020252657,0.0,0.0,657.62,0.0,0.0,0.0
real_ramya_user,2024-09-26,1330.41,0.0,0.0,0.0,0.0,3,26,9,0,4,608.4742857142857,760.4110000000001,972.8571428571429,0.0,0.0,0.0,0.0,0.0,0.0,0.0,0.0,0.0,0.0,0.0,0.0,0.0,17603.53,19948.0,0.8824709244034489,0.0,0.0,0.0,0.0,1330.41,0.0
real_ramya_user,2024-09-27,1780.41,0.0,0.0,0.0,0.0,4,27,9,0,3,862.8185714285715,699.542,972.8571428571429,0.0,0.0,0.0,0.0,0.0,0.0,0.0,0.0,0.0,0.0,0.0,0.0,0.0,19383.940000000002,19948.0,0.971723481050732,0.0,375.99,0.0,1404.42,0.0,0.0
real_ramya_user,2024-09-28,0.0,0.0,0.0,0.0,0.0,5,28,9,1,2,862.8185714285715,699.542,440.7142857142857,0.0,0.0,0.0,0.0,0.0,0.0,0.0,0.0,0.0,0.0,0.0,0.0,0.0,19383.940000000002,19948.0,0.971723481050732,0.0,0.0,0.0,0.0,0.0,0.0
real_ramya_user,2024-09-29,0.0,0.0,0.0,0.0,0.0,6,29,9,1,1,731.4157142857144,646.1313333333334,440.7142857142857,0.0,0.0,0.0,0.0,0.0,0.0,0.0,0.0,0.0,0.0,0.0,0.0,0.0,19383.940000000002,19948.0,0.971723481050732,0.0,0.0,0.0,0.0,0.0,0.0
real_ramya_user,2024-09-30,0.0,0.0,0.0,0.0,0.0,0,30,9,0,0,731.4157142857144,646.1313333333334,0.0,0.0,0.0,0.0,0.0,0.0,0.0,0.0,0.0,0.0,0.0,0.0,0.0,0.0,19383.940000000002,19948.0,0.971723481050732,0.0,0.0,0.0,0.0,0.0,0.0
real_ramya_user,2024-10-01,566.46,2372.0,0.0,0.0,0.0,1,1,10,0,30,619.2714285714286,630.4186666666667,338.85714285714283,0.0,0.0,0.0,0.0,0.0,0.0,0.0,0.0,0.0,0.0,0.0,0.0,0.0,566.46,2372.0,0.23881112984822936,0.0,0.0,0.0,566.46,0.0,0.0
real_ramya_user,2024-10-02,2010.3000000000002,0.0,0.0,0.0,0.0,2,2,10,0,29,812.5114285714287,697.4286666666667,338.85714285714283,0.0,0.0,0.0,0.0,0.0,0.0,0.0,0.0,0.0,0.0,0.0,0.0,0.0,2576.76,2372.0,1.0863237774030354,0.0,0.0,0.0,400.17,1610.13,0.0
real_ramya_user,2024-10-03,951.24,0.0,0.0,0.0,0.0,3,3,10,0,28,758.3442857142857,729.1366666666668,338.85714285714283,0.0,0.0,0.0,0.0,0.0,0.0,0.0,0.0,0.0,0.0,0.0,0.0,0.0,3528.0,2372.0,1.4873524451939293,0.0,0.0,0.0,0.0,0.0,951.24
real_ramya_user,2024-10-04,0.0,9078.0,0.0,0.0,0.0,4,4,10,0,27,504.0,729.1366666666668,1635.7142857142858,0.0,0.0,0.0,0.0,0.0,0.0,0.0,0.0,0.0,0.0,0.0,0.0,0.0,3528.0,11450.0,0.3081222707423581,0.0,0.0,0.0,0.0,0.0,0.0
real_ramya_user,2024-10-05,0.0,0.0,0.0,0.0,0.0,5,5,10,1,26,504.0,634.5380000000001,1635.7142857142858,0.0,0.0,0.0,0.0,0.0,0.0,0.0,0.0,0.0,0.0,0.0,0.0,0.0,3528.0,11450.0,0.3081222707423581,0.0,0.0,0.0,0.0,0.0,0.0
real_ramya_user,2024-10-06,0.0,0.0,0.0,0.0,0.0,6,6,10,1,25,504.0,601.1043333333333,1635.7142857142858,0.0,0.0,0.0,0.0,0.0,0.0,0.0,0.0,0.0,0.0,0.0,0.0,0.0,3528.0,11450.0,0.3081222707423581,0.0,0.0,0.0,0.0,0.0,0.0
real_ramya_user,2024-10-07,802.82,0.0,0.0,0.0,0.0,0,7,10,0,24,618.6885714285714,627.865,1635.7142857142858,0.0,0.0,0.0,802.82,0.0,0.0,0.0,0.0,0.0,0.0,0.0,0.0,0.0,4330.820000000001,11450.0,0.3782375545851529,0.0,0.0,0.0,0.0,0.0,0.0
real_ramya_user,2024-10-08,438.78,0.0,0.0,0.0,0.0,1,8,10,0,23,600.4485714285714,586.7733333333333,1296.857142857143,0.0,0.0,0.0,438.78,0.0,0.0,0.0,0.0,0.0,0.0,0.0,0.0,0.0,4769.6,11450.0,0.41655895196506554,0.0,0.0,0.0,0.0,0.0,0.0
real_ramya_user,2024-10-09,905.21,0.0,0.0,0.0,0.0,2,9,10,0,22,442.57857142857137,616.947,1296.857142857143,0.0,0.0,0.0,0.0,0.0,0.0,0.0,0.0,0.0,0.0,0.0,0.0,0.0,5674.81,11450.0,0.4956165938864629,0.0,0.0,905.21,0.0,0.0,0.0
real_ramya_user,2024-10-10,1421.85,0.0,0.0,0.0,0.0,3,10,10,0,21,509.8085714285714,653.6610000000001,1296.857142857143,0.0,0.0,0.0,0.0,0.0,0.0,0.0,0.0,0.0,0.0,0.0,0.0,0.0,7096.66,11450.0,0.6197956331877729,0.0,727.01,0.0,0.0,694.84,0.0
real_ramya_user,2024-10-11,1736.06,0.0,0.0,0.0,0.0,4,11,10,0,20,757.8171428571428,711.5296666666667,0.0,0.0,0.0,0.0,0.0,0.0,0.0,0.0,0.0,0.0,0.0,0.0,0.0,0.0,8832.720000000001,11450.0,0.771416593886463,0.0,1736.06,0.0,0.0,0.0,0.0
real_ramya_user,2024-10-12,1157.94,0.0,0.0,0.0,0.0,5,12,10,1,19,923.2371428571429,750.1276666666668,0.0,0.0,0.0,0.0,0.0,0.0,0.0,0.0,0.0,0.0,0.0,0.0,0.0,0.0,9990.66,11450.0,0.8725467248908296,1157.94,0.0,0.0,0.0,0.0,0.0
real_ramya_user,2024-10-13,0.0,0.0,0.0,0.0,0.0,6,13,10,1,18,923.2371428571429,750.1276666666668,0.0,0.0,0.0,0.0,0.0,0.0,0.0,0.0,0.0,0.0,0.0,0.0,0.0,0.0,9990.66,11450.0,0.8725467248908296,0.0,0.0,0.0,0.0,0.0,0.0
real_ramya_user,2024-10-14,0.0,0.0,0.0,0.0,0.0,0,14,10,0,17,808.5485714285714,750.1276666666668,0.0,0.0,0.0,0.0,0.0,0.0,0.0,0.0,0.0,0.0,0.0,0.0,0.0,0.0,9990.66,11450.0,0.8725467248908296,0.0,0.0,0.0,0.0,0.0,0.0
real_ramya_user,2024-10-15,1958.95,0.0,0.0,0.0,0.0,1,15,10,0,16,1025.7157142857143,758.8413333333334,0.0,0.0,0.0,0.0,0.0,0.0,0.0,0.0,0.0,0.0,0.0,0.0,0.0,0.0,11949.61,11450.0,1.0436340611353712,0.0,0.0,0.0,0.0,0.0,1958.95
real_ramya_user,2024-10-16,0.0,0.0,0.0,0.0,0.0,2,16,10,0,15,896.3999999999999,725.8493333333334,0.0,0.0,0.0,0.0,0.0,0.0,0.0,0.0,0.0,0.0,0.0,0.0,0.0,0.0,11949.61,11450.0,1.0436340611353712,0.0,0.0,0.0,0.0,0.0,0.0
real_ramya_user,2024-10-17,3130.02,0.0,0.0,0.0,0.0,3,17,10,0,14,1140.4242857142858,766.6423333333335,0.0,0.0,0.0,0.0,0.0,0.0,0.0,0.0,0.0,0.0,1780.37,0.0,0.0,0.0,15079.630000000001,11450.0,1.3169982532751092,0.0,1349.65,0.0,0.0,0.0,0.0
real_ramya_user,2024-10-18,932.87,0.0,0.0,0.0,0.0,4,18,10,0,13,1025.682857142857,735.0743333333335,0.0,0.0,0.0,0.0,0.0,0.0,0.0,0.0,0.0,0.0,0.0,0.0,0.0,0.0,16012.5,11450.0,1.398471615720524,0.0,0.0,0.0,0.0,932.87,0.0
real_ramya_user,2024-10-19,2550.99,0.0,0.0,0.0,0.0,5,19,10,1,12,1224.69,820.1073333333334,0.0,0.0,0.0,0.0,0.0,0.0,0.0,0.0,0.0,0.0,0.0,0.0,0.0,0.0,18563.489999999998,11450.0,1.621265502183406,0.0,0.0,0.0,1266.23,0.0,1284.76
real_ramya_user,2024-10-20,0.0,0.0,0.0,0.0,0.0,6,20,10,1,11,1224.69,820.1073333333334,0.0,0.0,0.0,0.0,0.0,0.0,0.0,0.0,0.0,0.0,0.0,0.0,0.0,0.0,18563.489999999998,11450.0,1.621265502183406,0.0,0.0,0.0,0.0,0.0,0.0
real_ramya_user,2024-10-21,2022.7400000000002,0.0,0.0,0.0,0.0,0,21,10,0,10,1513.652857142857,887.532,0.0,0.0,0.0,0.0,0.0,0.0,0.0,0.0,0.0,0.0,0.0,0.0,0.0,0.0,20586.23,11450.0,1.7979240174672488,0.0,640.59,167.43,0.0,1214.72,0.0
real_ramya_user,2024-10-22,0.0,0.0,0.0,0.0,0.0,1,22,10,0,9,1233.802857142857,856.8713333333333,0.0,0.0,0.0,0.0,0.0,0.0,0.0,0.0,0.0,0.0,0.0,0.0,0.0,0.0,20586.23,11450.0,1.7979240174672488,0.0,0.0,0.0,0.0,0.0,0.0
real_ramya_user,2024-10-23,1564.14,0.0,0.0,0.0,0.0,2,23,10,0,8,1457.2514285714285,909.0093333333333,0.0,0.0,0.0,0.0,0.0,0.0,0.0,0.0,0.0,0.0,1564.14,0.0,0.0,0.0,22150.37,11450.0,1.9345301310043668,0.0,0.0,0.0,0.0,0.0,0.0
real_ramya_user,2024-10-24,833.84,0.0,0.0,0.0,0.0,3,24,10,0,7,1129.2257142857143,891.755,0.0,0.0,0.0,0.0,0.0,0.0,0.0,0.0,0.0,0.0,833.84,0.0,0.0,0.0,22984.21,11450.0,2.0073545851528385,0.0,0.0,0.0,0.0,0.0,0.0
real_ramya_user,2024-10-25,0.0,0.0,0.0,0.0,0.0,4,25,10,0,6,995.9585714285714,869.8343333333333,0.0,0.0,0.0,0.0,0.0,0.0,0.0,0.0,0.0,0.0,0.0,0.0,0.0,0.0,22984.21,11450.0,2.0073545851528385,0.0,0.0,0.0,0.0,0.0,0.0
real_ramya_user,2024-10-26,0.0,0.0,0.0,0.0,0.0,5,26,10,1,5,631.5314285714286,825.4873333333333,0.0,0.0,0.0,0.0,0.0,0.0,0.0,0.0,0.0,0.0,0.0,0.0,0.0,0.0,22984.21,11450.0,2.0073545851528385,0.0,0.0,0.0,0.0,0.0,0.0
real_ramya_user,2024-10-27,0.0,0.0,0.0,0.0,0.0,6,27,10,1,4,631.5314285714286,766.1403333333333,0.0,0.0,0.0,0.0,0.0,0.0,0.0,0.0,0.0,0.0,0.0,0.0,0.0,0.0,22984.21,11450.0,2.0073545851528385,0.0,0.0,0.0,0.0,0.0,0.0
real_ramya_user,2024-10-28,0.0,1524.0,0.0,0.0,0.0,0,28,10,0,3,342.56857142857143,766.1403333333333,217.71428571428572,0.0,0.0,0.0,0.0,0.0,0.0,0.0,0.0,0.0,0.0,0.0,0.0,0.0,22984.21,12974.0,1.7715592723909357,0.0,0.0,0.0,0.0,0.0,0.0
real_ramya_user,2024-10-29,0.0,0.0,0.0,0.0,0.0,1,29,10,0,2,342.56857142857143,766.1403333333333,217.71428571428572,0.0,0.0,0.0,0.0,0.0,0.0,0.0,0.0,0.0,0.0,0.0,0.0,0.0,22984.21,12974.0,1.7715592723909357,0.0,0.0,0.0,0.0,0.0,0.0
real_ramya_user,2024-10-30,0.0,0.0,0.0,0.0,0.0,2,30,10,0,1,119.12,766.1403333333333,217.71428571428572,0.0,0.0,0.0,0.0,0.0,0.0,0.0,0.0,0.0,0.0,0.0,0.0,0.0,22984.21,12974.0,1.7715592723909357,0.0,0.0,0.0,0.0,0.0,0.0
real_ramya_user,2024-10-31,0.0,0.0,0.0,0.0,0.0,3,31,10,0,0,0.0,747.2583333333333,217.71428571428572,0.0,0.0,0.0,0.0,0.0,0.0,0.0,0.0,0.0,0.0,0.0,0.0,0.0,22984.21,12974.0,1.7715592723909357,0.0,0.0,0.0,0.0,0.0,0.0
real_ramya_user,2024-11-01,1881.47,0.0,0.0,0.0,0.0,4,1,11,0,29,268.7814285714286,742.964,217.71428571428572,0.0,0.0,0.0,0.0,0.0,0.0,0.0,0.0,0.0,0.0,0.0,0.0,0.0,1881.47,0.0,0.0,0.0,0.0,0.0,0.0,1881.47,0.0
real_ramya_user,2024-11-02,429.04,0.0,0.0,0.0,0.0,5,2,11,1,28,330.0728571428572,725.5573333333334,217.71428571428572,0.0,0.0,0.0,0.0,0.0,0.0,0.0,0.0,0.0,0.0,0.0,0.0,0.0,2310.51,0.0,0.0,0.0,0.0,429.04,0.0,0.0,0.0
real_ramya_user,2024-11-03,199.42,0.0,0.0,0.0,0.0,6,3,11,1,27,358.56142857142856,732.2046666666666,217.71428571428572,0.0,0.0,0.0,62.47,0.0,0.0,0.0,0.0,0.0,0.0,0.0,0.0,0.0,2509.93,0.0,0.0,0.0,0.0,136.95,0.0,0.0,0.0
real_ramya_user,2024-11-04,0.0,0.0,0.0,0.0,0.0,0,4,11,0,26,358.56142857142856,732.2046666666666,0.0,0.0,0.0,0.0,0.0,0.0,0.0,0.0,0.0,0.0,0.0,0.0,0.0,0.0,2509.93,0.0,0.0,0.0,0.0,0.0,0.0,0.0,0.0
real_ramya_user,2024-11-05,0.0,0.0,0.0,0.0,0.0,1,5,11,0,25,358.56142857142856,732.2046666666666,0.0,0.0,0.0,0.0,0.0,0.0,0.0,0.0,0.0,0.0,0.0,0.0,0.0,0.0,2509.93,0.0,0.0,0.0,0.0,0.0,0.0,0.0,0.0
real_ramya_user,2024-11-06,0.0,0.0,0.0,0.0,0.0,2,6,11,0,24,358.56142857142856,705.444,0.0,0.0,0.0,0.0,0.0,0.0,0.0,0.0,0.0,0.0,0.0,0.0,0.0,0.0,2509.93,0.0,0.0,0.0,0.0,0.0,0.0,0.0,0.0
real_ramya_user,2024-11-07,0.0,0.0,0.0,0.0,0.0,3,7,11,0,23,358.56142857142856,690.818,0.0,0.0,0.0,0.0,0.0,0.0,0.0,0.0,0.0,0.0,0.0,0.0,0.0,0.0,2509.93,0.0,0.0,0.0,0.0,0.0,0.0,0.0,0.0
real_ramya_user,2024-11-08,0.0,0.0,0.0,0.0,0.0,4,8,11,0,22,89.78,660.6443333333334,0.0,0.0,0.0,0.0,0.0,0.0,0.0,0.0,0.0,0.0,0.0,0.0,0.0,0.0,2509.93,0.0,0.0,0.0,0.0,0.0,0.0,0.0,0.0
real_ramya_user,2024-11-09,0.0,0.0,0.0,0.0,0.0,5,9,11,1,21,28.488571428571426,613.2493333333333,0.0,0.0,0.0,0.0,0.0,0.0,0.0,0.0,0.0,0.0,0.0,0.0,0.0,0.0,2509.93,0.0,0.0,0.0,0.0,0.0,0.0,0.0,0.0
real_ramya_user,2024-11-10,0.0,0.0,0.0,0.0,0.0,6,10,11,1,20,0.0,555.3806666666667,0.0,0.0,0.0,0.0,0.0,0.0,0.0,0.0,0.0,0.0,0.0,0.0,0.0,0.0,2509.93,0.0,0.0,0.0,0.0,0.0,0.0,0.0,0.0
real_ramya_user,2024-11-11,1529.9399999999998,0.0,0.0,0.0,0.0,0,11,11,0,19,218.56285714285713,567.7806666666667,0.0,0.0,0.0,0.0,0.0,0.0,0.0,0.0,0.0,0.0,0.0,0.0,0.0,0.0,4039.87,0.0,0.0,0.0,0.0,1529.9399999999998,0.0,0.0,0.0
real_ramya_user,2024-11-12,466.42,0.0,0.0,0.0,0.0,1,12,11,0,18,285.1942857142857,583.328,0.0,0.0,0.0,0.0,0.0,0.0,0.0,0.0,0.0,0.0,0.0,0.0,0.0,0.0,4506.29,0.0,0.0,0.0,0.0,0.0,0.0,466.42,0.0
real_ramya_user,2024-11-13,3206.91,3898.0,0.0,0.0,0.0,2,13,11,0,17,743.3242857142857,690.225,556.8571428571429,0.0,0.0,0.0,0.0,0.0,0.0,0.0,0.0,0.0,3206.91,0.0,0.0,0.0,7713.2,3898.0,1.9787583376090303,0.0,0.0,0.0,0.0,0.0,0.0
real_ramya_user,2024-11-14,1101.61,4240.0,0.0,0.0,0.0,3,14,11,0,16,900.6971428571427,661.647,1162.5714285714287,0.0,0.0,0.0,0.0,0.0,0.0,0.0,0.0,0.0,0.0,0.0,0.0,0.0,8814.81,8138.0,1.0831666257065617,0.0,0.0,0.0,0.0,1101.61,0.0
real_ramya_user,2024-11-15,0.0,0.0,0.0,0.0,0.0,4,15,11,0,15,900.6971428571427,661.647,1162.5714285714287,0.0,0.0,0.0,0.0,0.0,0.0,0.0,0.0,0.0,0.0,0.0,0.0,0.0,8814.81,8138.0,1.0831666257065617,0.0,0.0,0.0,0.0,0.0,0.0
real_ramya_user,2024-11-16,1051.69,0.0,0.0,0.0,0.0,5,16,11,1,14,1050.9385714285713,592.3693333333333,1162.5714285714287,0.0,0.0,0.0,0.0,0.0,0.0,0.0,0.0,0.0,0.0,0.0,0.0,0.0,9866.5,8138.0,1.2123986237404767,0.0,0.0,0.0,1051.69,0.0,0.0
real_ramya_user,2024-11-17,4260.42,500.0,0.0,0.0,0.0,6,17,11,1,13,1659.57,703.2876666666666,1234.0,0.0,0.0,0.0,0.0,0.0,0.0,0.0,0.0,0.0,0.0,0.0,0.0,0.0,14126.92,8638.0,1.6354387589719843,1611.37,830.29,0.0,0.0,1818.76,0.0
real_ramya_user,2024-11-18,2072.9900000000002,0.0,0.0,0.0,0.0,0,18,11,0,12,1737.1485714285714,687.3543333333333,1234.0,0.0,0.0,0.0,1378.66,0.0,0.0,0.0,0.0,0.0,0.0,0.0,0.0,0.0,16199.91,8638.0,1.8754237091919426,0.0,0.0,0.0,0.0,0.0,694.33
real_ramya_user,2024-11-19,606.22,0.0,0.0,0.0,0.0,1,19,11,0,11,1757.1200000000001,707.5616666666667,1234.0,0.0,0.0,0.0,0.0,0.0,0.0,0.0,0.0,0.0,606.22,0.0,0.0,0.0,16806.13,8638.0,1.9456043065524429,0.0,0.0,0.0,0.0,0.0,0.0
real_ramya_user,2024-11-20,1583.3,0.0,0.0,0.0,0.0,2,20,11,0,10,1525.1757142857143,692.9136666666667,677.1428571428571,0.0,0.0,0.0,0.0,0.0,0.0,0.0,0.0,0.0,0.0,0.0,0.0,0.0,18389.43,8638.0,2.128899050706182,0.0,385.26,0.0,0.0,1198.04,0.0
real_ramya_user,2024-11-21,0.0,0.0,0.0,0.0,0.0,3,21,11,0,9,1367.8028571428572,692.9136666666667,71.42857142857143,0.0,0.0,0.0,0.0,0.0,0.0,0.0,0.0,0.0,0.0,0.0,0.0,0.0,18389.43,8638.0,2.128899050706182,0.0,0.0,0.0,0.0,0.0,0.0
real_ramya_user,2024-11-22,795.56,0.0,0.0,0.0,0.0,4,22,11,0,8,1481.4542857142858,667.2943333333334,71.42857142857143,0.0,0.0,0.0,0.0,0.0,0.0,0.0,0.0,0.0,0.0,0.0,0.0,0.0,19184.99,8638.0,2.22099907385969,0.0,0.0,0.0,795.56,0.0,0.0
real_ramya_user,2024-11-23,0.0,3599.0,0.0,0.0,0.0,5,23,11,1,7,1331.212857142857,639.4996666666667,585.5714285714286,0.0,0.0,0.0,0.0,0.0,0.0,0.0,0.0,0.0,0.0,0.0,0.0,0.0,19184.99,12237.0,1.5677854049195066,0.0,0.0,0.0,0.0,0.0,0.0
real_ramya_user,2024-11-24,2258.45,0.0,0.0,0.0,0.0,6,24,11,1,6,1045.217142857143,714.7813333333332,514.1428571428571,0.0,0.0,0.0,0.0,0.0,0.0,0.0,0.0,0.0,0.0,0.0,0.0,0.0,21443.44,12237.0,1.7523445288877992,0.0,0.0,850.26,0.0,1408.19,0.0
real_ramya_user,2024-11-25,665.5799999999999,4209.0,0.0,0.0,0.0,0,25,11,0,5,844.1585714285715,736.9673333333334,1115.4285714285713,0.0,0.0,0.0,0.0,0.0,0.0,0.0,0.0,0.0,383.7,0.0,0.0,0.0,22109.02,16446.0,1.344340265110057,0.0,0.0,0.0,0.0,0.0,281.88
real_ramya_user,2024-11-26,0.0,4882.0,0.0,0.0,0.0,1,26,11,0,4,757.5557142857142,736.9673333333334,1812.857142857143,0.0,0.0,0.0,0.0,0.0,0.0,0.0,0.0,0.0,0.0,0.0,0.0,0.0,22109.02,21328.0,1.0366194673668416,0.0,0.0,0.0,0.0,0.0,0.0
real_ramya_user,2024-11-27,0.0,0.0,0.0,0.0,0.0,2,27,11,0,3,531.37,736.9673333333334,1812.857142857143,0.0,0.0,0.0,0.0,0.0,0.0,0.0,0.0,0.0,0.0,0.0,0.0,0.0,22109.02,21328.0,1.0366194673668416,0.0,0.0,0.0,0.0,0.0,0.0
real_ramya_user,2024-11-28,0.0,0.0,0.0,0.0,0.0,3,28,11,0,2,531.37,736.9673333333334,1812.857142857143,0.0,0.0,0.0,0.0,0.0,0.0,0.0,0.0,0.0,0.0,0.0,0.0,0.0,22109.02,21328.0,1.0366194673668416,0.0,0.0,0.0,0.0,0.0,0.0
real_ramya_user,2024-11-29,0.0,2811.0,0.0,0.0,0.0,4,29,11,0,1,417.7185714285714,736.9673333333334,2214.4285714285716,0.0,0.0,0.0,0.0,0.0,0.0,0.0,0.0,0.0,0.0,0.0,0.0,0.0,22109.02,24139.0,0.9159045527983761,0.0,0.0,0.0,0.0,0.0,0.0
real_ramya_user,2024-11-30,1456.94,0.0,0.0,0.0,0.0,5,30,11,1,0,625.852857142857,785.5319999999999,1700.2857142857142,0.0,0.0,0.0,0.0,0.0,0.0,0.0,0.0,0.0,1456.94,0.0,0.0,0.0,23565.96,24139.0,0.9762608227349932,0.0,0.0,0.0,0.0,0.0,0.0
real_ramya_user,2024-12-01,0.0,0.0,0.0,0.0,0.0,6,1,12,1,30,303.21714285714285,722.8163333333333,1700.2857142857142,0.0,0.0,0.0,0.0,0.0,0.0,0.0,0.0,0.0,0.0,0.0,0.0,0.0,0.0,0.0,0.0,0.0,0.0,0.0,0.0,0.0,0.0
real_ramya_user,2024-12-02,39.3,0.0,0.0,0.0,0.0,0,2,12,0,29,213.74857142857144,709.8249999999999,1099.0,0.0,0.0,0.0,0.0,0.0,0.0,0.0,0.0,0.0,0.0,0.0,0.0,0.0,39.3,0.0,0.0,0.0,0.0,0.0,0.0,0.0,39.3
real_ramya_user,2024-12-03,0.0,0.0,0.0,0.0,0.0,1,3,12,0,28,213.74857142857144,703.1776666666666,401.57142857142856,0.0,0.0,0.0,0.0,0.0,0.0,0.0,0.0,0.0,0.0,0.0,0.0,0.0,39.3,0.0,0.0,0.0,0.0,0.0,0.0,0.0,0.0
real_ramya_user,2024-12-04,0.0,0.0,0.0,0.0,0.0,2,4,12,0,27,213.74857142857144,703.1776666666666,401.57142857142856,0.0,0.0,0.0,0.0,0.0,0.0,0.0,0.0,0.0,0.0,0.0,0.0,0.0,39.3,0.0,0.0,0.0,0.0,0.0,0.0,0.0,0.0
real_ramya_user,2024-12-05,630.04,0.0,0.0,0.0,0.0,3,5,12,0,26,303.7542857142857,724.179,401.57142857142856,0.0,0.0,0.0,0.0,0.0,0.0,0.0,0.0,0.0,0.0,0.0,0.0,0.0,669.3399999999999,0.0,0.0,0.0,0.0,0.0,630.04,0.0,0.0
real_ramya_user,2024-12-06,932.73,0.0,0.0,0.0,0.0,4,6,12,0,25,437.0014285714286,755.27,0.0,0.0,0.0,0.0,0.0,0.0,0.0,0.0,0.0,0.0,0.0,0.0,0.0,0.0,1602.07,0.0,0.0,0.0,932.73,0.0,0.0,0.0,0.0
real_ramya_user,2024-12-07,0.0,0.0,0.0,0.0,0.0,5,7,12,1,24,228.86714285714285,755.27,0.0,0.0,0.0,0.0,0.0,0.0,0.0,0.0,0.0,0.0,0.0,0.0,0.0,0.0,1602.07,0.0,0.0,0.0,0.0,0.0,0.0,0.0,0.0
real_ramya_user,2024-12-08,0.0,0.0,0.0,0.0,0.0,6,8,12,1,23,228.86714285714285,755.27,0.0,0.0,0.0,0.0,0.0,0.0,0.0,0.0,0.0,0.0,0.0,0.0,0.0,0.0,1602.07,0.0,0.0,0.0,0.0,0.0,0.0,0.0,0.0
real_ramya_user,2024-12-09,169.64,0.0,0.0,0.0,0.0,0,9,12,0,22,247.48714285714283,760.9246666666666,0.0,0.0,0.0,0.0,0.0,0.0,0.0,0.0,0.0,0.0,0.0,0.0,0.0,0.0,1771.71,0.0,0.0,0.0,169.64,0.0,0.0,0.0,0.0
real_ramya_user,2024-12-10,0.0,0.0,0.0,0.0,0.0,1,10,12,0,21,247.48714285714283,760.9246666666666,0.0,0.0,0.0,0.0,0.0,0.0,0.0,0.0,0.0,0.0,0.0,0.0,0.0,0.0,1771.71,0.0,0.0,0.0,0.0,0.0,0.0,0.0,0.0
real_ramya_user,2024-12-11,121.52,0.0,0.0,0.0,0.0,2,11,12,0,20,264.84714285714284,713.9773333333334,0.0,0.0,0.0,0.0,0.0,0.0,0.0,0.0,0.0,0.0,0.0,0.0,0.0,0.0,1893.23,0.0,0.0,0.0,0.0,0.0,0.0,0.0,121.52
real_ramya_user,2024-12-12,1090.95,3625.0,0.0,0.0,0.0,3,12,12,0,19,330.6914285714286,734.795,517.8571428571429,0.0,0.0,0.0,0.0,0.0,0.0,0.0,0.0,0.0,0.0,0.0,0.0,0.0,2984.1800000000003,3625.0,0.8232220689655173,0.0,0.0,1090.95,0.0,0.0,0.0
real_ramya_user,2024-12-13,0.0,0.0,0.0,0.0,0.0,4,13,12,0,18,197.44428571428574,627.8979999999999,517.8571428571429,0.0,0.0,0.0,0.0,0.0,0.0,0.0,0.0,0.0,0.0,0.0,0.0,0.0,2984.1800000000003,3625.0,0.8232220689655173,0.0,0.0,0.0,0.0,0.0,0.0
real_ramya_user,2024-12-14,0.0,0.0,0.0,0.0,0.0,5,14,12,1,17,197.44428571428574,591.1776666666666,517.8571428571429,0.0,0.0,0.0,0.0,0.0,0.0,0.0,0.0,0.0,0.0,0.0,0.0,0.0,2984.1800000000003,3625.0,0.8232220689655173,0.0,0.0,0.0,0.0,0.0,0.0
real_ramya_user,2024-12-15,1949.45,0.0,0.0,0.0,0.0,6,15,12,1,16,475.93714285714293,656.1593333333333,517.8571428571429,0.0,0.0,0.0,0.0,0.0,0.0,0.0,0.0,0.0,0.0,0.0,0.0,0.0,4933.63,3625.0,1.3610013793103448,0.0,0.0,1949.45,0.0,0.0,0.0
real_ramya_user,2024-12-16,1544.74,0.0,0.0,0.0,0.0,0,16,12,0,15,672.38,672.5943333333333,517.8571428571429,0.0,0.0,0.0,0.0,0.0,0.0,0.0,0.0,0.0,0.0,0.0,0.0,0.0,6478.37,3625.0,1.787136551724138,0.0,0.0,0.0,1544.74,0.0,0.0
real_ramya_user,2024-12-17,0.0,0.0,0.0,0.0,0.0,1,17,12,0,14,672.38,530.5803333333333,517.8571428571429,0.0,0.0,0.0,0.0,0.0,0.0,0.0,0.0,0.0,0.0,0.0,0.0,0.0,6478.37,3625.0,1.787136551724138,0.0,0.0,0.0,0.0,0.0,0.0
real_ramya_user,2024-12-18,0.0,0.0,0.0,0.0,0.0,2,18,12,0,13,655.0199999999999,461.48066666666665,517.8571428571429,0.0,0.0,0.0,0.0,0.0,0.0,0.0,0.0,0.0,0.0,0.0,0.0,0.0,6478.37,3625.0,1.787136551724138,0.0,0.0,0.0,0.0,0.0,0.0
real_ramya_user,2024-12-19,1453.44,0.0,0.0,0.0,0.0,3,19,12,0,12,706.8042857142857,489.7213333333333,0.0,0.0,0.0,0.0,406.37,0.0,0.0,0.0,0.0,0.0,0.0,0.0,0.0,0.0,7931.81,3625.0,2.1880855172413796,0.0,0.0,1047.07,0.0,0.0,0.0
real_ramya_user,2024-12-20,0.0,0.0,0.0,0.0,0.0,4,20,12,0,11,706.8042857142857,436.94466666666665,0.0,0.0,0.0,0.0,0.0,0.0,0.0,0.0,0.0,0.0,0.0,0.0,0.0,0.0,7931.81,3625.0,2.1880855172413796,0.0,0.0,0.0,0.0,0.0,0.0
real_ramya_user,2024-12-21,784.35,0.0,0.0,0.0,0.0,5,21,12,1,10,818.8542857142858,463.0896666666667,0.0,0.0,0.0,0.0,0.0,0.0,0.0,0.0,0.0,0.0,784.35,0.0,0.0,0.0,8716.16,3625.0,2.4044579310344827,0.0,0.0,0.0,0.0,0.0,0.0
real_ramya_user,2024-12-22,0.0,0.0,0.0,0.0,0.0,6,22,12,1,9,540.3614285714286,436.571,0.0,0.0,0.0,0.0,0.0,0.0,0.0,0.0,0.0,0.0,0.0,0.0,0.0,0.0,8716.16,3625.0,2.4044579310344827,0.0,0.0,0.0,0.0,0.0,0.0
real_ramya_user,2024-12-23,325.64,0.0,0.0,0.0,0.0,0,23,12,0,8,366.20428571428573,447.4256666666667,0.0,0.0,0.0,0.0,0.0,0.0,0.0,0.0,0.0,0.0,0.0,0.0,0.0,0.0,9041.8,3625.0,2.4942896551724134,0.0,325.64,0.0,0.0,0.0,0.0
real_ramya_user,2024-12-24,0.0,0.0,0.0,0.0,0.0,1,24,12,0,7,366.20428571428573,372.144,0.0,0.0,0.0,0.0,0.0,0.0,0.0,0.0,0.0,0.0,0.0,0.0,0.0,0.0,9041.8,3625.0,2.4942896551724134,0.0,0.0,0.0,0.0,0.0,0.0
real_ramya_user,2024-12-25,0.0,0.0,0.0,0.0,0.0,2,25,12,0,6,366.20428571428573,349.95799999999997,0.0,0.0,0.0,0.0,0.0,0.0,0.0,0.0,0.0,0.0,0.0,0.0,0.0,0.0,9041.8,3625.0,2.4942896551724134,0.0,0.0,0.0,0.0,0.0,0.0
real_ramya_user,2024-12-26,0.0,0.0,0.0,0.0,0.0,3,26,12,0,5,158.57,349.95799999999997,0.0,0.0,0.0,0.0,0.0,0.0,0.0,0.0,0.0,0.0,0.0,0.0,0.0,0.0,9041.8,3625.0,2.4942896551724134,0.0,0.0,0.0,0.0,0.0,0.0
real_ramya_user,2024-12-27,0.0,0.0,0.0,0.0,0.0,4,27,12,0,4,158.57,349.95799999999997,0.0,0.0,0.0,0.0,0.0,0.0,0.0,0.0,0.0,0.0,0.0,0.0,0.0,0.0,9041.8,3625.0,2.4942896551724134,0.0,0.0,0.0,0.0,0.0,0.0
real_ramya_user,2024-12-28,1241.3400000000001,1425.0,0.0,0.0,0.0,5,28,12,1,3,223.8542857142857,391.336,203.57142857142858,0.0,0.0,0.0,0.0,0.0,0.0,0.0,0.0,0.0,0.0,0.0,0.0,0.0,10283.14,5050.0,2.036265346534653,727.25,0.0,514.09,0.0,0.0,0.0
real_ramya_user,2024-12-29,655.78,1480.0,0.0,0.0,0.0,6,29,12,1,2,317.5371428571429,413.19533333333334,415.0,0.0,0.0,0.0,0.0,0.0,0.0,0.0,0.0,0.0,0.0,0.0,0.0,0.0,10938.92,6530.0,1.6751791730474732,0.0,0.0,0.0,655.78,0.0,0.0
